[2025-10-08 03:46:50] local.ERROR: SQLSTATE[08006] [7] connection to server at "127.0.0.1", port 5432 failed: fe_sendauth: no password supplied (Connection: pgsql, SQL: select exists (select 1 from pg_class c, pg_namespace n where n.nspname = current_schema() and c.relname = 'migrations' and c.relkind in ('r', 'p') and n.oid = c.relnamespace)) {"exception":"[object] (Illuminate\\Database\\QueryException(code: 7): SQLSTATE[08006] [7] connection to server at \"127.0.0.1\", port 5432 failed: fe_sendauth: no password supplied (Connection: pgsql, SQL: select exists (select 1 from pg_class c, pg_namespace n where n.nspname = current_schema() and c.relname = 'migrations' and c.relkind in ('r', 'p') and n.oid = c.relnamespace)) at C:\\Web2Proyecto\\proyectolaravel\\example-app\\vendor\\laravel\\framework\\src\\Illuminate\\Database\\Connection.php:824)
[stacktrace]
#0 C:\\Web2Proyecto\\proyectolaravel\\example-app\\vendor\\laravel\\framework\\src\\Illuminate\\Database\\Connection.php(778): Illuminate\\Database\\Connection->runQueryCallback()
#1 C:\\Web2Proyecto\\proyectolaravel\\example-app\\vendor\\laravel\\framework\\src\\Illuminate\\Database\\Connection.php(397): Illuminate\\Database\\Connection->run()
#2 C:\\Web2Proyecto\\proyectolaravel\\example-app\\vendor\\laravel\\framework\\src\\Illuminate\\Database\\Connection.php(343): Illuminate\\Database\\Connection->select()
#3 C:\\Web2Proyecto\\proyectolaravel\\example-app\\vendor\\laravel\\framework\\src\\Illuminate\\Database\\Connection.php(360): Illuminate\\Database\\Connection->selectOne()
#4 C:\\Web2Proyecto\\proyectolaravel\\example-app\\vendor\\laravel\\framework\\src\\Illuminate\\Database\\Schema\\Builder.php(174): Illuminate\\Database\\Connection->scalar()
#5 C:\\Web2Proyecto\\proyectolaravel\\example-app\\vendor\\laravel\\framework\\src\\Illuminate\\Database\\Migrations\\DatabaseMigrationRepository.php(185): Illuminate\\Database\\Schema\\Builder->hasTable()
#6 C:\\Web2Proyecto\\proyectolaravel\\example-app\\vendor\\laravel\\framework\\src\\Illuminate\\Database\\Migrations\\Migrator.php(753): Illuminate\\Database\\Migrations\\DatabaseMigrationRepository->repositoryExists()
#7 C:\\Web2Proyecto\\proyectolaravel\\example-app\\vendor\\laravel\\framework\\src\\Illuminate\\Database\\Console\\Migrations\\MigrateCommand.php(164): Illuminate\\Database\\Migrations\\Migrator->repositoryExists()
#8 C:\\Web2Proyecto\\proyectolaravel\\example-app\\vendor\\laravel\\framework\\src\\Illuminate\\Support\\helpers.php(329): Illuminate\\Database\\Console\\Migrations\\MigrateCommand->{closure:Illuminate\\Database\\Console\\Migrations\\MigrateCommand::repositoryExists():164}()
#9 C:\\Web2Proyecto\\proyectolaravel\\example-app\\vendor\\laravel\\framework\\src\\Illuminate\\Database\\Console\\Migrations\\MigrateCommand.php(164): retry()
#10 C:\\Web2Proyecto\\proyectolaravel\\example-app\\vendor\\laravel\\framework\\src\\Illuminate\\Database\\Console\\Migrations\\MigrateCommand.php(140): Illuminate\\Database\\Console\\Migrations\\MigrateCommand->repositoryExists()
#11 C:\\Web2Proyecto\\proyectolaravel\\example-app\\vendor\\laravel\\framework\\src\\Illuminate\\Database\\Console\\Migrations\\MigrateCommand.php(110): Illuminate\\Database\\Console\\Migrations\\MigrateCommand->prepareDatabase()
#12 C:\\Web2Proyecto\\proyectolaravel\\example-app\\vendor\\laravel\\framework\\src\\Illuminate\\Database\\Migrations\\Migrator.php(666): Illuminate\\Database\\Console\\Migrations\\MigrateCommand->{closure:Illuminate\\Database\\Console\\Migrations\\MigrateCommand::runMigrations():109}()
#13 C:\\Web2Proyecto\\proyectolaravel\\example-app\\vendor\\laravel\\framework\\src\\Illuminate\\Database\\Console\\Migrations\\MigrateCommand.php(109): Illuminate\\Database\\Migrations\\Migrator->usingConnection()
#14 C:\\Web2Proyecto\\proyectolaravel\\example-app\\vendor\\laravel\\framework\\src\\Illuminate\\Database\\Console\\Migrations\\MigrateCommand.php(88): Illuminate\\Database\\Console\\Migrations\\MigrateCommand->runMigrations()
#15 C:\\Web2Proyecto\\proyectolaravel\\example-app\\vendor\\laravel\\framework\\src\\Illuminate\\Container\\BoundMethod.php(36): Illuminate\\Database\\Console\\Migrations\\MigrateCommand->handle()
#16 C:\\Web2Proyecto\\proyectolaravel\\example-app\\vendor\\laravel\\framework\\src\\Illuminate\\Container\\Util.php(43): Illuminate\\Container\\BoundMethod::{closure:Illuminate\\Container\\BoundMethod::call():35}()
#17 C:\\Web2Proyecto\\proyectolaravel\\example-app\\vendor\\laravel\\framework\\src\\Illuminate\\Container\\BoundMethod.php(96): Illuminate\\Container\\Util::unwrapIfClosure()
#18 C:\\Web2Proyecto\\proyectolaravel\\example-app\\vendor\\laravel\\framework\\src\\Illuminate\\Container\\BoundMethod.php(35): Illuminate\\Container\\BoundMethod::callBoundMethod()
#19 C:\\Web2Proyecto\\proyectolaravel\\example-app\\vendor\\laravel\\framework\\src\\Illuminate\\Container\\Container.php(836): Illuminate\\Container\\BoundMethod::call()
#20 C:\\Web2Proyecto\\proyectolaravel\\example-app\\vendor\\laravel\\framework\\src\\Illuminate\\Console\\Command.php(211): Illuminate\\Container\\Container->call()
#21 C:\\Web2Proyecto\\proyectolaravel\\example-app\\vendor\\symfony\\console\\Command\\Command.php(318): Illuminate\\Console\\Command->execute()
#22 C:\\Web2Proyecto\\proyectolaravel\\example-app\\vendor\\laravel\\framework\\src\\Illuminate\\Console\\Command.php(180): Symfony\\Component\\Console\\Command\\Command->run()
#23 C:\\Web2Proyecto\\proyectolaravel\\example-app\\vendor\\symfony\\console\\Application.php(1110): Illuminate\\Console\\Command->run()
#24 C:\\Web2Proyecto\\proyectolaravel\\example-app\\vendor\\symfony\\console\\Application.php(359): Symfony\\Component\\Console\\Application->doRunCommand()
#25 C:\\Web2Proyecto\\proyectolaravel\\example-app\\vendor\\symfony\\console\\Application.php(194): Symfony\\Component\\Console\\Application->doRun()
#26 C:\\Web2Proyecto\\proyectolaravel\\example-app\\vendor\\laravel\\framework\\src\\Illuminate\\Foundation\\Console\\Kernel.php(197): Symfony\\Component\\Console\\Application->run()
#27 C:\\Web2Proyecto\\proyectolaravel\\example-app\\vendor\\laravel\\framework\\src\\Illuminate\\Foundation\\Application.php(1235): Illuminate\\Foundation\\Console\\Kernel->handle()
#28 C:\\Web2Proyecto\\proyectolaravel\\example-app\\artisan(16): Illuminate\\Foundation\\Application->handleCommand()
#29 {main}

[previous exception] [object] (PDOException(code: 7): SQLSTATE[08006] [7] connection to server at \"127.0.0.1\", port 5432 failed: fe_sendauth: no password supplied at C:\\Web2Proyecto\\proyectolaravel\\example-app\\vendor\\laravel\\framework\\src\\Illuminate\\Database\\Connectors\\Connector.php:67)
[stacktrace]
#0 C:\\Web2Proyecto\\proyectolaravel\\example-app\\vendor\\laravel\\framework\\src\\Illuminate\\Database\\Connectors\\Connector.php(67): PDO::connect()
#1 C:\\Web2Proyecto\\proyectolaravel\\example-app\\vendor\\laravel\\framework\\src\\Illuminate\\Database\\Connectors\\Connector.php(44): Illuminate\\Database\\Connectors\\Connector->createPdoConnection()
#2 C:\\Web2Proyecto\\proyectolaravel\\example-app\\vendor\\laravel\\framework\\src\\Illuminate\\Database\\Connectors\\PostgresConnector.php(35): Illuminate\\Database\\Connectors\\Connector->createConnection()
#3 C:\\Web2Proyecto\\proyectolaravel\\example-app\\vendor\\laravel\\framework\\src\\Illuminate\\Database\\Connectors\\ConnectionFactory.php(184): Illuminate\\Database\\Connectors\\PostgresConnector->connect()
#4 [internal function]: Illuminate\\Database\\Connectors\\ConnectionFactory->{closure:Illuminate\\Database\\Connectors\\ConnectionFactory::createPdoResolverWithHosts():179}()
#5 C:\\Web2Proyecto\\proyectolaravel\\example-app\\vendor\\laravel\\framework\\src\\Illuminate\\Database\\Connection.php(1230): call_user_func()
#6 C:\\Web2Proyecto\\proyectolaravel\\example-app\\vendor\\laravel\\framework\\src\\Illuminate\\Database\\Connection.php(1266): Illuminate\\Database\\Connection->getPdo()
#7 C:\\Web2Proyecto\\proyectolaravel\\example-app\\vendor\\laravel\\framework\\src\\Illuminate\\Database\\Connection.php(511): Illuminate\\Database\\Connection->getReadPdo()
#8 C:\\Web2Proyecto\\proyectolaravel\\example-app\\vendor\\laravel\\framework\\src\\Illuminate\\Database\\Connection.php(406): Illuminate\\Database\\Connection->getPdoForSelect()
#9 C:\\Web2Proyecto\\proyectolaravel\\example-app\\vendor\\laravel\\framework\\src\\Illuminate\\Database\\Connection.php(811): Illuminate\\Database\\Connection->{closure:Illuminate\\Database\\Connection::select():397}()
#10 C:\\Web2Proyecto\\proyectolaravel\\example-app\\vendor\\laravel\\framework\\src\\Illuminate\\Database\\Connection.php(778): Illuminate\\Database\\Connection->runQueryCallback()
#11 C:\\Web2Proyecto\\proyectolaravel\\example-app\\vendor\\laravel\\framework\\src\\Illuminate\\Database\\Connection.php(397): Illuminate\\Database\\Connection->run()
#12 C:\\Web2Proyecto\\proyectolaravel\\example-app\\vendor\\laravel\\framework\\src\\Illuminate\\Database\\Connection.php(343): Illuminate\\Database\\Connection->select()
#13 C:\\Web2Proyecto\\proyectolaravel\\example-app\\vendor\\laravel\\framework\\src\\Illuminate\\Database\\Connection.php(360): Illuminate\\Database\\Connection->selectOne()
#14 C:\\Web2Proyecto\\proyectolaravel\\example-app\\vendor\\laravel\\framework\\src\\Illuminate\\Database\\Schema\\Builder.php(174): Illuminate\\Database\\Connection->scalar()
#15 C:\\Web2Proyecto\\proyectolaravel\\example-app\\vendor\\laravel\\framework\\src\\Illuminate\\Database\\Migrations\\DatabaseMigrationRepository.php(185): Illuminate\\Database\\Schema\\Builder->hasTable()
#16 C:\\Web2Proyecto\\proyectolaravel\\example-app\\vendor\\laravel\\framework\\src\\Illuminate\\Database\\Migrations\\Migrator.php(753): Illuminate\\Database\\Migrations\\DatabaseMigrationRepository->repositoryExists()
#17 C:\\Web2Proyecto\\proyectolaravel\\example-app\\vendor\\laravel\\framework\\src\\Illuminate\\Database\\Console\\Migrations\\MigrateCommand.php(164): Illuminate\\Database\\Migrations\\Migrator->repositoryExists()
#18 C:\\Web2Proyecto\\proyectolaravel\\example-app\\vendor\\laravel\\framework\\src\\Illuminate\\Support\\helpers.php(329): Illuminate\\Database\\Console\\Migrations\\MigrateCommand->{closure:Illuminate\\Database\\Console\\Migrations\\MigrateCommand::repositoryExists():164}()
#19 C:\\Web2Proyecto\\proyectolaravel\\example-app\\vendor\\laravel\\framework\\src\\Illuminate\\Database\\Console\\Migrations\\MigrateCommand.php(164): retry()
#20 C:\\Web2Proyecto\\proyectolaravel\\example-app\\vendor\\laravel\\framework\\src\\Illuminate\\Database\\Console\\Migrations\\MigrateCommand.php(140): Illuminate\\Database\\Console\\Migrations\\MigrateCommand->repositoryExists()
#21 C:\\Web2Proyecto\\proyectolaravel\\example-app\\vendor\\laravel\\framework\\src\\Illuminate\\Database\\Console\\Migrations\\MigrateCommand.php(110): Illuminate\\Database\\Console\\Migrations\\MigrateCommand->prepareDatabase()
#22 C:\\Web2Proyecto\\proyectolaravel\\example-app\\vendor\\laravel\\framework\\src\\Illuminate\\Database\\Migrations\\Migrator.php(666): Illuminate\\Database\\Console\\Migrations\\MigrateCommand->{closure:Illuminate\\Database\\Console\\Migrations\\MigrateCommand::runMigrations():109}()
#23 C:\\Web2Proyecto\\proyectolaravel\\example-app\\vendor\\laravel\\framework\\src\\Illuminate\\Database\\Console\\Migrations\\MigrateCommand.php(109): Illuminate\\Database\\Migrations\\Migrator->usingConnection()
#24 C:\\Web2Proyecto\\proyectolaravel\\example-app\\vendor\\laravel\\framework\\src\\Illuminate\\Database\\Console\\Migrations\\MigrateCommand.php(88): Illuminate\\Database\\Console\\Migrations\\MigrateCommand->runMigrations()
#25 C:\\Web2Proyecto\\proyectolaravel\\example-app\\vendor\\laravel\\framework\\src\\Illuminate\\Container\\BoundMethod.php(36): Illuminate\\Database\\Console\\Migrations\\MigrateCommand->handle()
#26 C:\\Web2Proyecto\\proyectolaravel\\example-app\\vendor\\laravel\\framework\\src\\Illuminate\\Container\\Util.php(43): Illuminate\\Container\\BoundMethod::{closure:Illuminate\\Container\\BoundMethod::call():35}()
#27 C:\\Web2Proyecto\\proyectolaravel\\example-app\\vendor\\laravel\\framework\\src\\Illuminate\\Container\\BoundMethod.php(96): Illuminate\\Container\\Util::unwrapIfClosure()
#28 C:\\Web2Proyecto\\proyectolaravel\\example-app\\vendor\\laravel\\framework\\src\\Illuminate\\Container\\BoundMethod.php(35): Illuminate\\Container\\BoundMethod::callBoundMethod()
#29 C:\\Web2Proyecto\\proyectolaravel\\example-app\\vendor\\laravel\\framework\\src\\Illuminate\\Container\\Container.php(836): Illuminate\\Container\\BoundMethod::call()
#30 C:\\Web2Proyecto\\proyectolaravel\\example-app\\vendor\\laravel\\framework\\src\\Illuminate\\Console\\Command.php(211): Illuminate\\Container\\Container->call()
#31 C:\\Web2Proyecto\\proyectolaravel\\example-app\\vendor\\symfony\\console\\Command\\Command.php(318): Illuminate\\Console\\Command->execute()
#32 C:\\Web2Proyecto\\proyectolaravel\\example-app\\vendor\\laravel\\framework\\src\\Illuminate\\Console\\Command.php(180): Symfony\\Component\\Console\\Command\\Command->run()
#33 C:\\Web2Proyecto\\proyectolaravel\\example-app\\vendor\\symfony\\console\\Application.php(1110): Illuminate\\Console\\Command->run()
#34 C:\\Web2Proyecto\\proyectolaravel\\example-app\\vendor\\symfony\\console\\Application.php(359): Symfony\\Component\\Console\\Application->doRunCommand()
#35 C:\\Web2Proyecto\\proyectolaravel\\example-app\\vendor\\symfony\\console\\Application.php(194): Symfony\\Component\\Console\\Application->doRun()
#36 C:\\Web2Proyecto\\proyectolaravel\\example-app\\vendor\\laravel\\framework\\src\\Illuminate\\Foundation\\Console\\Kernel.php(197): Symfony\\Component\\Console\\Application->run()
#37 C:\\Web2Proyecto\\proyectolaravel\\example-app\\vendor\\laravel\\framework\\src\\Illuminate\\Foundation\\Application.php(1235): Illuminate\\Foundation\\Console\\Kernel->handle()
#38 C:\\Web2Proyecto\\proyectolaravel\\example-app\\artisan(16): Illuminate\\Foundation\\Application->handleCommand()
#39 {main}
"} 
[2025-10-08 03:49:48] local.ERROR: SQLSTATE[08006] [7] connection to server at "127.0.0.1", port 5432 failed: fe_sendauth: no password supplied {"exception":"[object] (PDOException(code: 7): SQLSTATE[08006] [7] connection to server at \"127.0.0.1\", port 5432 failed: fe_sendauth: no password supplied at C:\\Web2Proyecto\\proyectolaravel\\example-app\\vendor\\laravel\\framework\\src\\Illuminate\\Database\\Connectors\\Connector.php:67)
[stacktrace]
#0 C:\\Web2Proyecto\\proyectolaravel\\example-app\\vendor\\laravel\\framework\\src\\Illuminate\\Database\\Connectors\\Connector.php(67): PDO::connect()
#1 C:\\Web2Proyecto\\proyectolaravel\\example-app\\vendor\\laravel\\framework\\src\\Illuminate\\Database\\Connectors\\Connector.php(44): Illuminate\\Database\\Connectors\\Connector->createPdoConnection()
#2 C:\\Web2Proyecto\\proyectolaravel\\example-app\\vendor\\laravel\\framework\\src\\Illuminate\\Database\\Connectors\\PostgresConnector.php(35): Illuminate\\Database\\Connectors\\Connector->createConnection()
#3 C:\\Web2Proyecto\\proyectolaravel\\example-app\\vendor\\laravel\\framework\\src\\Illuminate\\Database\\Connectors\\ConnectionFactory.php(184): Illuminate\\Database\\Connectors\\PostgresConnector->connect()
#4 [internal function]: Illuminate\\Database\\Connectors\\ConnectionFactory->{closure:Illuminate\\Database\\Connectors\\ConnectionFactory::createPdoResolverWithHosts():179}()
#5 C:\\Web2Proyecto\\proyectolaravel\\example-app\\vendor\\laravel\\framework\\src\\Illuminate\\Database\\Connection.php(1230): call_user_func()
#6 C:\\Web2Proyecto\\proyectolaravel\\example-app\\vendor\\laravel\\framework\\src\\Illuminate\\Database\\Connection.php(1480): Illuminate\\Database\\Connection->getPdo()
#7 C:\\Web2Proyecto\\proyectolaravel\\example-app\\vendor\\laravel\\framework\\src\\Illuminate\\Database\\Concerns\\ManagesTransactions.php(154): Illuminate\\Database\\Connection->executeBeginTransactionStatement()
#8 C:\\Web2Proyecto\\proyectolaravel\\example-app\\vendor\\laravel\\framework\\src\\Illuminate\\Database\\Concerns\\ManagesTransactions.php(130): Illuminate\\Database\\Connection->createTransaction()
#9 C:\\Web2Proyecto\\proyectolaravel\\example-app\\vendor\\laravel\\framework\\src\\Illuminate\\Database\\Concerns\\ManagesTransactions.php(29): Illuminate\\Database\\Connection->beginTransaction()
#10 C:\\Web2Proyecto\\proyectolaravel\\example-app\\vendor\\laravel\\framework\\src\\Illuminate\\Queue\\DatabaseQueue.php(285): Illuminate\\Database\\Connection->transaction()
#11 C:\\Web2Proyecto\\proyectolaravel\\example-app\\vendor\\laravel\\framework\\src\\Illuminate\\Queue\\Worker.php(360): Illuminate\\Queue\\DatabaseQueue->pop()
#12 C:\\Web2Proyecto\\proyectolaravel\\example-app\\vendor\\laravel\\framework\\src\\Illuminate\\Queue\\Worker.php(375): Illuminate\\Queue\\Worker->{closure:Illuminate\\Queue\\Worker::getNextJob():359}()
#13 C:\\Web2Proyecto\\proyectolaravel\\example-app\\vendor\\laravel\\framework\\src\\Illuminate\\Queue\\Worker.php(336): Illuminate\\Queue\\Worker->getNextJob()
#14 C:\\Web2Proyecto\\proyectolaravel\\example-app\\vendor\\laravel\\framework\\src\\Illuminate\\Queue\\Console\\WorkCommand.php(148): Illuminate\\Queue\\Worker->runNextJob()
#15 C:\\Web2Proyecto\\proyectolaravel\\example-app\\vendor\\laravel\\framework\\src\\Illuminate\\Queue\\Console\\WorkCommand.php(131): Illuminate\\Queue\\Console\\WorkCommand->runWorker()
#16 C:\\Web2Proyecto\\proyectolaravel\\example-app\\vendor\\laravel\\framework\\src\\Illuminate\\Container\\BoundMethod.php(36): Illuminate\\Queue\\Console\\WorkCommand->handle()
#17 C:\\Web2Proyecto\\proyectolaravel\\example-app\\vendor\\laravel\\framework\\src\\Illuminate\\Container\\Util.php(43): Illuminate\\Container\\BoundMethod::{closure:Illuminate\\Container\\BoundMethod::call():35}()
#18 C:\\Web2Proyecto\\proyectolaravel\\example-app\\vendor\\laravel\\framework\\src\\Illuminate\\Container\\BoundMethod.php(96): Illuminate\\Container\\Util::unwrapIfClosure()
#19 C:\\Web2Proyecto\\proyectolaravel\\example-app\\vendor\\laravel\\framework\\src\\Illuminate\\Container\\BoundMethod.php(35): Illuminate\\Container\\BoundMethod::callBoundMethod()
#20 C:\\Web2Proyecto\\proyectolaravel\\example-app\\vendor\\laravel\\framework\\src\\Illuminate\\Container\\Container.php(836): Illuminate\\Container\\BoundMethod::call()
#21 C:\\Web2Proyecto\\proyectolaravel\\example-app\\vendor\\laravel\\framework\\src\\Illuminate\\Console\\Command.php(211): Illuminate\\Container\\Container->call()
#22 C:\\Web2Proyecto\\proyectolaravel\\example-app\\vendor\\symfony\\console\\Command\\Command.php(318): Illuminate\\Console\\Command->execute()
#23 C:\\Web2Proyecto\\proyectolaravel\\example-app\\vendor\\laravel\\framework\\src\\Illuminate\\Console\\Command.php(180): Symfony\\Component\\Console\\Command\\Command->run()
#24 C:\\Web2Proyecto\\proyectolaravel\\example-app\\vendor\\symfony\\console\\Application.php(1110): Illuminate\\Console\\Command->run()
#25 C:\\Web2Proyecto\\proyectolaravel\\example-app\\vendor\\symfony\\console\\Application.php(359): Symfony\\Component\\Console\\Application->doRunCommand()
#26 C:\\Web2Proyecto\\proyectolaravel\\example-app\\vendor\\symfony\\console\\Application.php(194): Symfony\\Component\\Console\\Application->doRun()
#27 C:\\Web2Proyecto\\proyectolaravel\\example-app\\vendor\\laravel\\framework\\src\\Illuminate\\Foundation\\Console\\Kernel.php(197): Symfony\\Component\\Console\\Application->run()
#28 C:\\Web2Proyecto\\proyectolaravel\\example-app\\vendor\\laravel\\framework\\src\\Illuminate\\Foundation\\Application.php(1235): Illuminate\\Foundation\\Console\\Kernel->handle()
#29 C:\\Web2Proyecto\\proyectolaravel\\example-app\\artisan(16): Illuminate\\Foundation\\Application->handleCommand()
#30 {main}
"} 
[2025-10-08 03:49:53] local.ERROR: SQLSTATE[08006] [7] connection to server at "127.0.0.1", port 5432 failed: fe_sendauth: no password supplied {"exception":"[object] (PDOException(code: 7): SQLSTATE[08006] [7] connection to server at \"127.0.0.1\", port 5432 failed: fe_sendauth: no password supplied at C:\\Web2Proyecto\\proyectolaravel\\example-app\\vendor\\laravel\\framework\\src\\Illuminate\\Database\\Connectors\\Connector.php:67)
[stacktrace]
#0 C:\\Web2Proyecto\\proyectolaravel\\example-app\\vendor\\laravel\\framework\\src\\Illuminate\\Database\\Connectors\\Connector.php(67): PDO::connect()
#1 C:\\Web2Proyecto\\proyectolaravel\\example-app\\vendor\\laravel\\framework\\src\\Illuminate\\Database\\Connectors\\Connector.php(44): Illuminate\\Database\\Connectors\\Connector->createPdoConnection()
#2 C:\\Web2Proyecto\\proyectolaravel\\example-app\\vendor\\laravel\\framework\\src\\Illuminate\\Database\\Connectors\\PostgresConnector.php(35): Illuminate\\Database\\Connectors\\Connector->createConnection()
#3 C:\\Web2Proyecto\\proyectolaravel\\example-app\\vendor\\laravel\\framework\\src\\Illuminate\\Database\\Connectors\\ConnectionFactory.php(184): Illuminate\\Database\\Connectors\\PostgresConnector->connect()
#4 [internal function]: Illuminate\\Database\\Connectors\\ConnectionFactory->{closure:Illuminate\\Database\\Connectors\\ConnectionFactory::createPdoResolverWithHosts():179}()
#5 C:\\Web2Proyecto\\proyectolaravel\\example-app\\vendor\\laravel\\framework\\src\\Illuminate\\Database\\Connection.php(1230): call_user_func()
#6 C:\\Web2Proyecto\\proyectolaravel\\example-app\\vendor\\laravel\\framework\\src\\Illuminate\\Database\\Connection.php(1480): Illuminate\\Database\\Connection->getPdo()
#7 C:\\Web2Proyecto\\proyectolaravel\\example-app\\vendor\\laravel\\framework\\src\\Illuminate\\Database\\Concerns\\ManagesTransactions.php(154): Illuminate\\Database\\Connection->executeBeginTransactionStatement()
#8 C:\\Web2Proyecto\\proyectolaravel\\example-app\\vendor\\laravel\\framework\\src\\Illuminate\\Database\\Concerns\\ManagesTransactions.php(130): Illuminate\\Database\\Connection->createTransaction()
#9 C:\\Web2Proyecto\\proyectolaravel\\example-app\\vendor\\laravel\\framework\\src\\Illuminate\\Database\\Concerns\\ManagesTransactions.php(29): Illuminate\\Database\\Connection->beginTransaction()
#10 C:\\Web2Proyecto\\proyectolaravel\\example-app\\vendor\\laravel\\framework\\src\\Illuminate\\Queue\\DatabaseQueue.php(285): Illuminate\\Database\\Connection->transaction()
#11 C:\\Web2Proyecto\\proyectolaravel\\example-app\\vendor\\laravel\\framework\\src\\Illuminate\\Queue\\Worker.php(360): Illuminate\\Queue\\DatabaseQueue->pop()
#12 C:\\Web2Proyecto\\proyectolaravel\\example-app\\vendor\\laravel\\framework\\src\\Illuminate\\Queue\\Worker.php(375): Illuminate\\Queue\\Worker->{closure:Illuminate\\Queue\\Worker::getNextJob():359}()
#13 C:\\Web2Proyecto\\proyectolaravel\\example-app\\vendor\\laravel\\framework\\src\\Illuminate\\Queue\\Worker.php(336): Illuminate\\Queue\\Worker->getNextJob()
#14 C:\\Web2Proyecto\\proyectolaravel\\example-app\\vendor\\laravel\\framework\\src\\Illuminate\\Queue\\Console\\WorkCommand.php(148): Illuminate\\Queue\\Worker->runNextJob()
#15 C:\\Web2Proyecto\\proyectolaravel\\example-app\\vendor\\laravel\\framework\\src\\Illuminate\\Queue\\Console\\WorkCommand.php(131): Illuminate\\Queue\\Console\\WorkCommand->runWorker()
#16 C:\\Web2Proyecto\\proyectolaravel\\example-app\\vendor\\laravel\\framework\\src\\Illuminate\\Container\\BoundMethod.php(36): Illuminate\\Queue\\Console\\WorkCommand->handle()
#17 C:\\Web2Proyecto\\proyectolaravel\\example-app\\vendor\\laravel\\framework\\src\\Illuminate\\Container\\Util.php(43): Illuminate\\Container\\BoundMethod::{closure:Illuminate\\Container\\BoundMethod::call():35}()
#18 C:\\Web2Proyecto\\proyectolaravel\\example-app\\vendor\\laravel\\framework\\src\\Illuminate\\Container\\BoundMethod.php(96): Illuminate\\Container\\Util::unwrapIfClosure()
#19 C:\\Web2Proyecto\\proyectolaravel\\example-app\\vendor\\laravel\\framework\\src\\Illuminate\\Container\\BoundMethod.php(35): Illuminate\\Container\\BoundMethod::callBoundMethod()
#20 C:\\Web2Proyecto\\proyectolaravel\\example-app\\vendor\\laravel\\framework\\src\\Illuminate\\Container\\Container.php(836): Illuminate\\Container\\BoundMethod::call()
#21 C:\\Web2Proyecto\\proyectolaravel\\example-app\\vendor\\laravel\\framework\\src\\Illuminate\\Console\\Command.php(211): Illuminate\\Container\\Container->call()
#22 C:\\Web2Proyecto\\proyectolaravel\\example-app\\vendor\\symfony\\console\\Command\\Command.php(318): Illuminate\\Console\\Command->execute()
#23 C:\\Web2Proyecto\\proyectolaravel\\example-app\\vendor\\laravel\\framework\\src\\Illuminate\\Console\\Command.php(180): Symfony\\Component\\Console\\Command\\Command->run()
#24 C:\\Web2Proyecto\\proyectolaravel\\example-app\\vendor\\symfony\\console\\Application.php(1110): Illuminate\\Console\\Command->run()
#25 C:\\Web2Proyecto\\proyectolaravel\\example-app\\vendor\\symfony\\console\\Application.php(359): Symfony\\Component\\Console\\Application->doRunCommand()
#26 C:\\Web2Proyecto\\proyectolaravel\\example-app\\vendor\\symfony\\console\\Application.php(194): Symfony\\Component\\Console\\Application->doRun()
#27 C:\\Web2Proyecto\\proyectolaravel\\example-app\\vendor\\laravel\\framework\\src\\Illuminate\\Foundation\\Console\\Kernel.php(197): Symfony\\Component\\Console\\Application->run()
#28 C:\\Web2Proyecto\\proyectolaravel\\example-app\\vendor\\laravel\\framework\\src\\Illuminate\\Foundation\\Application.php(1235): Illuminate\\Foundation\\Console\\Kernel->handle()
#29 C:\\Web2Proyecto\\proyectolaravel\\example-app\\artisan(16): Illuminate\\Foundation\\Application->handleCommand()
#30 {main}
"} 
[2025-10-08 03:49:57] local.ERROR: SQLSTATE[08006] [7] connection to server at "127.0.0.1", port 5432 failed: fe_sendauth: no password supplied {"exception":"[object] (PDOException(code: 7): SQLSTATE[08006] [7] connection to server at \"127.0.0.1\", port 5432 failed: fe_sendauth: no password supplied at C:\\Web2Proyecto\\proyectolaravel\\example-app\\vendor\\laravel\\framework\\src\\Illuminate\\Database\\Connectors\\Connector.php:67)
[stacktrace]
#0 C:\\Web2Proyecto\\proyectolaravel\\example-app\\vendor\\laravel\\framework\\src\\Illuminate\\Database\\Connectors\\Connector.php(67): PDO::connect()
#1 C:\\Web2Proyecto\\proyectolaravel\\example-app\\vendor\\laravel\\framework\\src\\Illuminate\\Database\\Connectors\\Connector.php(44): Illuminate\\Database\\Connectors\\Connector->createPdoConnection()
#2 C:\\Web2Proyecto\\proyectolaravel\\example-app\\vendor\\laravel\\framework\\src\\Illuminate\\Database\\Connectors\\PostgresConnector.php(35): Illuminate\\Database\\Connectors\\Connector->createConnection()
#3 C:\\Web2Proyecto\\proyectolaravel\\example-app\\vendor\\laravel\\framework\\src\\Illuminate\\Database\\Connectors\\ConnectionFactory.php(184): Illuminate\\Database\\Connectors\\PostgresConnector->connect()
#4 [internal function]: Illuminate\\Database\\Connectors\\ConnectionFactory->{closure:Illuminate\\Database\\Connectors\\ConnectionFactory::createPdoResolverWithHosts():179}()
#5 C:\\Web2Proyecto\\proyectolaravel\\example-app\\vendor\\laravel\\framework\\src\\Illuminate\\Database\\Connection.php(1230): call_user_func()
#6 C:\\Web2Proyecto\\proyectolaravel\\example-app\\vendor\\laravel\\framework\\src\\Illuminate\\Database\\Connection.php(1480): Illuminate\\Database\\Connection->getPdo()
#7 C:\\Web2Proyecto\\proyectolaravel\\example-app\\vendor\\laravel\\framework\\src\\Illuminate\\Database\\Concerns\\ManagesTransactions.php(154): Illuminate\\Database\\Connection->executeBeginTransactionStatement()
#8 C:\\Web2Proyecto\\proyectolaravel\\example-app\\vendor\\laravel\\framework\\src\\Illuminate\\Database\\Concerns\\ManagesTransactions.php(130): Illuminate\\Database\\Connection->createTransaction()
#9 C:\\Web2Proyecto\\proyectolaravel\\example-app\\vendor\\laravel\\framework\\src\\Illuminate\\Database\\Concerns\\ManagesTransactions.php(29): Illuminate\\Database\\Connection->beginTransaction()
#10 C:\\Web2Proyecto\\proyectolaravel\\example-app\\vendor\\laravel\\framework\\src\\Illuminate\\Queue\\DatabaseQueue.php(285): Illuminate\\Database\\Connection->transaction()
#11 C:\\Web2Proyecto\\proyectolaravel\\example-app\\vendor\\laravel\\framework\\src\\Illuminate\\Queue\\Worker.php(360): Illuminate\\Queue\\DatabaseQueue->pop()
#12 C:\\Web2Proyecto\\proyectolaravel\\example-app\\vendor\\laravel\\framework\\src\\Illuminate\\Queue\\Worker.php(375): Illuminate\\Queue\\Worker->{closure:Illuminate\\Queue\\Worker::getNextJob():359}()
#13 C:\\Web2Proyecto\\proyectolaravel\\example-app\\vendor\\laravel\\framework\\src\\Illuminate\\Queue\\Worker.php(336): Illuminate\\Queue\\Worker->getNextJob()
#14 C:\\Web2Proyecto\\proyectolaravel\\example-app\\vendor\\laravel\\framework\\src\\Illuminate\\Queue\\Console\\WorkCommand.php(148): Illuminate\\Queue\\Worker->runNextJob()
#15 C:\\Web2Proyecto\\proyectolaravel\\example-app\\vendor\\laravel\\framework\\src\\Illuminate\\Queue\\Console\\WorkCommand.php(131): Illuminate\\Queue\\Console\\WorkCommand->runWorker()
#16 C:\\Web2Proyecto\\proyectolaravel\\example-app\\vendor\\laravel\\framework\\src\\Illuminate\\Container\\BoundMethod.php(36): Illuminate\\Queue\\Console\\WorkCommand->handle()
#17 C:\\Web2Proyecto\\proyectolaravel\\example-app\\vendor\\laravel\\framework\\src\\Illuminate\\Container\\Util.php(43): Illuminate\\Container\\BoundMethod::{closure:Illuminate\\Container\\BoundMethod::call():35}()
#18 C:\\Web2Proyecto\\proyectolaravel\\example-app\\vendor\\laravel\\framework\\src\\Illuminate\\Container\\BoundMethod.php(96): Illuminate\\Container\\Util::unwrapIfClosure()
#19 C:\\Web2Proyecto\\proyectolaravel\\example-app\\vendor\\laravel\\framework\\src\\Illuminate\\Container\\BoundMethod.php(35): Illuminate\\Container\\BoundMethod::callBoundMethod()
#20 C:\\Web2Proyecto\\proyectolaravel\\example-app\\vendor\\laravel\\framework\\src\\Illuminate\\Container\\Container.php(836): Illuminate\\Container\\BoundMethod::call()
#21 C:\\Web2Proyecto\\proyectolaravel\\example-app\\vendor\\laravel\\framework\\src\\Illuminate\\Console\\Command.php(211): Illuminate\\Container\\Container->call()
#22 C:\\Web2Proyecto\\proyectolaravel\\example-app\\vendor\\symfony\\console\\Command\\Command.php(318): Illuminate\\Console\\Command->execute()
#23 C:\\Web2Proyecto\\proyectolaravel\\example-app\\vendor\\laravel\\framework\\src\\Illuminate\\Console\\Command.php(180): Symfony\\Component\\Console\\Command\\Command->run()
#24 C:\\Web2Proyecto\\proyectolaravel\\example-app\\vendor\\symfony\\console\\Application.php(1110): Illuminate\\Console\\Command->run()
#25 C:\\Web2Proyecto\\proyectolaravel\\example-app\\vendor\\symfony\\console\\Application.php(359): Symfony\\Component\\Console\\Application->doRunCommand()
#26 C:\\Web2Proyecto\\proyectolaravel\\example-app\\vendor\\symfony\\console\\Application.php(194): Symfony\\Component\\Console\\Application->doRun()
#27 C:\\Web2Proyecto\\proyectolaravel\\example-app\\vendor\\laravel\\framework\\src\\Illuminate\\Foundation\\Console\\Kernel.php(197): Symfony\\Component\\Console\\Application->run()
#28 C:\\Web2Proyecto\\proyectolaravel\\example-app\\vendor\\laravel\\framework\\src\\Illuminate\\Foundation\\Application.php(1235): Illuminate\\Foundation\\Console\\Kernel->handle()
#29 C:\\Web2Proyecto\\proyectolaravel\\example-app\\artisan(16): Illuminate\\Foundation\\Application->handleCommand()
#30 {main}
"} 
[2025-10-08 03:50:02] local.ERROR: SQLSTATE[08006] [7] connection to server at "127.0.0.1", port 5432 failed: fe_sendauth: no password supplied {"exception":"[object] (PDOException(code: 7): SQLSTATE[08006] [7] connection to server at \"127.0.0.1\", port 5432 failed: fe_sendauth: no password supplied at C:\\Web2Proyecto\\proyectolaravel\\example-app\\vendor\\laravel\\framework\\src\\Illuminate\\Database\\Connectors\\Connector.php:67)
[stacktrace]
#0 C:\\Web2Proyecto\\proyectolaravel\\example-app\\vendor\\laravel\\framework\\src\\Illuminate\\Database\\Connectors\\Connector.php(67): PDO::connect()
#1 C:\\Web2Proyecto\\proyectolaravel\\example-app\\vendor\\laravel\\framework\\src\\Illuminate\\Database\\Connectors\\Connector.php(44): Illuminate\\Database\\Connectors\\Connector->createPdoConnection()
#2 C:\\Web2Proyecto\\proyectolaravel\\example-app\\vendor\\laravel\\framework\\src\\Illuminate\\Database\\Connectors\\PostgresConnector.php(35): Illuminate\\Database\\Connectors\\Connector->createConnection()
#3 C:\\Web2Proyecto\\proyectolaravel\\example-app\\vendor\\laravel\\framework\\src\\Illuminate\\Database\\Connectors\\ConnectionFactory.php(184): Illuminate\\Database\\Connectors\\PostgresConnector->connect()
#4 [internal function]: Illuminate\\Database\\Connectors\\ConnectionFactory->{closure:Illuminate\\Database\\Connectors\\ConnectionFactory::createPdoResolverWithHosts():179}()
#5 C:\\Web2Proyecto\\proyectolaravel\\example-app\\vendor\\laravel\\framework\\src\\Illuminate\\Database\\Connection.php(1230): call_user_func()
#6 C:\\Web2Proyecto\\proyectolaravel\\example-app\\vendor\\laravel\\framework\\src\\Illuminate\\Database\\Connection.php(1480): Illuminate\\Database\\Connection->getPdo()
#7 C:\\Web2Proyecto\\proyectolaravel\\example-app\\vendor\\laravel\\framework\\src\\Illuminate\\Database\\Concerns\\ManagesTransactions.php(154): Illuminate\\Database\\Connection->executeBeginTransactionStatement()
#8 C:\\Web2Proyecto\\proyectolaravel\\example-app\\vendor\\laravel\\framework\\src\\Illuminate\\Database\\Concerns\\ManagesTransactions.php(130): Illuminate\\Database\\Connection->createTransaction()
#9 C:\\Web2Proyecto\\proyectolaravel\\example-app\\vendor\\laravel\\framework\\src\\Illuminate\\Database\\Concerns\\ManagesTransactions.php(29): Illuminate\\Database\\Connection->beginTransaction()
#10 C:\\Web2Proyecto\\proyectolaravel\\example-app\\vendor\\laravel\\framework\\src\\Illuminate\\Queue\\DatabaseQueue.php(285): Illuminate\\Database\\Connection->transaction()
#11 C:\\Web2Proyecto\\proyectolaravel\\example-app\\vendor\\laravel\\framework\\src\\Illuminate\\Queue\\Worker.php(360): Illuminate\\Queue\\DatabaseQueue->pop()
#12 C:\\Web2Proyecto\\proyectolaravel\\example-app\\vendor\\laravel\\framework\\src\\Illuminate\\Queue\\Worker.php(375): Illuminate\\Queue\\Worker->{closure:Illuminate\\Queue\\Worker::getNextJob():359}()
#13 C:\\Web2Proyecto\\proyectolaravel\\example-app\\vendor\\laravel\\framework\\src\\Illuminate\\Queue\\Worker.php(336): Illuminate\\Queue\\Worker->getNextJob()
#14 C:\\Web2Proyecto\\proyectolaravel\\example-app\\vendor\\laravel\\framework\\src\\Illuminate\\Queue\\Console\\WorkCommand.php(148): Illuminate\\Queue\\Worker->runNextJob()
#15 C:\\Web2Proyecto\\proyectolaravel\\example-app\\vendor\\laravel\\framework\\src\\Illuminate\\Queue\\Console\\WorkCommand.php(131): Illuminate\\Queue\\Console\\WorkCommand->runWorker()
#16 C:\\Web2Proyecto\\proyectolaravel\\example-app\\vendor\\laravel\\framework\\src\\Illuminate\\Container\\BoundMethod.php(36): Illuminate\\Queue\\Console\\WorkCommand->handle()
#17 C:\\Web2Proyecto\\proyectolaravel\\example-app\\vendor\\laravel\\framework\\src\\Illuminate\\Container\\Util.php(43): Illuminate\\Container\\BoundMethod::{closure:Illuminate\\Container\\BoundMethod::call():35}()
#18 C:\\Web2Proyecto\\proyectolaravel\\example-app\\vendor\\laravel\\framework\\src\\Illuminate\\Container\\BoundMethod.php(96): Illuminate\\Container\\Util::unwrapIfClosure()
#19 C:\\Web2Proyecto\\proyectolaravel\\example-app\\vendor\\laravel\\framework\\src\\Illuminate\\Container\\BoundMethod.php(35): Illuminate\\Container\\BoundMethod::callBoundMethod()
#20 C:\\Web2Proyecto\\proyectolaravel\\example-app\\vendor\\laravel\\framework\\src\\Illuminate\\Container\\Container.php(836): Illuminate\\Container\\BoundMethod::call()
#21 C:\\Web2Proyecto\\proyectolaravel\\example-app\\vendor\\laravel\\framework\\src\\Illuminate\\Console\\Command.php(211): Illuminate\\Container\\Container->call()
#22 C:\\Web2Proyecto\\proyectolaravel\\example-app\\vendor\\symfony\\console\\Command\\Command.php(318): Illuminate\\Console\\Command->execute()
#23 C:\\Web2Proyecto\\proyectolaravel\\example-app\\vendor\\laravel\\framework\\src\\Illuminate\\Console\\Command.php(180): Symfony\\Component\\Console\\Command\\Command->run()
#24 C:\\Web2Proyecto\\proyectolaravel\\example-app\\vendor\\symfony\\console\\Application.php(1110): Illuminate\\Console\\Command->run()
#25 C:\\Web2Proyecto\\proyectolaravel\\example-app\\vendor\\symfony\\console\\Application.php(359): Symfony\\Component\\Console\\Application->doRunCommand()
#26 C:\\Web2Proyecto\\proyectolaravel\\example-app\\vendor\\symfony\\console\\Application.php(194): Symfony\\Component\\Console\\Application->doRun()
#27 C:\\Web2Proyecto\\proyectolaravel\\example-app\\vendor\\laravel\\framework\\src\\Illuminate\\Foundation\\Console\\Kernel.php(197): Symfony\\Component\\Console\\Application->run()
#28 C:\\Web2Proyecto\\proyectolaravel\\example-app\\vendor\\laravel\\framework\\src\\Illuminate\\Foundation\\Application.php(1235): Illuminate\\Foundation\\Console\\Kernel->handle()
#29 C:\\Web2Proyecto\\proyectolaravel\\example-app\\artisan(16): Illuminate\\Foundation\\Application->handleCommand()
#30 {main}
"} 
[2025-10-08 03:50:07] local.ERROR: SQLSTATE[08006] [7] connection to server at "127.0.0.1", port 5432 failed: fe_sendauth: no password supplied {"exception":"[object] (PDOException(code: 7): SQLSTATE[08006] [7] connection to server at \"127.0.0.1\", port 5432 failed: fe_sendauth: no password supplied at C:\\Web2Proyecto\\proyectolaravel\\example-app\\vendor\\laravel\\framework\\src\\Illuminate\\Database\\Connectors\\Connector.php:67)
[stacktrace]
#0 C:\\Web2Proyecto\\proyectolaravel\\example-app\\vendor\\laravel\\framework\\src\\Illuminate\\Database\\Connectors\\Connector.php(67): PDO::connect()
#1 C:\\Web2Proyecto\\proyectolaravel\\example-app\\vendor\\laravel\\framework\\src\\Illuminate\\Database\\Connectors\\Connector.php(44): Illuminate\\Database\\Connectors\\Connector->createPdoConnection()
#2 C:\\Web2Proyecto\\proyectolaravel\\example-app\\vendor\\laravel\\framework\\src\\Illuminate\\Database\\Connectors\\PostgresConnector.php(35): Illuminate\\Database\\Connectors\\Connector->createConnection()
#3 C:\\Web2Proyecto\\proyectolaravel\\example-app\\vendor\\laravel\\framework\\src\\Illuminate\\Database\\Connectors\\ConnectionFactory.php(184): Illuminate\\Database\\Connectors\\PostgresConnector->connect()
#4 [internal function]: Illuminate\\Database\\Connectors\\ConnectionFactory->{closure:Illuminate\\Database\\Connectors\\ConnectionFactory::createPdoResolverWithHosts():179}()
#5 C:\\Web2Proyecto\\proyectolaravel\\example-app\\vendor\\laravel\\framework\\src\\Illuminate\\Database\\Connection.php(1230): call_user_func()
#6 C:\\Web2Proyecto\\proyectolaravel\\example-app\\vendor\\laravel\\framework\\src\\Illuminate\\Database\\Connection.php(1480): Illuminate\\Database\\Connection->getPdo()
#7 C:\\Web2Proyecto\\proyectolaravel\\example-app\\vendor\\laravel\\framework\\src\\Illuminate\\Database\\Concerns\\ManagesTransactions.php(154): Illuminate\\Database\\Connection->executeBeginTransactionStatement()
#8 C:\\Web2Proyecto\\proyectolaravel\\example-app\\vendor\\laravel\\framework\\src\\Illuminate\\Database\\Concerns\\ManagesTransactions.php(130): Illuminate\\Database\\Connection->createTransaction()
#9 C:\\Web2Proyecto\\proyectolaravel\\example-app\\vendor\\laravel\\framework\\src\\Illuminate\\Database\\Concerns\\ManagesTransactions.php(29): Illuminate\\Database\\Connection->beginTransaction()
#10 C:\\Web2Proyecto\\proyectolaravel\\example-app\\vendor\\laravel\\framework\\src\\Illuminate\\Queue\\DatabaseQueue.php(285): Illuminate\\Database\\Connection->transaction()
#11 C:\\Web2Proyecto\\proyectolaravel\\example-app\\vendor\\laravel\\framework\\src\\Illuminate\\Queue\\Worker.php(360): Illuminate\\Queue\\DatabaseQueue->pop()
#12 C:\\Web2Proyecto\\proyectolaravel\\example-app\\vendor\\laravel\\framework\\src\\Illuminate\\Queue\\Worker.php(375): Illuminate\\Queue\\Worker->{closure:Illuminate\\Queue\\Worker::getNextJob():359}()
#13 C:\\Web2Proyecto\\proyectolaravel\\example-app\\vendor\\laravel\\framework\\src\\Illuminate\\Queue\\Worker.php(336): Illuminate\\Queue\\Worker->getNextJob()
#14 C:\\Web2Proyecto\\proyectolaravel\\example-app\\vendor\\laravel\\framework\\src\\Illuminate\\Queue\\Console\\WorkCommand.php(148): Illuminate\\Queue\\Worker->runNextJob()
#15 C:\\Web2Proyecto\\proyectolaravel\\example-app\\vendor\\laravel\\framework\\src\\Illuminate\\Queue\\Console\\WorkCommand.php(131): Illuminate\\Queue\\Console\\WorkCommand->runWorker()
#16 C:\\Web2Proyecto\\proyectolaravel\\example-app\\vendor\\laravel\\framework\\src\\Illuminate\\Container\\BoundMethod.php(36): Illuminate\\Queue\\Console\\WorkCommand->handle()
#17 C:\\Web2Proyecto\\proyectolaravel\\example-app\\vendor\\laravel\\framework\\src\\Illuminate\\Container\\Util.php(43): Illuminate\\Container\\BoundMethod::{closure:Illuminate\\Container\\BoundMethod::call():35}()
#18 C:\\Web2Proyecto\\proyectolaravel\\example-app\\vendor\\laravel\\framework\\src\\Illuminate\\Container\\BoundMethod.php(96): Illuminate\\Container\\Util::unwrapIfClosure()
#19 C:\\Web2Proyecto\\proyectolaravel\\example-app\\vendor\\laravel\\framework\\src\\Illuminate\\Container\\BoundMethod.php(35): Illuminate\\Container\\BoundMethod::callBoundMethod()
#20 C:\\Web2Proyecto\\proyectolaravel\\example-app\\vendor\\laravel\\framework\\src\\Illuminate\\Container\\Container.php(836): Illuminate\\Container\\BoundMethod::call()
#21 C:\\Web2Proyecto\\proyectolaravel\\example-app\\vendor\\laravel\\framework\\src\\Illuminate\\Console\\Command.php(211): Illuminate\\Container\\Container->call()
#22 C:\\Web2Proyecto\\proyectolaravel\\example-app\\vendor\\symfony\\console\\Command\\Command.php(318): Illuminate\\Console\\Command->execute()
#23 C:\\Web2Proyecto\\proyectolaravel\\example-app\\vendor\\laravel\\framework\\src\\Illuminate\\Console\\Command.php(180): Symfony\\Component\\Console\\Command\\Command->run()
#24 C:\\Web2Proyecto\\proyectolaravel\\example-app\\vendor\\symfony\\console\\Application.php(1110): Illuminate\\Console\\Command->run()
#25 C:\\Web2Proyecto\\proyectolaravel\\example-app\\vendor\\symfony\\console\\Application.php(359): Symfony\\Component\\Console\\Application->doRunCommand()
#26 C:\\Web2Proyecto\\proyectolaravel\\example-app\\vendor\\symfony\\console\\Application.php(194): Symfony\\Component\\Console\\Application->doRun()
#27 C:\\Web2Proyecto\\proyectolaravel\\example-app\\vendor\\laravel\\framework\\src\\Illuminate\\Foundation\\Console\\Kernel.php(197): Symfony\\Component\\Console\\Application->run()
#28 C:\\Web2Proyecto\\proyectolaravel\\example-app\\vendor\\laravel\\framework\\src\\Illuminate\\Foundation\\Application.php(1235): Illuminate\\Foundation\\Console\\Kernel->handle()
#29 C:\\Web2Proyecto\\proyectolaravel\\example-app\\artisan(16): Illuminate\\Foundation\\Application->handleCommand()
#30 {main}
"} 
[2025-10-08 03:50:12] local.ERROR: SQLSTATE[08006] [7] connection to server at "127.0.0.1", port 5432 failed: fe_sendauth: no password supplied {"exception":"[object] (PDOException(code: 7): SQLSTATE[08006] [7] connection to server at \"127.0.0.1\", port 5432 failed: fe_sendauth: no password supplied at C:\\Web2Proyecto\\proyectolaravel\\example-app\\vendor\\laravel\\framework\\src\\Illuminate\\Database\\Connectors\\Connector.php:67)
[stacktrace]
#0 C:\\Web2Proyecto\\proyectolaravel\\example-app\\vendor\\laravel\\framework\\src\\Illuminate\\Database\\Connectors\\Connector.php(67): PDO::connect()
#1 C:\\Web2Proyecto\\proyectolaravel\\example-app\\vendor\\laravel\\framework\\src\\Illuminate\\Database\\Connectors\\Connector.php(44): Illuminate\\Database\\Connectors\\Connector->createPdoConnection()
#2 C:\\Web2Proyecto\\proyectolaravel\\example-app\\vendor\\laravel\\framework\\src\\Illuminate\\Database\\Connectors\\PostgresConnector.php(35): Illuminate\\Database\\Connectors\\Connector->createConnection()
#3 C:\\Web2Proyecto\\proyectolaravel\\example-app\\vendor\\laravel\\framework\\src\\Illuminate\\Database\\Connectors\\ConnectionFactory.php(184): Illuminate\\Database\\Connectors\\PostgresConnector->connect()
#4 [internal function]: Illuminate\\Database\\Connectors\\ConnectionFactory->{closure:Illuminate\\Database\\Connectors\\ConnectionFactory::createPdoResolverWithHosts():179}()
#5 C:\\Web2Proyecto\\proyectolaravel\\example-app\\vendor\\laravel\\framework\\src\\Illuminate\\Database\\Connection.php(1230): call_user_func()
#6 C:\\Web2Proyecto\\proyectolaravel\\example-app\\vendor\\laravel\\framework\\src\\Illuminate\\Database\\Connection.php(1480): Illuminate\\Database\\Connection->getPdo()
#7 C:\\Web2Proyecto\\proyectolaravel\\example-app\\vendor\\laravel\\framework\\src\\Illuminate\\Database\\Concerns\\ManagesTransactions.php(154): Illuminate\\Database\\Connection->executeBeginTransactionStatement()
#8 C:\\Web2Proyecto\\proyectolaravel\\example-app\\vendor\\laravel\\framework\\src\\Illuminate\\Database\\Concerns\\ManagesTransactions.php(130): Illuminate\\Database\\Connection->createTransaction()
#9 C:\\Web2Proyecto\\proyectolaravel\\example-app\\vendor\\laravel\\framework\\src\\Illuminate\\Database\\Concerns\\ManagesTransactions.php(29): Illuminate\\Database\\Connection->beginTransaction()
#10 C:\\Web2Proyecto\\proyectolaravel\\example-app\\vendor\\laravel\\framework\\src\\Illuminate\\Queue\\DatabaseQueue.php(285): Illuminate\\Database\\Connection->transaction()
#11 C:\\Web2Proyecto\\proyectolaravel\\example-app\\vendor\\laravel\\framework\\src\\Illuminate\\Queue\\Worker.php(360): Illuminate\\Queue\\DatabaseQueue->pop()
#12 C:\\Web2Proyecto\\proyectolaravel\\example-app\\vendor\\laravel\\framework\\src\\Illuminate\\Queue\\Worker.php(375): Illuminate\\Queue\\Worker->{closure:Illuminate\\Queue\\Worker::getNextJob():359}()
#13 C:\\Web2Proyecto\\proyectolaravel\\example-app\\vendor\\laravel\\framework\\src\\Illuminate\\Queue\\Worker.php(336): Illuminate\\Queue\\Worker->getNextJob()
#14 C:\\Web2Proyecto\\proyectolaravel\\example-app\\vendor\\laravel\\framework\\src\\Illuminate\\Queue\\Console\\WorkCommand.php(148): Illuminate\\Queue\\Worker->runNextJob()
#15 C:\\Web2Proyecto\\proyectolaravel\\example-app\\vendor\\laravel\\framework\\src\\Illuminate\\Queue\\Console\\WorkCommand.php(131): Illuminate\\Queue\\Console\\WorkCommand->runWorker()
#16 C:\\Web2Proyecto\\proyectolaravel\\example-app\\vendor\\laravel\\framework\\src\\Illuminate\\Container\\BoundMethod.php(36): Illuminate\\Queue\\Console\\WorkCommand->handle()
#17 C:\\Web2Proyecto\\proyectolaravel\\example-app\\vendor\\laravel\\framework\\src\\Illuminate\\Container\\Util.php(43): Illuminate\\Container\\BoundMethod::{closure:Illuminate\\Container\\BoundMethod::call():35}()
#18 C:\\Web2Proyecto\\proyectolaravel\\example-app\\vendor\\laravel\\framework\\src\\Illuminate\\Container\\BoundMethod.php(96): Illuminate\\Container\\Util::unwrapIfClosure()
#19 C:\\Web2Proyecto\\proyectolaravel\\example-app\\vendor\\laravel\\framework\\src\\Illuminate\\Container\\BoundMethod.php(35): Illuminate\\Container\\BoundMethod::callBoundMethod()
#20 C:\\Web2Proyecto\\proyectolaravel\\example-app\\vendor\\laravel\\framework\\src\\Illuminate\\Container\\Container.php(836): Illuminate\\Container\\BoundMethod::call()
#21 C:\\Web2Proyecto\\proyectolaravel\\example-app\\vendor\\laravel\\framework\\src\\Illuminate\\Console\\Command.php(211): Illuminate\\Container\\Container->call()
#22 C:\\Web2Proyecto\\proyectolaravel\\example-app\\vendor\\symfony\\console\\Command\\Command.php(318): Illuminate\\Console\\Command->execute()
#23 C:\\Web2Proyecto\\proyectolaravel\\example-app\\vendor\\laravel\\framework\\src\\Illuminate\\Console\\Command.php(180): Symfony\\Component\\Console\\Command\\Command->run()
#24 C:\\Web2Proyecto\\proyectolaravel\\example-app\\vendor\\symfony\\console\\Application.php(1110): Illuminate\\Console\\Command->run()
#25 C:\\Web2Proyecto\\proyectolaravel\\example-app\\vendor\\symfony\\console\\Application.php(359): Symfony\\Component\\Console\\Application->doRunCommand()
#26 C:\\Web2Proyecto\\proyectolaravel\\example-app\\vendor\\symfony\\console\\Application.php(194): Symfony\\Component\\Console\\Application->doRun()
#27 C:\\Web2Proyecto\\proyectolaravel\\example-app\\vendor\\laravel\\framework\\src\\Illuminate\\Foundation\\Console\\Kernel.php(197): Symfony\\Component\\Console\\Application->run()
#28 C:\\Web2Proyecto\\proyectolaravel\\example-app\\vendor\\laravel\\framework\\src\\Illuminate\\Foundation\\Application.php(1235): Illuminate\\Foundation\\Console\\Kernel->handle()
#29 C:\\Web2Proyecto\\proyectolaravel\\example-app\\artisan(16): Illuminate\\Foundation\\Application->handleCommand()
#30 {main}
"} 
[2025-10-08 03:50:16] local.ERROR: SQLSTATE[08006] [7] connection to server at "127.0.0.1", port 5432 failed: fe_sendauth: no password supplied {"exception":"[object] (PDOException(code: 7): SQLSTATE[08006] [7] connection to server at \"127.0.0.1\", port 5432 failed: fe_sendauth: no password supplied at C:\\Web2Proyecto\\proyectolaravel\\example-app\\vendor\\laravel\\framework\\src\\Illuminate\\Database\\Connectors\\Connector.php:67)
[stacktrace]
#0 C:\\Web2Proyecto\\proyectolaravel\\example-app\\vendor\\laravel\\framework\\src\\Illuminate\\Database\\Connectors\\Connector.php(67): PDO::connect()
#1 C:\\Web2Proyecto\\proyectolaravel\\example-app\\vendor\\laravel\\framework\\src\\Illuminate\\Database\\Connectors\\Connector.php(44): Illuminate\\Database\\Connectors\\Connector->createPdoConnection()
#2 C:\\Web2Proyecto\\proyectolaravel\\example-app\\vendor\\laravel\\framework\\src\\Illuminate\\Database\\Connectors\\PostgresConnector.php(35): Illuminate\\Database\\Connectors\\Connector->createConnection()
#3 C:\\Web2Proyecto\\proyectolaravel\\example-app\\vendor\\laravel\\framework\\src\\Illuminate\\Database\\Connectors\\ConnectionFactory.php(184): Illuminate\\Database\\Connectors\\PostgresConnector->connect()
#4 [internal function]: Illuminate\\Database\\Connectors\\ConnectionFactory->{closure:Illuminate\\Database\\Connectors\\ConnectionFactory::createPdoResolverWithHosts():179}()
#5 C:\\Web2Proyecto\\proyectolaravel\\example-app\\vendor\\laravel\\framework\\src\\Illuminate\\Database\\Connection.php(1230): call_user_func()
#6 C:\\Web2Proyecto\\proyectolaravel\\example-app\\vendor\\laravel\\framework\\src\\Illuminate\\Database\\Connection.php(1480): Illuminate\\Database\\Connection->getPdo()
#7 C:\\Web2Proyecto\\proyectolaravel\\example-app\\vendor\\laravel\\framework\\src\\Illuminate\\Database\\Concerns\\ManagesTransactions.php(154): Illuminate\\Database\\Connection->executeBeginTransactionStatement()
#8 C:\\Web2Proyecto\\proyectolaravel\\example-app\\vendor\\laravel\\framework\\src\\Illuminate\\Database\\Concerns\\ManagesTransactions.php(130): Illuminate\\Database\\Connection->createTransaction()
#9 C:\\Web2Proyecto\\proyectolaravel\\example-app\\vendor\\laravel\\framework\\src\\Illuminate\\Database\\Concerns\\ManagesTransactions.php(29): Illuminate\\Database\\Connection->beginTransaction()
#10 C:\\Web2Proyecto\\proyectolaravel\\example-app\\vendor\\laravel\\framework\\src\\Illuminate\\Queue\\DatabaseQueue.php(285): Illuminate\\Database\\Connection->transaction()
#11 C:\\Web2Proyecto\\proyectolaravel\\example-app\\vendor\\laravel\\framework\\src\\Illuminate\\Queue\\Worker.php(360): Illuminate\\Queue\\DatabaseQueue->pop()
#12 C:\\Web2Proyecto\\proyectolaravel\\example-app\\vendor\\laravel\\framework\\src\\Illuminate\\Queue\\Worker.php(375): Illuminate\\Queue\\Worker->{closure:Illuminate\\Queue\\Worker::getNextJob():359}()
#13 C:\\Web2Proyecto\\proyectolaravel\\example-app\\vendor\\laravel\\framework\\src\\Illuminate\\Queue\\Worker.php(336): Illuminate\\Queue\\Worker->getNextJob()
#14 C:\\Web2Proyecto\\proyectolaravel\\example-app\\vendor\\laravel\\framework\\src\\Illuminate\\Queue\\Console\\WorkCommand.php(148): Illuminate\\Queue\\Worker->runNextJob()
#15 C:\\Web2Proyecto\\proyectolaravel\\example-app\\vendor\\laravel\\framework\\src\\Illuminate\\Queue\\Console\\WorkCommand.php(131): Illuminate\\Queue\\Console\\WorkCommand->runWorker()
#16 C:\\Web2Proyecto\\proyectolaravel\\example-app\\vendor\\laravel\\framework\\src\\Illuminate\\Container\\BoundMethod.php(36): Illuminate\\Queue\\Console\\WorkCommand->handle()
#17 C:\\Web2Proyecto\\proyectolaravel\\example-app\\vendor\\laravel\\framework\\src\\Illuminate\\Container\\Util.php(43): Illuminate\\Container\\BoundMethod::{closure:Illuminate\\Container\\BoundMethod::call():35}()
#18 C:\\Web2Proyecto\\proyectolaravel\\example-app\\vendor\\laravel\\framework\\src\\Illuminate\\Container\\BoundMethod.php(96): Illuminate\\Container\\Util::unwrapIfClosure()
#19 C:\\Web2Proyecto\\proyectolaravel\\example-app\\vendor\\laravel\\framework\\src\\Illuminate\\Container\\BoundMethod.php(35): Illuminate\\Container\\BoundMethod::callBoundMethod()
#20 C:\\Web2Proyecto\\proyectolaravel\\example-app\\vendor\\laravel\\framework\\src\\Illuminate\\Container\\Container.php(836): Illuminate\\Container\\BoundMethod::call()
#21 C:\\Web2Proyecto\\proyectolaravel\\example-app\\vendor\\laravel\\framework\\src\\Illuminate\\Console\\Command.php(211): Illuminate\\Container\\Container->call()
#22 C:\\Web2Proyecto\\proyectolaravel\\example-app\\vendor\\symfony\\console\\Command\\Command.php(318): Illuminate\\Console\\Command->execute()
#23 C:\\Web2Proyecto\\proyectolaravel\\example-app\\vendor\\laravel\\framework\\src\\Illuminate\\Console\\Command.php(180): Symfony\\Component\\Console\\Command\\Command->run()
#24 C:\\Web2Proyecto\\proyectolaravel\\example-app\\vendor\\symfony\\console\\Application.php(1110): Illuminate\\Console\\Command->run()
#25 C:\\Web2Proyecto\\proyectolaravel\\example-app\\vendor\\symfony\\console\\Application.php(359): Symfony\\Component\\Console\\Application->doRunCommand()
#26 C:\\Web2Proyecto\\proyectolaravel\\example-app\\vendor\\symfony\\console\\Application.php(194): Symfony\\Component\\Console\\Application->doRun()
#27 C:\\Web2Proyecto\\proyectolaravel\\example-app\\vendor\\laravel\\framework\\src\\Illuminate\\Foundation\\Console\\Kernel.php(197): Symfony\\Component\\Console\\Application->run()
#28 C:\\Web2Proyecto\\proyectolaravel\\example-app\\vendor\\laravel\\framework\\src\\Illuminate\\Foundation\\Application.php(1235): Illuminate\\Foundation\\Console\\Kernel->handle()
#29 C:\\Web2Proyecto\\proyectolaravel\\example-app\\artisan(16): Illuminate\\Foundation\\Application->handleCommand()
#30 {main}
"} 
[2025-10-08 03:50:21] local.ERROR: SQLSTATE[08006] [7] connection to server at "127.0.0.1", port 5432 failed: fe_sendauth: no password supplied {"exception":"[object] (PDOException(code: 7): SQLSTATE[08006] [7] connection to server at \"127.0.0.1\", port 5432 failed: fe_sendauth: no password supplied at C:\\Web2Proyecto\\proyectolaravel\\example-app\\vendor\\laravel\\framework\\src\\Illuminate\\Database\\Connectors\\Connector.php:67)
[stacktrace]
#0 C:\\Web2Proyecto\\proyectolaravel\\example-app\\vendor\\laravel\\framework\\src\\Illuminate\\Database\\Connectors\\Connector.php(67): PDO::connect()
#1 C:\\Web2Proyecto\\proyectolaravel\\example-app\\vendor\\laravel\\framework\\src\\Illuminate\\Database\\Connectors\\Connector.php(44): Illuminate\\Database\\Connectors\\Connector->createPdoConnection()
#2 C:\\Web2Proyecto\\proyectolaravel\\example-app\\vendor\\laravel\\framework\\src\\Illuminate\\Database\\Connectors\\PostgresConnector.php(35): Illuminate\\Database\\Connectors\\Connector->createConnection()
#3 C:\\Web2Proyecto\\proyectolaravel\\example-app\\vendor\\laravel\\framework\\src\\Illuminate\\Database\\Connectors\\ConnectionFactory.php(184): Illuminate\\Database\\Connectors\\PostgresConnector->connect()
#4 [internal function]: Illuminate\\Database\\Connectors\\ConnectionFactory->{closure:Illuminate\\Database\\Connectors\\ConnectionFactory::createPdoResolverWithHosts():179}()
#5 C:\\Web2Proyecto\\proyectolaravel\\example-app\\vendor\\laravel\\framework\\src\\Illuminate\\Database\\Connection.php(1230): call_user_func()
#6 C:\\Web2Proyecto\\proyectolaravel\\example-app\\vendor\\laravel\\framework\\src\\Illuminate\\Database\\Connection.php(1480): Illuminate\\Database\\Connection->getPdo()
#7 C:\\Web2Proyecto\\proyectolaravel\\example-app\\vendor\\laravel\\framework\\src\\Illuminate\\Database\\Concerns\\ManagesTransactions.php(154): Illuminate\\Database\\Connection->executeBeginTransactionStatement()
#8 C:\\Web2Proyecto\\proyectolaravel\\example-app\\vendor\\laravel\\framework\\src\\Illuminate\\Database\\Concerns\\ManagesTransactions.php(130): Illuminate\\Database\\Connection->createTransaction()
#9 C:\\Web2Proyecto\\proyectolaravel\\example-app\\vendor\\laravel\\framework\\src\\Illuminate\\Database\\Concerns\\ManagesTransactions.php(29): Illuminate\\Database\\Connection->beginTransaction()
#10 C:\\Web2Proyecto\\proyectolaravel\\example-app\\vendor\\laravel\\framework\\src\\Illuminate\\Queue\\DatabaseQueue.php(285): Illuminate\\Database\\Connection->transaction()
#11 C:\\Web2Proyecto\\proyectolaravel\\example-app\\vendor\\laravel\\framework\\src\\Illuminate\\Queue\\Worker.php(360): Illuminate\\Queue\\DatabaseQueue->pop()
#12 C:\\Web2Proyecto\\proyectolaravel\\example-app\\vendor\\laravel\\framework\\src\\Illuminate\\Queue\\Worker.php(375): Illuminate\\Queue\\Worker->{closure:Illuminate\\Queue\\Worker::getNextJob():359}()
#13 C:\\Web2Proyecto\\proyectolaravel\\example-app\\vendor\\laravel\\framework\\src\\Illuminate\\Queue\\Worker.php(336): Illuminate\\Queue\\Worker->getNextJob()
#14 C:\\Web2Proyecto\\proyectolaravel\\example-app\\vendor\\laravel\\framework\\src\\Illuminate\\Queue\\Console\\WorkCommand.php(148): Illuminate\\Queue\\Worker->runNextJob()
#15 C:\\Web2Proyecto\\proyectolaravel\\example-app\\vendor\\laravel\\framework\\src\\Illuminate\\Queue\\Console\\WorkCommand.php(131): Illuminate\\Queue\\Console\\WorkCommand->runWorker()
#16 C:\\Web2Proyecto\\proyectolaravel\\example-app\\vendor\\laravel\\framework\\src\\Illuminate\\Container\\BoundMethod.php(36): Illuminate\\Queue\\Console\\WorkCommand->handle()
#17 C:\\Web2Proyecto\\proyectolaravel\\example-app\\vendor\\laravel\\framework\\src\\Illuminate\\Container\\Util.php(43): Illuminate\\Container\\BoundMethod::{closure:Illuminate\\Container\\BoundMethod::call():35}()
#18 C:\\Web2Proyecto\\proyectolaravel\\example-app\\vendor\\laravel\\framework\\src\\Illuminate\\Container\\BoundMethod.php(96): Illuminate\\Container\\Util::unwrapIfClosure()
#19 C:\\Web2Proyecto\\proyectolaravel\\example-app\\vendor\\laravel\\framework\\src\\Illuminate\\Container\\BoundMethod.php(35): Illuminate\\Container\\BoundMethod::callBoundMethod()
#20 C:\\Web2Proyecto\\proyectolaravel\\example-app\\vendor\\laravel\\framework\\src\\Illuminate\\Container\\Container.php(836): Illuminate\\Container\\BoundMethod::call()
#21 C:\\Web2Proyecto\\proyectolaravel\\example-app\\vendor\\laravel\\framework\\src\\Illuminate\\Console\\Command.php(211): Illuminate\\Container\\Container->call()
#22 C:\\Web2Proyecto\\proyectolaravel\\example-app\\vendor\\symfony\\console\\Command\\Command.php(318): Illuminate\\Console\\Command->execute()
#23 C:\\Web2Proyecto\\proyectolaravel\\example-app\\vendor\\laravel\\framework\\src\\Illuminate\\Console\\Command.php(180): Symfony\\Component\\Console\\Command\\Command->run()
#24 C:\\Web2Proyecto\\proyectolaravel\\example-app\\vendor\\symfony\\console\\Application.php(1110): Illuminate\\Console\\Command->run()
#25 C:\\Web2Proyecto\\proyectolaravel\\example-app\\vendor\\symfony\\console\\Application.php(359): Symfony\\Component\\Console\\Application->doRunCommand()
#26 C:\\Web2Proyecto\\proyectolaravel\\example-app\\vendor\\symfony\\console\\Application.php(194): Symfony\\Component\\Console\\Application->doRun()
#27 C:\\Web2Proyecto\\proyectolaravel\\example-app\\vendor\\laravel\\framework\\src\\Illuminate\\Foundation\\Console\\Kernel.php(197): Symfony\\Component\\Console\\Application->run()
#28 C:\\Web2Proyecto\\proyectolaravel\\example-app\\vendor\\laravel\\framework\\src\\Illuminate\\Foundation\\Application.php(1235): Illuminate\\Foundation\\Console\\Kernel->handle()
#29 C:\\Web2Proyecto\\proyectolaravel\\example-app\\artisan(16): Illuminate\\Foundation\\Application->handleCommand()
#30 {main}
"} 
[2025-10-08 03:50:26] local.ERROR: SQLSTATE[08006] [7] connection to server at "127.0.0.1", port 5432 failed: fe_sendauth: no password supplied {"exception":"[object] (PDOException(code: 7): SQLSTATE[08006] [7] connection to server at \"127.0.0.1\", port 5432 failed: fe_sendauth: no password supplied at C:\\Web2Proyecto\\proyectolaravel\\example-app\\vendor\\laravel\\framework\\src\\Illuminate\\Database\\Connectors\\Connector.php:67)
[stacktrace]
#0 C:\\Web2Proyecto\\proyectolaravel\\example-app\\vendor\\laravel\\framework\\src\\Illuminate\\Database\\Connectors\\Connector.php(67): PDO::connect()
#1 C:\\Web2Proyecto\\proyectolaravel\\example-app\\vendor\\laravel\\framework\\src\\Illuminate\\Database\\Connectors\\Connector.php(44): Illuminate\\Database\\Connectors\\Connector->createPdoConnection()
#2 C:\\Web2Proyecto\\proyectolaravel\\example-app\\vendor\\laravel\\framework\\src\\Illuminate\\Database\\Connectors\\PostgresConnector.php(35): Illuminate\\Database\\Connectors\\Connector->createConnection()
#3 C:\\Web2Proyecto\\proyectolaravel\\example-app\\vendor\\laravel\\framework\\src\\Illuminate\\Database\\Connectors\\ConnectionFactory.php(184): Illuminate\\Database\\Connectors\\PostgresConnector->connect()
#4 [internal function]: Illuminate\\Database\\Connectors\\ConnectionFactory->{closure:Illuminate\\Database\\Connectors\\ConnectionFactory::createPdoResolverWithHosts():179}()
#5 C:\\Web2Proyecto\\proyectolaravel\\example-app\\vendor\\laravel\\framework\\src\\Illuminate\\Database\\Connection.php(1230): call_user_func()
#6 C:\\Web2Proyecto\\proyectolaravel\\example-app\\vendor\\laravel\\framework\\src\\Illuminate\\Database\\Connection.php(1480): Illuminate\\Database\\Connection->getPdo()
#7 C:\\Web2Proyecto\\proyectolaravel\\example-app\\vendor\\laravel\\framework\\src\\Illuminate\\Database\\Concerns\\ManagesTransactions.php(154): Illuminate\\Database\\Connection->executeBeginTransactionStatement()
#8 C:\\Web2Proyecto\\proyectolaravel\\example-app\\vendor\\laravel\\framework\\src\\Illuminate\\Database\\Concerns\\ManagesTransactions.php(130): Illuminate\\Database\\Connection->createTransaction()
#9 C:\\Web2Proyecto\\proyectolaravel\\example-app\\vendor\\laravel\\framework\\src\\Illuminate\\Database\\Concerns\\ManagesTransactions.php(29): Illuminate\\Database\\Connection->beginTransaction()
#10 C:\\Web2Proyecto\\proyectolaravel\\example-app\\vendor\\laravel\\framework\\src\\Illuminate\\Queue\\DatabaseQueue.php(285): Illuminate\\Database\\Connection->transaction()
#11 C:\\Web2Proyecto\\proyectolaravel\\example-app\\vendor\\laravel\\framework\\src\\Illuminate\\Queue\\Worker.php(360): Illuminate\\Queue\\DatabaseQueue->pop()
#12 C:\\Web2Proyecto\\proyectolaravel\\example-app\\vendor\\laravel\\framework\\src\\Illuminate\\Queue\\Worker.php(375): Illuminate\\Queue\\Worker->{closure:Illuminate\\Queue\\Worker::getNextJob():359}()
#13 C:\\Web2Proyecto\\proyectolaravel\\example-app\\vendor\\laravel\\framework\\src\\Illuminate\\Queue\\Worker.php(336): Illuminate\\Queue\\Worker->getNextJob()
#14 C:\\Web2Proyecto\\proyectolaravel\\example-app\\vendor\\laravel\\framework\\src\\Illuminate\\Queue\\Console\\WorkCommand.php(148): Illuminate\\Queue\\Worker->runNextJob()
#15 C:\\Web2Proyecto\\proyectolaravel\\example-app\\vendor\\laravel\\framework\\src\\Illuminate\\Queue\\Console\\WorkCommand.php(131): Illuminate\\Queue\\Console\\WorkCommand->runWorker()
#16 C:\\Web2Proyecto\\proyectolaravel\\example-app\\vendor\\laravel\\framework\\src\\Illuminate\\Container\\BoundMethod.php(36): Illuminate\\Queue\\Console\\WorkCommand->handle()
#17 C:\\Web2Proyecto\\proyectolaravel\\example-app\\vendor\\laravel\\framework\\src\\Illuminate\\Container\\Util.php(43): Illuminate\\Container\\BoundMethod::{closure:Illuminate\\Container\\BoundMethod::call():35}()
#18 C:\\Web2Proyecto\\proyectolaravel\\example-app\\vendor\\laravel\\framework\\src\\Illuminate\\Container\\BoundMethod.php(96): Illuminate\\Container\\Util::unwrapIfClosure()
#19 C:\\Web2Proyecto\\proyectolaravel\\example-app\\vendor\\laravel\\framework\\src\\Illuminate\\Container\\BoundMethod.php(35): Illuminate\\Container\\BoundMethod::callBoundMethod()
#20 C:\\Web2Proyecto\\proyectolaravel\\example-app\\vendor\\laravel\\framework\\src\\Illuminate\\Container\\Container.php(836): Illuminate\\Container\\BoundMethod::call()
#21 C:\\Web2Proyecto\\proyectolaravel\\example-app\\vendor\\laravel\\framework\\src\\Illuminate\\Console\\Command.php(211): Illuminate\\Container\\Container->call()
#22 C:\\Web2Proyecto\\proyectolaravel\\example-app\\vendor\\symfony\\console\\Command\\Command.php(318): Illuminate\\Console\\Command->execute()
#23 C:\\Web2Proyecto\\proyectolaravel\\example-app\\vendor\\laravel\\framework\\src\\Illuminate\\Console\\Command.php(180): Symfony\\Component\\Console\\Command\\Command->run()
#24 C:\\Web2Proyecto\\proyectolaravel\\example-app\\vendor\\symfony\\console\\Application.php(1110): Illuminate\\Console\\Command->run()
#25 C:\\Web2Proyecto\\proyectolaravel\\example-app\\vendor\\symfony\\console\\Application.php(359): Symfony\\Component\\Console\\Application->doRunCommand()
#26 C:\\Web2Proyecto\\proyectolaravel\\example-app\\vendor\\symfony\\console\\Application.php(194): Symfony\\Component\\Console\\Application->doRun()
#27 C:\\Web2Proyecto\\proyectolaravel\\example-app\\vendor\\laravel\\framework\\src\\Illuminate\\Foundation\\Console\\Kernel.php(197): Symfony\\Component\\Console\\Application->run()
#28 C:\\Web2Proyecto\\proyectolaravel\\example-app\\vendor\\laravel\\framework\\src\\Illuminate\\Foundation\\Application.php(1235): Illuminate\\Foundation\\Console\\Kernel->handle()
#29 C:\\Web2Proyecto\\proyectolaravel\\example-app\\artisan(16): Illuminate\\Foundation\\Application->handleCommand()
#30 {main}
"} 
[2025-10-08 03:50:31] local.ERROR: SQLSTATE[08006] [7] connection to server at "127.0.0.1", port 5432 failed: fe_sendauth: no password supplied {"exception":"[object] (PDOException(code: 7): SQLSTATE[08006] [7] connection to server at \"127.0.0.1\", port 5432 failed: fe_sendauth: no password supplied at C:\\Web2Proyecto\\proyectolaravel\\example-app\\vendor\\laravel\\framework\\src\\Illuminate\\Database\\Connectors\\Connector.php:67)
[stacktrace]
#0 C:\\Web2Proyecto\\proyectolaravel\\example-app\\vendor\\laravel\\framework\\src\\Illuminate\\Database\\Connectors\\Connector.php(67): PDO::connect()
#1 C:\\Web2Proyecto\\proyectolaravel\\example-app\\vendor\\laravel\\framework\\src\\Illuminate\\Database\\Connectors\\Connector.php(44): Illuminate\\Database\\Connectors\\Connector->createPdoConnection()
#2 C:\\Web2Proyecto\\proyectolaravel\\example-app\\vendor\\laravel\\framework\\src\\Illuminate\\Database\\Connectors\\PostgresConnector.php(35): Illuminate\\Database\\Connectors\\Connector->createConnection()
#3 C:\\Web2Proyecto\\proyectolaravel\\example-app\\vendor\\laravel\\framework\\src\\Illuminate\\Database\\Connectors\\ConnectionFactory.php(184): Illuminate\\Database\\Connectors\\PostgresConnector->connect()
#4 [internal function]: Illuminate\\Database\\Connectors\\ConnectionFactory->{closure:Illuminate\\Database\\Connectors\\ConnectionFactory::createPdoResolverWithHosts():179}()
#5 C:\\Web2Proyecto\\proyectolaravel\\example-app\\vendor\\laravel\\framework\\src\\Illuminate\\Database\\Connection.php(1230): call_user_func()
#6 C:\\Web2Proyecto\\proyectolaravel\\example-app\\vendor\\laravel\\framework\\src\\Illuminate\\Database\\Connection.php(1480): Illuminate\\Database\\Connection->getPdo()
#7 C:\\Web2Proyecto\\proyectolaravel\\example-app\\vendor\\laravel\\framework\\src\\Illuminate\\Database\\Concerns\\ManagesTransactions.php(154): Illuminate\\Database\\Connection->executeBeginTransactionStatement()
#8 C:\\Web2Proyecto\\proyectolaravel\\example-app\\vendor\\laravel\\framework\\src\\Illuminate\\Database\\Concerns\\ManagesTransactions.php(130): Illuminate\\Database\\Connection->createTransaction()
#9 C:\\Web2Proyecto\\proyectolaravel\\example-app\\vendor\\laravel\\framework\\src\\Illuminate\\Database\\Concerns\\ManagesTransactions.php(29): Illuminate\\Database\\Connection->beginTransaction()
#10 C:\\Web2Proyecto\\proyectolaravel\\example-app\\vendor\\laravel\\framework\\src\\Illuminate\\Queue\\DatabaseQueue.php(285): Illuminate\\Database\\Connection->transaction()
#11 C:\\Web2Proyecto\\proyectolaravel\\example-app\\vendor\\laravel\\framework\\src\\Illuminate\\Queue\\Worker.php(360): Illuminate\\Queue\\DatabaseQueue->pop()
#12 C:\\Web2Proyecto\\proyectolaravel\\example-app\\vendor\\laravel\\framework\\src\\Illuminate\\Queue\\Worker.php(375): Illuminate\\Queue\\Worker->{closure:Illuminate\\Queue\\Worker::getNextJob():359}()
#13 C:\\Web2Proyecto\\proyectolaravel\\example-app\\vendor\\laravel\\framework\\src\\Illuminate\\Queue\\Worker.php(336): Illuminate\\Queue\\Worker->getNextJob()
#14 C:\\Web2Proyecto\\proyectolaravel\\example-app\\vendor\\laravel\\framework\\src\\Illuminate\\Queue\\Console\\WorkCommand.php(148): Illuminate\\Queue\\Worker->runNextJob()
#15 C:\\Web2Proyecto\\proyectolaravel\\example-app\\vendor\\laravel\\framework\\src\\Illuminate\\Queue\\Console\\WorkCommand.php(131): Illuminate\\Queue\\Console\\WorkCommand->runWorker()
#16 C:\\Web2Proyecto\\proyectolaravel\\example-app\\vendor\\laravel\\framework\\src\\Illuminate\\Container\\BoundMethod.php(36): Illuminate\\Queue\\Console\\WorkCommand->handle()
#17 C:\\Web2Proyecto\\proyectolaravel\\example-app\\vendor\\laravel\\framework\\src\\Illuminate\\Container\\Util.php(43): Illuminate\\Container\\BoundMethod::{closure:Illuminate\\Container\\BoundMethod::call():35}()
#18 C:\\Web2Proyecto\\proyectolaravel\\example-app\\vendor\\laravel\\framework\\src\\Illuminate\\Container\\BoundMethod.php(96): Illuminate\\Container\\Util::unwrapIfClosure()
#19 C:\\Web2Proyecto\\proyectolaravel\\example-app\\vendor\\laravel\\framework\\src\\Illuminate\\Container\\BoundMethod.php(35): Illuminate\\Container\\BoundMethod::callBoundMethod()
#20 C:\\Web2Proyecto\\proyectolaravel\\example-app\\vendor\\laravel\\framework\\src\\Illuminate\\Container\\Container.php(836): Illuminate\\Container\\BoundMethod::call()
#21 C:\\Web2Proyecto\\proyectolaravel\\example-app\\vendor\\laravel\\framework\\src\\Illuminate\\Console\\Command.php(211): Illuminate\\Container\\Container->call()
#22 C:\\Web2Proyecto\\proyectolaravel\\example-app\\vendor\\symfony\\console\\Command\\Command.php(318): Illuminate\\Console\\Command->execute()
#23 C:\\Web2Proyecto\\proyectolaravel\\example-app\\vendor\\laravel\\framework\\src\\Illuminate\\Console\\Command.php(180): Symfony\\Component\\Console\\Command\\Command->run()
#24 C:\\Web2Proyecto\\proyectolaravel\\example-app\\vendor\\symfony\\console\\Application.php(1110): Illuminate\\Console\\Command->run()
#25 C:\\Web2Proyecto\\proyectolaravel\\example-app\\vendor\\symfony\\console\\Application.php(359): Symfony\\Component\\Console\\Application->doRunCommand()
#26 C:\\Web2Proyecto\\proyectolaravel\\example-app\\vendor\\symfony\\console\\Application.php(194): Symfony\\Component\\Console\\Application->doRun()
#27 C:\\Web2Proyecto\\proyectolaravel\\example-app\\vendor\\laravel\\framework\\src\\Illuminate\\Foundation\\Console\\Kernel.php(197): Symfony\\Component\\Console\\Application->run()
#28 C:\\Web2Proyecto\\proyectolaravel\\example-app\\vendor\\laravel\\framework\\src\\Illuminate\\Foundation\\Application.php(1235): Illuminate\\Foundation\\Console\\Kernel->handle()
#29 C:\\Web2Proyecto\\proyectolaravel\\example-app\\artisan(16): Illuminate\\Foundation\\Application->handleCommand()
#30 {main}
"} 
[2025-10-08 03:50:36] local.ERROR: SQLSTATE[08006] [7] connection to server at "127.0.0.1", port 5432 failed: fe_sendauth: no password supplied {"exception":"[object] (PDOException(code: 7): SQLSTATE[08006] [7] connection to server at \"127.0.0.1\", port 5432 failed: fe_sendauth: no password supplied at C:\\Web2Proyecto\\proyectolaravel\\example-app\\vendor\\laravel\\framework\\src\\Illuminate\\Database\\Connectors\\Connector.php:67)
[stacktrace]
#0 C:\\Web2Proyecto\\proyectolaravel\\example-app\\vendor\\laravel\\framework\\src\\Illuminate\\Database\\Connectors\\Connector.php(67): PDO::connect()
#1 C:\\Web2Proyecto\\proyectolaravel\\example-app\\vendor\\laravel\\framework\\src\\Illuminate\\Database\\Connectors\\Connector.php(44): Illuminate\\Database\\Connectors\\Connector->createPdoConnection()
#2 C:\\Web2Proyecto\\proyectolaravel\\example-app\\vendor\\laravel\\framework\\src\\Illuminate\\Database\\Connectors\\PostgresConnector.php(35): Illuminate\\Database\\Connectors\\Connector->createConnection()
#3 C:\\Web2Proyecto\\proyectolaravel\\example-app\\vendor\\laravel\\framework\\src\\Illuminate\\Database\\Connectors\\ConnectionFactory.php(184): Illuminate\\Database\\Connectors\\PostgresConnector->connect()
#4 [internal function]: Illuminate\\Database\\Connectors\\ConnectionFactory->{closure:Illuminate\\Database\\Connectors\\ConnectionFactory::createPdoResolverWithHosts():179}()
#5 C:\\Web2Proyecto\\proyectolaravel\\example-app\\vendor\\laravel\\framework\\src\\Illuminate\\Database\\Connection.php(1230): call_user_func()
#6 C:\\Web2Proyecto\\proyectolaravel\\example-app\\vendor\\laravel\\framework\\src\\Illuminate\\Database\\Connection.php(1480): Illuminate\\Database\\Connection->getPdo()
#7 C:\\Web2Proyecto\\proyectolaravel\\example-app\\vendor\\laravel\\framework\\src\\Illuminate\\Database\\Concerns\\ManagesTransactions.php(154): Illuminate\\Database\\Connection->executeBeginTransactionStatement()
#8 C:\\Web2Proyecto\\proyectolaravel\\example-app\\vendor\\laravel\\framework\\src\\Illuminate\\Database\\Concerns\\ManagesTransactions.php(130): Illuminate\\Database\\Connection->createTransaction()
#9 C:\\Web2Proyecto\\proyectolaravel\\example-app\\vendor\\laravel\\framework\\src\\Illuminate\\Database\\Concerns\\ManagesTransactions.php(29): Illuminate\\Database\\Connection->beginTransaction()
#10 C:\\Web2Proyecto\\proyectolaravel\\example-app\\vendor\\laravel\\framework\\src\\Illuminate\\Queue\\DatabaseQueue.php(285): Illuminate\\Database\\Connection->transaction()
#11 C:\\Web2Proyecto\\proyectolaravel\\example-app\\vendor\\laravel\\framework\\src\\Illuminate\\Queue\\Worker.php(360): Illuminate\\Queue\\DatabaseQueue->pop()
#12 C:\\Web2Proyecto\\proyectolaravel\\example-app\\vendor\\laravel\\framework\\src\\Illuminate\\Queue\\Worker.php(375): Illuminate\\Queue\\Worker->{closure:Illuminate\\Queue\\Worker::getNextJob():359}()
#13 C:\\Web2Proyecto\\proyectolaravel\\example-app\\vendor\\laravel\\framework\\src\\Illuminate\\Queue\\Worker.php(336): Illuminate\\Queue\\Worker->getNextJob()
#14 C:\\Web2Proyecto\\proyectolaravel\\example-app\\vendor\\laravel\\framework\\src\\Illuminate\\Queue\\Console\\WorkCommand.php(148): Illuminate\\Queue\\Worker->runNextJob()
#15 C:\\Web2Proyecto\\proyectolaravel\\example-app\\vendor\\laravel\\framework\\src\\Illuminate\\Queue\\Console\\WorkCommand.php(131): Illuminate\\Queue\\Console\\WorkCommand->runWorker()
#16 C:\\Web2Proyecto\\proyectolaravel\\example-app\\vendor\\laravel\\framework\\src\\Illuminate\\Container\\BoundMethod.php(36): Illuminate\\Queue\\Console\\WorkCommand->handle()
#17 C:\\Web2Proyecto\\proyectolaravel\\example-app\\vendor\\laravel\\framework\\src\\Illuminate\\Container\\Util.php(43): Illuminate\\Container\\BoundMethod::{closure:Illuminate\\Container\\BoundMethod::call():35}()
#18 C:\\Web2Proyecto\\proyectolaravel\\example-app\\vendor\\laravel\\framework\\src\\Illuminate\\Container\\BoundMethod.php(96): Illuminate\\Container\\Util::unwrapIfClosure()
#19 C:\\Web2Proyecto\\proyectolaravel\\example-app\\vendor\\laravel\\framework\\src\\Illuminate\\Container\\BoundMethod.php(35): Illuminate\\Container\\BoundMethod::callBoundMethod()
#20 C:\\Web2Proyecto\\proyectolaravel\\example-app\\vendor\\laravel\\framework\\src\\Illuminate\\Container\\Container.php(836): Illuminate\\Container\\BoundMethod::call()
#21 C:\\Web2Proyecto\\proyectolaravel\\example-app\\vendor\\laravel\\framework\\src\\Illuminate\\Console\\Command.php(211): Illuminate\\Container\\Container->call()
#22 C:\\Web2Proyecto\\proyectolaravel\\example-app\\vendor\\symfony\\console\\Command\\Command.php(318): Illuminate\\Console\\Command->execute()
#23 C:\\Web2Proyecto\\proyectolaravel\\example-app\\vendor\\laravel\\framework\\src\\Illuminate\\Console\\Command.php(180): Symfony\\Component\\Console\\Command\\Command->run()
#24 C:\\Web2Proyecto\\proyectolaravel\\example-app\\vendor\\symfony\\console\\Application.php(1110): Illuminate\\Console\\Command->run()
#25 C:\\Web2Proyecto\\proyectolaravel\\example-app\\vendor\\symfony\\console\\Application.php(359): Symfony\\Component\\Console\\Application->doRunCommand()
#26 C:\\Web2Proyecto\\proyectolaravel\\example-app\\vendor\\symfony\\console\\Application.php(194): Symfony\\Component\\Console\\Application->doRun()
#27 C:\\Web2Proyecto\\proyectolaravel\\example-app\\vendor\\laravel\\framework\\src\\Illuminate\\Foundation\\Console\\Kernel.php(197): Symfony\\Component\\Console\\Application->run()
#28 C:\\Web2Proyecto\\proyectolaravel\\example-app\\vendor\\laravel\\framework\\src\\Illuminate\\Foundation\\Application.php(1235): Illuminate\\Foundation\\Console\\Kernel->handle()
#29 C:\\Web2Proyecto\\proyectolaravel\\example-app\\artisan(16): Illuminate\\Foundation\\Application->handleCommand()
#30 {main}
"} 
[2025-10-08 03:50:39] local.ERROR: SQLSTATE[08006] [7] connection to server at "127.0.0.1", port 5432 failed: fe_sendauth: no password supplied (Connection: pgsql, SQL: select * from "sessions" where "id" = kIrWeq1ggubRgLjW2prw783BsPinroePRm4eG6ii limit 1) {"exception":"[object] (Illuminate\\Database\\QueryException(code: 7): SQLSTATE[08006] [7] connection to server at \"127.0.0.1\", port 5432 failed: fe_sendauth: no password supplied (Connection: pgsql, SQL: select * from \"sessions\" where \"id\" = kIrWeq1ggubRgLjW2prw783BsPinroePRm4eG6ii limit 1) at C:\\Web2Proyecto\\proyectolaravel\\example-app\\vendor\\laravel\\framework\\src\\Illuminate\\Database\\Connection.php:824)
[stacktrace]
#0 C:\\Web2Proyecto\\proyectolaravel\\example-app\\vendor\\laravel\\framework\\src\\Illuminate\\Database\\Connection.php(778): Illuminate\\Database\\Connection->runQueryCallback()
#1 C:\\Web2Proyecto\\proyectolaravel\\example-app\\vendor\\laravel\\framework\\src\\Illuminate\\Database\\Connection.php(397): Illuminate\\Database\\Connection->run()
#2 C:\\Web2Proyecto\\proyectolaravel\\example-app\\vendor\\laravel\\framework\\src\\Illuminate\\Database\\Query\\Builder.php(3188): Illuminate\\Database\\Connection->select()
#3 C:\\Web2Proyecto\\proyectolaravel\\example-app\\vendor\\laravel\\framework\\src\\Illuminate\\Database\\Query\\Builder.php(3173): Illuminate\\Database\\Query\\Builder->runSelect()
#4 C:\\Web2Proyecto\\proyectolaravel\\example-app\\vendor\\laravel\\framework\\src\\Illuminate\\Database\\Query\\Builder.php(3763): Illuminate\\Database\\Query\\Builder->{closure:Illuminate\\Database\\Query\\Builder::get():3172}()
#5 C:\\Web2Proyecto\\proyectolaravel\\example-app\\vendor\\laravel\\framework\\src\\Illuminate\\Database\\Query\\Builder.php(3172): Illuminate\\Database\\Query\\Builder->onceWithColumns()
#6 C:\\Web2Proyecto\\proyectolaravel\\example-app\\vendor\\laravel\\framework\\src\\Illuminate\\Database\\Concerns\\BuildsQueries.php(366): Illuminate\\Database\\Query\\Builder->get()
#7 C:\\Web2Proyecto\\proyectolaravel\\example-app\\vendor\\laravel\\framework\\src\\Illuminate\\Database\\Query\\Builder.php(3095): Illuminate\\Database\\Query\\Builder->first()
#8 C:\\Web2Proyecto\\proyectolaravel\\example-app\\vendor\\laravel\\framework\\src\\Illuminate\\Session\\DatabaseSessionHandler.php(96): Illuminate\\Database\\Query\\Builder->find()
#9 C:\\Web2Proyecto\\proyectolaravel\\example-app\\vendor\\laravel\\framework\\src\\Illuminate\\Session\\Store.php(117): Illuminate\\Session\\DatabaseSessionHandler->read()
#10 C:\\Web2Proyecto\\proyectolaravel\\example-app\\vendor\\laravel\\framework\\src\\Illuminate\\Session\\Store.php(105): Illuminate\\Session\\Store->readFromHandler()
#11 C:\\Web2Proyecto\\proyectolaravel\\example-app\\vendor\\laravel\\framework\\src\\Illuminate\\Session\\Store.php(89): Illuminate\\Session\\Store->loadSession()
#12 C:\\Web2Proyecto\\proyectolaravel\\example-app\\vendor\\laravel\\framework\\src\\Illuminate\\Session\\Middleware\\StartSession.php(146): Illuminate\\Session\\Store->start()
#13 C:\\Web2Proyecto\\proyectolaravel\\example-app\\vendor\\laravel\\framework\\src\\Illuminate\\Support\\helpers.php(390): Illuminate\\Session\\Middleware\\StartSession->{closure:Illuminate\\Session\\Middleware\\StartSession::startSession():143}()
#14 C:\\Web2Proyecto\\proyectolaravel\\example-app\\vendor\\laravel\\framework\\src\\Illuminate\\Session\\Middleware\\StartSession.php(143): tap()
#15 C:\\Web2Proyecto\\proyectolaravel\\example-app\\vendor\\laravel\\framework\\src\\Illuminate\\Session\\Middleware\\StartSession.php(115): Illuminate\\Session\\Middleware\\StartSession->startSession()
#16 C:\\Web2Proyecto\\proyectolaravel\\example-app\\vendor\\laravel\\framework\\src\\Illuminate\\Session\\Middleware\\StartSession.php(63): Illuminate\\Session\\Middleware\\StartSession->handleStatefulRequest()
#17 C:\\Web2Proyecto\\proyectolaravel\\example-app\\vendor\\laravel\\framework\\src\\Illuminate\\Pipeline\\Pipeline.php(219): Illuminate\\Session\\Middleware\\StartSession->handle()
#18 C:\\Web2Proyecto\\proyectolaravel\\example-app\\vendor\\laravel\\framework\\src\\Illuminate\\Cookie\\Middleware\\AddQueuedCookiesToResponse.php(36): Illuminate\\Pipeline\\Pipeline->{closure:{closure:Illuminate\\Pipeline\\Pipeline::carry():194}:195}()
#19 C:\\Web2Proyecto\\proyectolaravel\\example-app\\vendor\\laravel\\framework\\src\\Illuminate\\Pipeline\\Pipeline.php(219): Illuminate\\Cookie\\Middleware\\AddQueuedCookiesToResponse->handle()
#20 C:\\Web2Proyecto\\proyectolaravel\\example-app\\vendor\\laravel\\framework\\src\\Illuminate\\Cookie\\Middleware\\EncryptCookies.php(74): Illuminate\\Pipeline\\Pipeline->{closure:{closure:Illuminate\\Pipeline\\Pipeline::carry():194}:195}()
#21 C:\\Web2Proyecto\\proyectolaravel\\example-app\\vendor\\laravel\\framework\\src\\Illuminate\\Pipeline\\Pipeline.php(219): Illuminate\\Cookie\\Middleware\\EncryptCookies->handle()
#22 C:\\Web2Proyecto\\proyectolaravel\\example-app\\vendor\\laravel\\framework\\src\\Illuminate\\Pipeline\\Pipeline.php(137): Illuminate\\Pipeline\\Pipeline->{closure:{closure:Illuminate\\Pipeline\\Pipeline::carry():194}:195}()
#23 C:\\Web2Proyecto\\proyectolaravel\\example-app\\vendor\\laravel\\framework\\src\\Illuminate\\Routing\\Router.php(821): Illuminate\\Pipeline\\Pipeline->then()
#24 C:\\Web2Proyecto\\proyectolaravel\\example-app\\vendor\\laravel\\framework\\src\\Illuminate\\Routing\\Router.php(800): Illuminate\\Routing\\Router->runRouteWithinStack()
#25 C:\\Web2Proyecto\\proyectolaravel\\example-app\\vendor\\laravel\\framework\\src\\Illuminate\\Routing\\Router.php(764): Illuminate\\Routing\\Router->runRoute()
#26 C:\\Web2Proyecto\\proyectolaravel\\example-app\\vendor\\laravel\\framework\\src\\Illuminate\\Routing\\Router.php(753): Illuminate\\Routing\\Router->dispatchToRoute()
#27 C:\\Web2Proyecto\\proyectolaravel\\example-app\\vendor\\laravel\\framework\\src\\Illuminate\\Foundation\\Http\\Kernel.php(200): Illuminate\\Routing\\Router->dispatch()
#28 C:\\Web2Proyecto\\proyectolaravel\\example-app\\vendor\\laravel\\framework\\src\\Illuminate\\Pipeline\\Pipeline.php(180): Illuminate\\Foundation\\Http\\Kernel->{closure:Illuminate\\Foundation\\Http\\Kernel::dispatchToRouter():197}()
#29 C:\\Web2Proyecto\\proyectolaravel\\example-app\\vendor\\laravel\\framework\\src\\Illuminate\\Foundation\\Http\\Middleware\\TransformsRequest.php(21): Illuminate\\Pipeline\\Pipeline->{closure:Illuminate\\Pipeline\\Pipeline::prepareDestination():178}()
#30 C:\\Web2Proyecto\\proyectolaravel\\example-app\\vendor\\laravel\\framework\\src\\Illuminate\\Foundation\\Http\\Middleware\\ConvertEmptyStringsToNull.php(31): Illuminate\\Foundation\\Http\\Middleware\\TransformsRequest->handle()
#31 C:\\Web2Proyecto\\proyectolaravel\\example-app\\vendor\\laravel\\framework\\src\\Illuminate\\Pipeline\\Pipeline.php(219): Illuminate\\Foundation\\Http\\Middleware\\ConvertEmptyStringsToNull->handle()
#32 C:\\Web2Proyecto\\proyectolaravel\\example-app\\vendor\\laravel\\framework\\src\\Illuminate\\Foundation\\Http\\Middleware\\TransformsRequest.php(21): Illuminate\\Pipeline\\Pipeline->{closure:{closure:Illuminate\\Pipeline\\Pipeline::carry():194}:195}()
#33 C:\\Web2Proyecto\\proyectolaravel\\example-app\\vendor\\laravel\\framework\\src\\Illuminate\\Foundation\\Http\\Middleware\\TrimStrings.php(51): Illuminate\\Foundation\\Http\\Middleware\\TransformsRequest->handle()
#34 C:\\Web2Proyecto\\proyectolaravel\\example-app\\vendor\\laravel\\framework\\src\\Illuminate\\Pipeline\\Pipeline.php(219): Illuminate\\Foundation\\Http\\Middleware\\TrimStrings->handle()
#35 C:\\Web2Proyecto\\proyectolaravel\\example-app\\vendor\\laravel\\framework\\src\\Illuminate\\Http\\Middleware\\ValidatePostSize.php(27): Illuminate\\Pipeline\\Pipeline->{closure:{closure:Illuminate\\Pipeline\\Pipeline::carry():194}:195}()
#36 C:\\Web2Proyecto\\proyectolaravel\\example-app\\vendor\\laravel\\framework\\src\\Illuminate\\Pipeline\\Pipeline.php(219): Illuminate\\Http\\Middleware\\ValidatePostSize->handle()
#37 C:\\Web2Proyecto\\proyectolaravel\\example-app\\vendor\\laravel\\framework\\src\\Illuminate\\Foundation\\Http\\Middleware\\PreventRequestsDuringMaintenance.php(109): Illuminate\\Pipeline\\Pipeline->{closure:{closure:Illuminate\\Pipeline\\Pipeline::carry():194}:195}()
#38 C:\\Web2Proyecto\\proyectolaravel\\example-app\\vendor\\laravel\\framework\\src\\Illuminate\\Pipeline\\Pipeline.php(219): Illuminate\\Foundation\\Http\\Middleware\\PreventRequestsDuringMaintenance->handle()
#39 C:\\Web2Proyecto\\proyectolaravel\\example-app\\vendor\\laravel\\framework\\src\\Illuminate\\Http\\Middleware\\HandleCors.php(48): Illuminate\\Pipeline\\Pipeline->{closure:{closure:Illuminate\\Pipeline\\Pipeline::carry():194}:195}()
#40 C:\\Web2Proyecto\\proyectolaravel\\example-app\\vendor\\laravel\\framework\\src\\Illuminate\\Pipeline\\Pipeline.php(219): Illuminate\\Http\\Middleware\\HandleCors->handle()
#41 C:\\Web2Proyecto\\proyectolaravel\\example-app\\vendor\\laravel\\framework\\src\\Illuminate\\Http\\Middleware\\TrustProxies.php(58): Illuminate\\Pipeline\\Pipeline->{closure:{closure:Illuminate\\Pipeline\\Pipeline::carry():194}:195}()
#42 C:\\Web2Proyecto\\proyectolaravel\\example-app\\vendor\\laravel\\framework\\src\\Illuminate\\Pipeline\\Pipeline.php(219): Illuminate\\Http\\Middleware\\TrustProxies->handle()
#43 C:\\Web2Proyecto\\proyectolaravel\\example-app\\vendor\\laravel\\framework\\src\\Illuminate\\Foundation\\Http\\Middleware\\InvokeDeferredCallbacks.php(22): Illuminate\\Pipeline\\Pipeline->{closure:{closure:Illuminate\\Pipeline\\Pipeline::carry():194}:195}()
#44 C:\\Web2Proyecto\\proyectolaravel\\example-app\\vendor\\laravel\\framework\\src\\Illuminate\\Pipeline\\Pipeline.php(219): Illuminate\\Foundation\\Http\\Middleware\\InvokeDeferredCallbacks->handle()
#45 C:\\Web2Proyecto\\proyectolaravel\\example-app\\vendor\\laravel\\framework\\src\\Illuminate\\Http\\Middleware\\ValidatePathEncoding.php(26): Illuminate\\Pipeline\\Pipeline->{closure:{closure:Illuminate\\Pipeline\\Pipeline::carry():194}:195}()
#46 C:\\Web2Proyecto\\proyectolaravel\\example-app\\vendor\\laravel\\framework\\src\\Illuminate\\Pipeline\\Pipeline.php(219): Illuminate\\Http\\Middleware\\ValidatePathEncoding->handle()
#47 C:\\Web2Proyecto\\proyectolaravel\\example-app\\vendor\\laravel\\framework\\src\\Illuminate\\Pipeline\\Pipeline.php(137): Illuminate\\Pipeline\\Pipeline->{closure:{closure:Illuminate\\Pipeline\\Pipeline::carry():194}:195}()
#48 C:\\Web2Proyecto\\proyectolaravel\\example-app\\vendor\\laravel\\framework\\src\\Illuminate\\Foundation\\Http\\Kernel.php(175): Illuminate\\Pipeline\\Pipeline->then()
#49 C:\\Web2Proyecto\\proyectolaravel\\example-app\\vendor\\laravel\\framework\\src\\Illuminate\\Foundation\\Http\\Kernel.php(144): Illuminate\\Foundation\\Http\\Kernel->sendRequestThroughRouter()
#50 C:\\Web2Proyecto\\proyectolaravel\\example-app\\vendor\\laravel\\framework\\src\\Illuminate\\Foundation\\Application.php(1220): Illuminate\\Foundation\\Http\\Kernel->handle()
#51 C:\\Web2Proyecto\\proyectolaravel\\example-app\\public\\index.php(20): Illuminate\\Foundation\\Application->handleRequest()
#52 C:\\Web2Proyecto\\proyectolaravel\\example-app\\vendor\\laravel\\framework\\src\\Illuminate\\Foundation\\resources\\server.php(23): require_once('...')
#53 {main}

[previous exception] [object] (PDOException(code: 7): SQLSTATE[08006] [7] connection to server at \"127.0.0.1\", port 5432 failed: fe_sendauth: no password supplied at C:\\Web2Proyecto\\proyectolaravel\\example-app\\vendor\\laravel\\framework\\src\\Illuminate\\Database\\Connectors\\Connector.php:67)
[stacktrace]
#0 C:\\Web2Proyecto\\proyectolaravel\\example-app\\vendor\\laravel\\framework\\src\\Illuminate\\Database\\Connectors\\Connector.php(67): PDO::connect()
#1 C:\\Web2Proyecto\\proyectolaravel\\example-app\\vendor\\laravel\\framework\\src\\Illuminate\\Database\\Connectors\\Connector.php(44): Illuminate\\Database\\Connectors\\Connector->createPdoConnection()
#2 C:\\Web2Proyecto\\proyectolaravel\\example-app\\vendor\\laravel\\framework\\src\\Illuminate\\Database\\Connectors\\PostgresConnector.php(35): Illuminate\\Database\\Connectors\\Connector->createConnection()
#3 C:\\Web2Proyecto\\proyectolaravel\\example-app\\vendor\\laravel\\framework\\src\\Illuminate\\Database\\Connectors\\ConnectionFactory.php(184): Illuminate\\Database\\Connectors\\PostgresConnector->connect()
#4 [internal function]: Illuminate\\Database\\Connectors\\ConnectionFactory->{closure:Illuminate\\Database\\Connectors\\ConnectionFactory::createPdoResolverWithHosts():179}()
#5 C:\\Web2Proyecto\\proyectolaravel\\example-app\\vendor\\laravel\\framework\\src\\Illuminate\\Database\\Connection.php(1230): call_user_func()
#6 C:\\Web2Proyecto\\proyectolaravel\\example-app\\vendor\\laravel\\framework\\src\\Illuminate\\Database\\Connection.php(511): Illuminate\\Database\\Connection->getPdo()
#7 C:\\Web2Proyecto\\proyectolaravel\\example-app\\vendor\\laravel\\framework\\src\\Illuminate\\Database\\Connection.php(406): Illuminate\\Database\\Connection->getPdoForSelect()
#8 C:\\Web2Proyecto\\proyectolaravel\\example-app\\vendor\\laravel\\framework\\src\\Illuminate\\Database\\Connection.php(811): Illuminate\\Database\\Connection->{closure:Illuminate\\Database\\Connection::select():397}()
#9 C:\\Web2Proyecto\\proyectolaravel\\example-app\\vendor\\laravel\\framework\\src\\Illuminate\\Database\\Connection.php(778): Illuminate\\Database\\Connection->runQueryCallback()
#10 C:\\Web2Proyecto\\proyectolaravel\\example-app\\vendor\\laravel\\framework\\src\\Illuminate\\Database\\Connection.php(397): Illuminate\\Database\\Connection->run()
#11 C:\\Web2Proyecto\\proyectolaravel\\example-app\\vendor\\laravel\\framework\\src\\Illuminate\\Database\\Query\\Builder.php(3188): Illuminate\\Database\\Connection->select()
#12 C:\\Web2Proyecto\\proyectolaravel\\example-app\\vendor\\laravel\\framework\\src\\Illuminate\\Database\\Query\\Builder.php(3173): Illuminate\\Database\\Query\\Builder->runSelect()
#13 C:\\Web2Proyecto\\proyectolaravel\\example-app\\vendor\\laravel\\framework\\src\\Illuminate\\Database\\Query\\Builder.php(3763): Illuminate\\Database\\Query\\Builder->{closure:Illuminate\\Database\\Query\\Builder::get():3172}()
#14 C:\\Web2Proyecto\\proyectolaravel\\example-app\\vendor\\laravel\\framework\\src\\Illuminate\\Database\\Query\\Builder.php(3172): Illuminate\\Database\\Query\\Builder->onceWithColumns()
#15 C:\\Web2Proyecto\\proyectolaravel\\example-app\\vendor\\laravel\\framework\\src\\Illuminate\\Database\\Concerns\\BuildsQueries.php(366): Illuminate\\Database\\Query\\Builder->get()
#16 C:\\Web2Proyecto\\proyectolaravel\\example-app\\vendor\\laravel\\framework\\src\\Illuminate\\Database\\Query\\Builder.php(3095): Illuminate\\Database\\Query\\Builder->first()
#17 C:\\Web2Proyecto\\proyectolaravel\\example-app\\vendor\\laravel\\framework\\src\\Illuminate\\Session\\DatabaseSessionHandler.php(96): Illuminate\\Database\\Query\\Builder->find()
#18 C:\\Web2Proyecto\\proyectolaravel\\example-app\\vendor\\laravel\\framework\\src\\Illuminate\\Session\\Store.php(117): Illuminate\\Session\\DatabaseSessionHandler->read()
#19 C:\\Web2Proyecto\\proyectolaravel\\example-app\\vendor\\laravel\\framework\\src\\Illuminate\\Session\\Store.php(105): Illuminate\\Session\\Store->readFromHandler()
#20 C:\\Web2Proyecto\\proyectolaravel\\example-app\\vendor\\laravel\\framework\\src\\Illuminate\\Session\\Store.php(89): Illuminate\\Session\\Store->loadSession()
#21 C:\\Web2Proyecto\\proyectolaravel\\example-app\\vendor\\laravel\\framework\\src\\Illuminate\\Session\\Middleware\\StartSession.php(146): Illuminate\\Session\\Store->start()
#22 C:\\Web2Proyecto\\proyectolaravel\\example-app\\vendor\\laravel\\framework\\src\\Illuminate\\Support\\helpers.php(390): Illuminate\\Session\\Middleware\\StartSession->{closure:Illuminate\\Session\\Middleware\\StartSession::startSession():143}()
#23 C:\\Web2Proyecto\\proyectolaravel\\example-app\\vendor\\laravel\\framework\\src\\Illuminate\\Session\\Middleware\\StartSession.php(143): tap()
#24 C:\\Web2Proyecto\\proyectolaravel\\example-app\\vendor\\laravel\\framework\\src\\Illuminate\\Session\\Middleware\\StartSession.php(115): Illuminate\\Session\\Middleware\\StartSession->startSession()
#25 C:\\Web2Proyecto\\proyectolaravel\\example-app\\vendor\\laravel\\framework\\src\\Illuminate\\Session\\Middleware\\StartSession.php(63): Illuminate\\Session\\Middleware\\StartSession->handleStatefulRequest()
#26 C:\\Web2Proyecto\\proyectolaravel\\example-app\\vendor\\laravel\\framework\\src\\Illuminate\\Pipeline\\Pipeline.php(219): Illuminate\\Session\\Middleware\\StartSession->handle()
#27 C:\\Web2Proyecto\\proyectolaravel\\example-app\\vendor\\laravel\\framework\\src\\Illuminate\\Cookie\\Middleware\\AddQueuedCookiesToResponse.php(36): Illuminate\\Pipeline\\Pipeline->{closure:{closure:Illuminate\\Pipeline\\Pipeline::carry():194}:195}()
#28 C:\\Web2Proyecto\\proyectolaravel\\example-app\\vendor\\laravel\\framework\\src\\Illuminate\\Pipeline\\Pipeline.php(219): Illuminate\\Cookie\\Middleware\\AddQueuedCookiesToResponse->handle()
#29 C:\\Web2Proyecto\\proyectolaravel\\example-app\\vendor\\laravel\\framework\\src\\Illuminate\\Cookie\\Middleware\\EncryptCookies.php(74): Illuminate\\Pipeline\\Pipeline->{closure:{closure:Illuminate\\Pipeline\\Pipeline::carry():194}:195}()
#30 C:\\Web2Proyecto\\proyectolaravel\\example-app\\vendor\\laravel\\framework\\src\\Illuminate\\Pipeline\\Pipeline.php(219): Illuminate\\Cookie\\Middleware\\EncryptCookies->handle()
#31 C:\\Web2Proyecto\\proyectolaravel\\example-app\\vendor\\laravel\\framework\\src\\Illuminate\\Pipeline\\Pipeline.php(137): Illuminate\\Pipeline\\Pipeline->{closure:{closure:Illuminate\\Pipeline\\Pipeline::carry():194}:195}()
#32 C:\\Web2Proyecto\\proyectolaravel\\example-app\\vendor\\laravel\\framework\\src\\Illuminate\\Routing\\Router.php(821): Illuminate\\Pipeline\\Pipeline->then()
#33 C:\\Web2Proyecto\\proyectolaravel\\example-app\\vendor\\laravel\\framework\\src\\Illuminate\\Routing\\Router.php(800): Illuminate\\Routing\\Router->runRouteWithinStack()
#34 C:\\Web2Proyecto\\proyectolaravel\\example-app\\vendor\\laravel\\framework\\src\\Illuminate\\Routing\\Router.php(764): Illuminate\\Routing\\Router->runRoute()
#35 C:\\Web2Proyecto\\proyectolaravel\\example-app\\vendor\\laravel\\framework\\src\\Illuminate\\Routing\\Router.php(753): Illuminate\\Routing\\Router->dispatchToRoute()
#36 C:\\Web2Proyecto\\proyectolaravel\\example-app\\vendor\\laravel\\framework\\src\\Illuminate\\Foundation\\Http\\Kernel.php(200): Illuminate\\Routing\\Router->dispatch()
#37 C:\\Web2Proyecto\\proyectolaravel\\example-app\\vendor\\laravel\\framework\\src\\Illuminate\\Pipeline\\Pipeline.php(180): Illuminate\\Foundation\\Http\\Kernel->{closure:Illuminate\\Foundation\\Http\\Kernel::dispatchToRouter():197}()
#38 C:\\Web2Proyecto\\proyectolaravel\\example-app\\vendor\\laravel\\framework\\src\\Illuminate\\Foundation\\Http\\Middleware\\TransformsRequest.php(21): Illuminate\\Pipeline\\Pipeline->{closure:Illuminate\\Pipeline\\Pipeline::prepareDestination():178}()
#39 C:\\Web2Proyecto\\proyectolaravel\\example-app\\vendor\\laravel\\framework\\src\\Illuminate\\Foundation\\Http\\Middleware\\ConvertEmptyStringsToNull.php(31): Illuminate\\Foundation\\Http\\Middleware\\TransformsRequest->handle()
#40 C:\\Web2Proyecto\\proyectolaravel\\example-app\\vendor\\laravel\\framework\\src\\Illuminate\\Pipeline\\Pipeline.php(219): Illuminate\\Foundation\\Http\\Middleware\\ConvertEmptyStringsToNull->handle()
#41 C:\\Web2Proyecto\\proyectolaravel\\example-app\\vendor\\laravel\\framework\\src\\Illuminate\\Foundation\\Http\\Middleware\\TransformsRequest.php(21): Illuminate\\Pipeline\\Pipeline->{closure:{closure:Illuminate\\Pipeline\\Pipeline::carry():194}:195}()
#42 C:\\Web2Proyecto\\proyectolaravel\\example-app\\vendor\\laravel\\framework\\src\\Illuminate\\Foundation\\Http\\Middleware\\TrimStrings.php(51): Illuminate\\Foundation\\Http\\Middleware\\TransformsRequest->handle()
#43 C:\\Web2Proyecto\\proyectolaravel\\example-app\\vendor\\laravel\\framework\\src\\Illuminate\\Pipeline\\Pipeline.php(219): Illuminate\\Foundation\\Http\\Middleware\\TrimStrings->handle()
#44 C:\\Web2Proyecto\\proyectolaravel\\example-app\\vendor\\laravel\\framework\\src\\Illuminate\\Http\\Middleware\\ValidatePostSize.php(27): Illuminate\\Pipeline\\Pipeline->{closure:{closure:Illuminate\\Pipeline\\Pipeline::carry():194}:195}()
#45 C:\\Web2Proyecto\\proyectolaravel\\example-app\\vendor\\laravel\\framework\\src\\Illuminate\\Pipeline\\Pipeline.php(219): Illuminate\\Http\\Middleware\\ValidatePostSize->handle()
#46 C:\\Web2Proyecto\\proyectolaravel\\example-app\\vendor\\laravel\\framework\\src\\Illuminate\\Foundation\\Http\\Middleware\\PreventRequestsDuringMaintenance.php(109): Illuminate\\Pipeline\\Pipeline->{closure:{closure:Illuminate\\Pipeline\\Pipeline::carry():194}:195}()
#47 C:\\Web2Proyecto\\proyectolaravel\\example-app\\vendor\\laravel\\framework\\src\\Illuminate\\Pipeline\\Pipeline.php(219): Illuminate\\Foundation\\Http\\Middleware\\PreventRequestsDuringMaintenance->handle()
#48 C:\\Web2Proyecto\\proyectolaravel\\example-app\\vendor\\laravel\\framework\\src\\Illuminate\\Http\\Middleware\\HandleCors.php(48): Illuminate\\Pipeline\\Pipeline->{closure:{closure:Illuminate\\Pipeline\\Pipeline::carry():194}:195}()
#49 C:\\Web2Proyecto\\proyectolaravel\\example-app\\vendor\\laravel\\framework\\src\\Illuminate\\Pipeline\\Pipeline.php(219): Illuminate\\Http\\Middleware\\HandleCors->handle()
#50 C:\\Web2Proyecto\\proyectolaravel\\example-app\\vendor\\laravel\\framework\\src\\Illuminate\\Http\\Middleware\\TrustProxies.php(58): Illuminate\\Pipeline\\Pipeline->{closure:{closure:Illuminate\\Pipeline\\Pipeline::carry():194}:195}()
#51 C:\\Web2Proyecto\\proyectolaravel\\example-app\\vendor\\laravel\\framework\\src\\Illuminate\\Pipeline\\Pipeline.php(219): Illuminate\\Http\\Middleware\\TrustProxies->handle()
#52 C:\\Web2Proyecto\\proyectolaravel\\example-app\\vendor\\laravel\\framework\\src\\Illuminate\\Foundation\\Http\\Middleware\\InvokeDeferredCallbacks.php(22): Illuminate\\Pipeline\\Pipeline->{closure:{closure:Illuminate\\Pipeline\\Pipeline::carry():194}:195}()
#53 C:\\Web2Proyecto\\proyectolaravel\\example-app\\vendor\\laravel\\framework\\src\\Illuminate\\Pipeline\\Pipeline.php(219): Illuminate\\Foundation\\Http\\Middleware\\InvokeDeferredCallbacks->handle()
#54 C:\\Web2Proyecto\\proyectolaravel\\example-app\\vendor\\laravel\\framework\\src\\Illuminate\\Http\\Middleware\\ValidatePathEncoding.php(26): Illuminate\\Pipeline\\Pipeline->{closure:{closure:Illuminate\\Pipeline\\Pipeline::carry():194}:195}()
#55 C:\\Web2Proyecto\\proyectolaravel\\example-app\\vendor\\laravel\\framework\\src\\Illuminate\\Pipeline\\Pipeline.php(219): Illuminate\\Http\\Middleware\\ValidatePathEncoding->handle()
#56 C:\\Web2Proyecto\\proyectolaravel\\example-app\\vendor\\laravel\\framework\\src\\Illuminate\\Pipeline\\Pipeline.php(137): Illuminate\\Pipeline\\Pipeline->{closure:{closure:Illuminate\\Pipeline\\Pipeline::carry():194}:195}()
#57 C:\\Web2Proyecto\\proyectolaravel\\example-app\\vendor\\laravel\\framework\\src\\Illuminate\\Foundation\\Http\\Kernel.php(175): Illuminate\\Pipeline\\Pipeline->then()
#58 C:\\Web2Proyecto\\proyectolaravel\\example-app\\vendor\\laravel\\framework\\src\\Illuminate\\Foundation\\Http\\Kernel.php(144): Illuminate\\Foundation\\Http\\Kernel->sendRequestThroughRouter()
#59 C:\\Web2Proyecto\\proyectolaravel\\example-app\\vendor\\laravel\\framework\\src\\Illuminate\\Foundation\\Application.php(1220): Illuminate\\Foundation\\Http\\Kernel->handle()
#60 C:\\Web2Proyecto\\proyectolaravel\\example-app\\public\\index.php(20): Illuminate\\Foundation\\Application->handleRequest()
#61 C:\\Web2Proyecto\\proyectolaravel\\example-app\\vendor\\laravel\\framework\\src\\Illuminate\\Foundation\\resources\\server.php(23): require_once('...')
#62 {main}
"} 
[2025-10-08 03:50:41] local.ERROR: SQLSTATE[08006] [7] connection to server at "127.0.0.1", port 5432 failed: fe_sendauth: no password supplied {"exception":"[object] (PDOException(code: 7): SQLSTATE[08006] [7] connection to server at \"127.0.0.1\", port 5432 failed: fe_sendauth: no password supplied at C:\\Web2Proyecto\\proyectolaravel\\example-app\\vendor\\laravel\\framework\\src\\Illuminate\\Database\\Connectors\\Connector.php:67)
[stacktrace]
#0 C:\\Web2Proyecto\\proyectolaravel\\example-app\\vendor\\laravel\\framework\\src\\Illuminate\\Database\\Connectors\\Connector.php(67): PDO::connect()
#1 C:\\Web2Proyecto\\proyectolaravel\\example-app\\vendor\\laravel\\framework\\src\\Illuminate\\Database\\Connectors\\Connector.php(44): Illuminate\\Database\\Connectors\\Connector->createPdoConnection()
#2 C:\\Web2Proyecto\\proyectolaravel\\example-app\\vendor\\laravel\\framework\\src\\Illuminate\\Database\\Connectors\\PostgresConnector.php(35): Illuminate\\Database\\Connectors\\Connector->createConnection()
#3 C:\\Web2Proyecto\\proyectolaravel\\example-app\\vendor\\laravel\\framework\\src\\Illuminate\\Database\\Connectors\\ConnectionFactory.php(184): Illuminate\\Database\\Connectors\\PostgresConnector->connect()
#4 [internal function]: Illuminate\\Database\\Connectors\\ConnectionFactory->{closure:Illuminate\\Database\\Connectors\\ConnectionFactory::createPdoResolverWithHosts():179}()
#5 C:\\Web2Proyecto\\proyectolaravel\\example-app\\vendor\\laravel\\framework\\src\\Illuminate\\Database\\Connection.php(1230): call_user_func()
#6 C:\\Web2Proyecto\\proyectolaravel\\example-app\\vendor\\laravel\\framework\\src\\Illuminate\\Database\\Connection.php(1480): Illuminate\\Database\\Connection->getPdo()
#7 C:\\Web2Proyecto\\proyectolaravel\\example-app\\vendor\\laravel\\framework\\src\\Illuminate\\Database\\Concerns\\ManagesTransactions.php(154): Illuminate\\Database\\Connection->executeBeginTransactionStatement()
#8 C:\\Web2Proyecto\\proyectolaravel\\example-app\\vendor\\laravel\\framework\\src\\Illuminate\\Database\\Concerns\\ManagesTransactions.php(130): Illuminate\\Database\\Connection->createTransaction()
#9 C:\\Web2Proyecto\\proyectolaravel\\example-app\\vendor\\laravel\\framework\\src\\Illuminate\\Database\\Concerns\\ManagesTransactions.php(29): Illuminate\\Database\\Connection->beginTransaction()
#10 C:\\Web2Proyecto\\proyectolaravel\\example-app\\vendor\\laravel\\framework\\src\\Illuminate\\Queue\\DatabaseQueue.php(285): Illuminate\\Database\\Connection->transaction()
#11 C:\\Web2Proyecto\\proyectolaravel\\example-app\\vendor\\laravel\\framework\\src\\Illuminate\\Queue\\Worker.php(360): Illuminate\\Queue\\DatabaseQueue->pop()
#12 C:\\Web2Proyecto\\proyectolaravel\\example-app\\vendor\\laravel\\framework\\src\\Illuminate\\Queue\\Worker.php(375): Illuminate\\Queue\\Worker->{closure:Illuminate\\Queue\\Worker::getNextJob():359}()
#13 C:\\Web2Proyecto\\proyectolaravel\\example-app\\vendor\\laravel\\framework\\src\\Illuminate\\Queue\\Worker.php(336): Illuminate\\Queue\\Worker->getNextJob()
#14 C:\\Web2Proyecto\\proyectolaravel\\example-app\\vendor\\laravel\\framework\\src\\Illuminate\\Queue\\Console\\WorkCommand.php(148): Illuminate\\Queue\\Worker->runNextJob()
#15 C:\\Web2Proyecto\\proyectolaravel\\example-app\\vendor\\laravel\\framework\\src\\Illuminate\\Queue\\Console\\WorkCommand.php(131): Illuminate\\Queue\\Console\\WorkCommand->runWorker()
#16 C:\\Web2Proyecto\\proyectolaravel\\example-app\\vendor\\laravel\\framework\\src\\Illuminate\\Container\\BoundMethod.php(36): Illuminate\\Queue\\Console\\WorkCommand->handle()
#17 C:\\Web2Proyecto\\proyectolaravel\\example-app\\vendor\\laravel\\framework\\src\\Illuminate\\Container\\Util.php(43): Illuminate\\Container\\BoundMethod::{closure:Illuminate\\Container\\BoundMethod::call():35}()
#18 C:\\Web2Proyecto\\proyectolaravel\\example-app\\vendor\\laravel\\framework\\src\\Illuminate\\Container\\BoundMethod.php(96): Illuminate\\Container\\Util::unwrapIfClosure()
#19 C:\\Web2Proyecto\\proyectolaravel\\example-app\\vendor\\laravel\\framework\\src\\Illuminate\\Container\\BoundMethod.php(35): Illuminate\\Container\\BoundMethod::callBoundMethod()
#20 C:\\Web2Proyecto\\proyectolaravel\\example-app\\vendor\\laravel\\framework\\src\\Illuminate\\Container\\Container.php(836): Illuminate\\Container\\BoundMethod::call()
#21 C:\\Web2Proyecto\\proyectolaravel\\example-app\\vendor\\laravel\\framework\\src\\Illuminate\\Console\\Command.php(211): Illuminate\\Container\\Container->call()
#22 C:\\Web2Proyecto\\proyectolaravel\\example-app\\vendor\\symfony\\console\\Command\\Command.php(318): Illuminate\\Console\\Command->execute()
#23 C:\\Web2Proyecto\\proyectolaravel\\example-app\\vendor\\laravel\\framework\\src\\Illuminate\\Console\\Command.php(180): Symfony\\Component\\Console\\Command\\Command->run()
#24 C:\\Web2Proyecto\\proyectolaravel\\example-app\\vendor\\symfony\\console\\Application.php(1110): Illuminate\\Console\\Command->run()
#25 C:\\Web2Proyecto\\proyectolaravel\\example-app\\vendor\\symfony\\console\\Application.php(359): Symfony\\Component\\Console\\Application->doRunCommand()
#26 C:\\Web2Proyecto\\proyectolaravel\\example-app\\vendor\\symfony\\console\\Application.php(194): Symfony\\Component\\Console\\Application->doRun()
#27 C:\\Web2Proyecto\\proyectolaravel\\example-app\\vendor\\laravel\\framework\\src\\Illuminate\\Foundation\\Console\\Kernel.php(197): Symfony\\Component\\Console\\Application->run()
#28 C:\\Web2Proyecto\\proyectolaravel\\example-app\\vendor\\laravel\\framework\\src\\Illuminate\\Foundation\\Application.php(1235): Illuminate\\Foundation\\Console\\Kernel->handle()
#29 C:\\Web2Proyecto\\proyectolaravel\\example-app\\artisan(16): Illuminate\\Foundation\\Application->handleCommand()
#30 {main}
"} 
[2025-10-08 03:50:45] local.ERROR: SQLSTATE[08006] [7] connection to server at "127.0.0.1", port 5432 failed: fe_sendauth: no password supplied {"exception":"[object] (PDOException(code: 7): SQLSTATE[08006] [7] connection to server at \"127.0.0.1\", port 5432 failed: fe_sendauth: no password supplied at C:\\Web2Proyecto\\proyectolaravel\\example-app\\vendor\\laravel\\framework\\src\\Illuminate\\Database\\Connectors\\Connector.php:67)
[stacktrace]
#0 C:\\Web2Proyecto\\proyectolaravel\\example-app\\vendor\\laravel\\framework\\src\\Illuminate\\Database\\Connectors\\Connector.php(67): PDO::connect()
#1 C:\\Web2Proyecto\\proyectolaravel\\example-app\\vendor\\laravel\\framework\\src\\Illuminate\\Database\\Connectors\\Connector.php(44): Illuminate\\Database\\Connectors\\Connector->createPdoConnection()
#2 C:\\Web2Proyecto\\proyectolaravel\\example-app\\vendor\\laravel\\framework\\src\\Illuminate\\Database\\Connectors\\PostgresConnector.php(35): Illuminate\\Database\\Connectors\\Connector->createConnection()
#3 C:\\Web2Proyecto\\proyectolaravel\\example-app\\vendor\\laravel\\framework\\src\\Illuminate\\Database\\Connectors\\ConnectionFactory.php(184): Illuminate\\Database\\Connectors\\PostgresConnector->connect()
#4 [internal function]: Illuminate\\Database\\Connectors\\ConnectionFactory->{closure:Illuminate\\Database\\Connectors\\ConnectionFactory::createPdoResolverWithHosts():179}()
#5 C:\\Web2Proyecto\\proyectolaravel\\example-app\\vendor\\laravel\\framework\\src\\Illuminate\\Database\\Connection.php(1230): call_user_func()
#6 C:\\Web2Proyecto\\proyectolaravel\\example-app\\vendor\\laravel\\framework\\src\\Illuminate\\Database\\Connection.php(1480): Illuminate\\Database\\Connection->getPdo()
#7 C:\\Web2Proyecto\\proyectolaravel\\example-app\\vendor\\laravel\\framework\\src\\Illuminate\\Database\\Concerns\\ManagesTransactions.php(154): Illuminate\\Database\\Connection->executeBeginTransactionStatement()
#8 C:\\Web2Proyecto\\proyectolaravel\\example-app\\vendor\\laravel\\framework\\src\\Illuminate\\Database\\Concerns\\ManagesTransactions.php(130): Illuminate\\Database\\Connection->createTransaction()
#9 C:\\Web2Proyecto\\proyectolaravel\\example-app\\vendor\\laravel\\framework\\src\\Illuminate\\Database\\Concerns\\ManagesTransactions.php(29): Illuminate\\Database\\Connection->beginTransaction()
#10 C:\\Web2Proyecto\\proyectolaravel\\example-app\\vendor\\laravel\\framework\\src\\Illuminate\\Queue\\DatabaseQueue.php(285): Illuminate\\Database\\Connection->transaction()
#11 C:\\Web2Proyecto\\proyectolaravel\\example-app\\vendor\\laravel\\framework\\src\\Illuminate\\Queue\\Worker.php(360): Illuminate\\Queue\\DatabaseQueue->pop()
#12 C:\\Web2Proyecto\\proyectolaravel\\example-app\\vendor\\laravel\\framework\\src\\Illuminate\\Queue\\Worker.php(375): Illuminate\\Queue\\Worker->{closure:Illuminate\\Queue\\Worker::getNextJob():359}()
#13 C:\\Web2Proyecto\\proyectolaravel\\example-app\\vendor\\laravel\\framework\\src\\Illuminate\\Queue\\Worker.php(336): Illuminate\\Queue\\Worker->getNextJob()
#14 C:\\Web2Proyecto\\proyectolaravel\\example-app\\vendor\\laravel\\framework\\src\\Illuminate\\Queue\\Console\\WorkCommand.php(148): Illuminate\\Queue\\Worker->runNextJob()
#15 C:\\Web2Proyecto\\proyectolaravel\\example-app\\vendor\\laravel\\framework\\src\\Illuminate\\Queue\\Console\\WorkCommand.php(131): Illuminate\\Queue\\Console\\WorkCommand->runWorker()
#16 C:\\Web2Proyecto\\proyectolaravel\\example-app\\vendor\\laravel\\framework\\src\\Illuminate\\Container\\BoundMethod.php(36): Illuminate\\Queue\\Console\\WorkCommand->handle()
#17 C:\\Web2Proyecto\\proyectolaravel\\example-app\\vendor\\laravel\\framework\\src\\Illuminate\\Container\\Util.php(43): Illuminate\\Container\\BoundMethod::{closure:Illuminate\\Container\\BoundMethod::call():35}()
#18 C:\\Web2Proyecto\\proyectolaravel\\example-app\\vendor\\laravel\\framework\\src\\Illuminate\\Container\\BoundMethod.php(96): Illuminate\\Container\\Util::unwrapIfClosure()
#19 C:\\Web2Proyecto\\proyectolaravel\\example-app\\vendor\\laravel\\framework\\src\\Illuminate\\Container\\BoundMethod.php(35): Illuminate\\Container\\BoundMethod::callBoundMethod()
#20 C:\\Web2Proyecto\\proyectolaravel\\example-app\\vendor\\laravel\\framework\\src\\Illuminate\\Container\\Container.php(836): Illuminate\\Container\\BoundMethod::call()
#21 C:\\Web2Proyecto\\proyectolaravel\\example-app\\vendor\\laravel\\framework\\src\\Illuminate\\Console\\Command.php(211): Illuminate\\Container\\Container->call()
#22 C:\\Web2Proyecto\\proyectolaravel\\example-app\\vendor\\symfony\\console\\Command\\Command.php(318): Illuminate\\Console\\Command->execute()
#23 C:\\Web2Proyecto\\proyectolaravel\\example-app\\vendor\\laravel\\framework\\src\\Illuminate\\Console\\Command.php(180): Symfony\\Component\\Console\\Command\\Command->run()
#24 C:\\Web2Proyecto\\proyectolaravel\\example-app\\vendor\\symfony\\console\\Application.php(1110): Illuminate\\Console\\Command->run()
#25 C:\\Web2Proyecto\\proyectolaravel\\example-app\\vendor\\symfony\\console\\Application.php(359): Symfony\\Component\\Console\\Application->doRunCommand()
#26 C:\\Web2Proyecto\\proyectolaravel\\example-app\\vendor\\symfony\\console\\Application.php(194): Symfony\\Component\\Console\\Application->doRun()
#27 C:\\Web2Proyecto\\proyectolaravel\\example-app\\vendor\\laravel\\framework\\src\\Illuminate\\Foundation\\Console\\Kernel.php(197): Symfony\\Component\\Console\\Application->run()
#28 C:\\Web2Proyecto\\proyectolaravel\\example-app\\vendor\\laravel\\framework\\src\\Illuminate\\Foundation\\Application.php(1235): Illuminate\\Foundation\\Console\\Kernel->handle()
#29 C:\\Web2Proyecto\\proyectolaravel\\example-app\\artisan(16): Illuminate\\Foundation\\Application->handleCommand()
#30 {main}
"} 
[2025-10-08 03:50:50] local.ERROR: SQLSTATE[08006] [7] connection to server at "127.0.0.1", port 5432 failed: fe_sendauth: no password supplied {"exception":"[object] (PDOException(code: 7): SQLSTATE[08006] [7] connection to server at \"127.0.0.1\", port 5432 failed: fe_sendauth: no password supplied at C:\\Web2Proyecto\\proyectolaravel\\example-app\\vendor\\laravel\\framework\\src\\Illuminate\\Database\\Connectors\\Connector.php:67)
[stacktrace]
#0 C:\\Web2Proyecto\\proyectolaravel\\example-app\\vendor\\laravel\\framework\\src\\Illuminate\\Database\\Connectors\\Connector.php(67): PDO::connect()
#1 C:\\Web2Proyecto\\proyectolaravel\\example-app\\vendor\\laravel\\framework\\src\\Illuminate\\Database\\Connectors\\Connector.php(44): Illuminate\\Database\\Connectors\\Connector->createPdoConnection()
#2 C:\\Web2Proyecto\\proyectolaravel\\example-app\\vendor\\laravel\\framework\\src\\Illuminate\\Database\\Connectors\\PostgresConnector.php(35): Illuminate\\Database\\Connectors\\Connector->createConnection()
#3 C:\\Web2Proyecto\\proyectolaravel\\example-app\\vendor\\laravel\\framework\\src\\Illuminate\\Database\\Connectors\\ConnectionFactory.php(184): Illuminate\\Database\\Connectors\\PostgresConnector->connect()
#4 [internal function]: Illuminate\\Database\\Connectors\\ConnectionFactory->{closure:Illuminate\\Database\\Connectors\\ConnectionFactory::createPdoResolverWithHosts():179}()
#5 C:\\Web2Proyecto\\proyectolaravel\\example-app\\vendor\\laravel\\framework\\src\\Illuminate\\Database\\Connection.php(1230): call_user_func()
#6 C:\\Web2Proyecto\\proyectolaravel\\example-app\\vendor\\laravel\\framework\\src\\Illuminate\\Database\\Connection.php(1480): Illuminate\\Database\\Connection->getPdo()
#7 C:\\Web2Proyecto\\proyectolaravel\\example-app\\vendor\\laravel\\framework\\src\\Illuminate\\Database\\Concerns\\ManagesTransactions.php(154): Illuminate\\Database\\Connection->executeBeginTransactionStatement()
#8 C:\\Web2Proyecto\\proyectolaravel\\example-app\\vendor\\laravel\\framework\\src\\Illuminate\\Database\\Concerns\\ManagesTransactions.php(130): Illuminate\\Database\\Connection->createTransaction()
#9 C:\\Web2Proyecto\\proyectolaravel\\example-app\\vendor\\laravel\\framework\\src\\Illuminate\\Database\\Concerns\\ManagesTransactions.php(29): Illuminate\\Database\\Connection->beginTransaction()
#10 C:\\Web2Proyecto\\proyectolaravel\\example-app\\vendor\\laravel\\framework\\src\\Illuminate\\Queue\\DatabaseQueue.php(285): Illuminate\\Database\\Connection->transaction()
#11 C:\\Web2Proyecto\\proyectolaravel\\example-app\\vendor\\laravel\\framework\\src\\Illuminate\\Queue\\Worker.php(360): Illuminate\\Queue\\DatabaseQueue->pop()
#12 C:\\Web2Proyecto\\proyectolaravel\\example-app\\vendor\\laravel\\framework\\src\\Illuminate\\Queue\\Worker.php(375): Illuminate\\Queue\\Worker->{closure:Illuminate\\Queue\\Worker::getNextJob():359}()
#13 C:\\Web2Proyecto\\proyectolaravel\\example-app\\vendor\\laravel\\framework\\src\\Illuminate\\Queue\\Worker.php(336): Illuminate\\Queue\\Worker->getNextJob()
#14 C:\\Web2Proyecto\\proyectolaravel\\example-app\\vendor\\laravel\\framework\\src\\Illuminate\\Queue\\Console\\WorkCommand.php(148): Illuminate\\Queue\\Worker->runNextJob()
#15 C:\\Web2Proyecto\\proyectolaravel\\example-app\\vendor\\laravel\\framework\\src\\Illuminate\\Queue\\Console\\WorkCommand.php(131): Illuminate\\Queue\\Console\\WorkCommand->runWorker()
#16 C:\\Web2Proyecto\\proyectolaravel\\example-app\\vendor\\laravel\\framework\\src\\Illuminate\\Container\\BoundMethod.php(36): Illuminate\\Queue\\Console\\WorkCommand->handle()
#17 C:\\Web2Proyecto\\proyectolaravel\\example-app\\vendor\\laravel\\framework\\src\\Illuminate\\Container\\Util.php(43): Illuminate\\Container\\BoundMethod::{closure:Illuminate\\Container\\BoundMethod::call():35}()
#18 C:\\Web2Proyecto\\proyectolaravel\\example-app\\vendor\\laravel\\framework\\src\\Illuminate\\Container\\BoundMethod.php(96): Illuminate\\Container\\Util::unwrapIfClosure()
#19 C:\\Web2Proyecto\\proyectolaravel\\example-app\\vendor\\laravel\\framework\\src\\Illuminate\\Container\\BoundMethod.php(35): Illuminate\\Container\\BoundMethod::callBoundMethod()
#20 C:\\Web2Proyecto\\proyectolaravel\\example-app\\vendor\\laravel\\framework\\src\\Illuminate\\Container\\Container.php(836): Illuminate\\Container\\BoundMethod::call()
#21 C:\\Web2Proyecto\\proyectolaravel\\example-app\\vendor\\laravel\\framework\\src\\Illuminate\\Console\\Command.php(211): Illuminate\\Container\\Container->call()
#22 C:\\Web2Proyecto\\proyectolaravel\\example-app\\vendor\\symfony\\console\\Command\\Command.php(318): Illuminate\\Console\\Command->execute()
#23 C:\\Web2Proyecto\\proyectolaravel\\example-app\\vendor\\laravel\\framework\\src\\Illuminate\\Console\\Command.php(180): Symfony\\Component\\Console\\Command\\Command->run()
#24 C:\\Web2Proyecto\\proyectolaravel\\example-app\\vendor\\symfony\\console\\Application.php(1110): Illuminate\\Console\\Command->run()
#25 C:\\Web2Proyecto\\proyectolaravel\\example-app\\vendor\\symfony\\console\\Application.php(359): Symfony\\Component\\Console\\Application->doRunCommand()
#26 C:\\Web2Proyecto\\proyectolaravel\\example-app\\vendor\\symfony\\console\\Application.php(194): Symfony\\Component\\Console\\Application->doRun()
#27 C:\\Web2Proyecto\\proyectolaravel\\example-app\\vendor\\laravel\\framework\\src\\Illuminate\\Foundation\\Console\\Kernel.php(197): Symfony\\Component\\Console\\Application->run()
#28 C:\\Web2Proyecto\\proyectolaravel\\example-app\\vendor\\laravel\\framework\\src\\Illuminate\\Foundation\\Application.php(1235): Illuminate\\Foundation\\Console\\Kernel->handle()
#29 C:\\Web2Proyecto\\proyectolaravel\\example-app\\artisan(16): Illuminate\\Foundation\\Application->handleCommand()
#30 {main}
"} 
[2025-10-08 03:50:55] local.ERROR: SQLSTATE[08006] [7] connection to server at "127.0.0.1", port 5432 failed: fe_sendauth: no password supplied {"exception":"[object] (PDOException(code: 7): SQLSTATE[08006] [7] connection to server at \"127.0.0.1\", port 5432 failed: fe_sendauth: no password supplied at C:\\Web2Proyecto\\proyectolaravel\\example-app\\vendor\\laravel\\framework\\src\\Illuminate\\Database\\Connectors\\Connector.php:67)
[stacktrace]
#0 C:\\Web2Proyecto\\proyectolaravel\\example-app\\vendor\\laravel\\framework\\src\\Illuminate\\Database\\Connectors\\Connector.php(67): PDO::connect()
#1 C:\\Web2Proyecto\\proyectolaravel\\example-app\\vendor\\laravel\\framework\\src\\Illuminate\\Database\\Connectors\\Connector.php(44): Illuminate\\Database\\Connectors\\Connector->createPdoConnection()
#2 C:\\Web2Proyecto\\proyectolaravel\\example-app\\vendor\\laravel\\framework\\src\\Illuminate\\Database\\Connectors\\PostgresConnector.php(35): Illuminate\\Database\\Connectors\\Connector->createConnection()
#3 C:\\Web2Proyecto\\proyectolaravel\\example-app\\vendor\\laravel\\framework\\src\\Illuminate\\Database\\Connectors\\ConnectionFactory.php(184): Illuminate\\Database\\Connectors\\PostgresConnector->connect()
#4 [internal function]: Illuminate\\Database\\Connectors\\ConnectionFactory->{closure:Illuminate\\Database\\Connectors\\ConnectionFactory::createPdoResolverWithHosts():179}()
#5 C:\\Web2Proyecto\\proyectolaravel\\example-app\\vendor\\laravel\\framework\\src\\Illuminate\\Database\\Connection.php(1230): call_user_func()
#6 C:\\Web2Proyecto\\proyectolaravel\\example-app\\vendor\\laravel\\framework\\src\\Illuminate\\Database\\Connection.php(1480): Illuminate\\Database\\Connection->getPdo()
#7 C:\\Web2Proyecto\\proyectolaravel\\example-app\\vendor\\laravel\\framework\\src\\Illuminate\\Database\\Concerns\\ManagesTransactions.php(154): Illuminate\\Database\\Connection->executeBeginTransactionStatement()
#8 C:\\Web2Proyecto\\proyectolaravel\\example-app\\vendor\\laravel\\framework\\src\\Illuminate\\Database\\Concerns\\ManagesTransactions.php(130): Illuminate\\Database\\Connection->createTransaction()
#9 C:\\Web2Proyecto\\proyectolaravel\\example-app\\vendor\\laravel\\framework\\src\\Illuminate\\Database\\Concerns\\ManagesTransactions.php(29): Illuminate\\Database\\Connection->beginTransaction()
#10 C:\\Web2Proyecto\\proyectolaravel\\example-app\\vendor\\laravel\\framework\\src\\Illuminate\\Queue\\DatabaseQueue.php(285): Illuminate\\Database\\Connection->transaction()
#11 C:\\Web2Proyecto\\proyectolaravel\\example-app\\vendor\\laravel\\framework\\src\\Illuminate\\Queue\\Worker.php(360): Illuminate\\Queue\\DatabaseQueue->pop()
#12 C:\\Web2Proyecto\\proyectolaravel\\example-app\\vendor\\laravel\\framework\\src\\Illuminate\\Queue\\Worker.php(375): Illuminate\\Queue\\Worker->{closure:Illuminate\\Queue\\Worker::getNextJob():359}()
#13 C:\\Web2Proyecto\\proyectolaravel\\example-app\\vendor\\laravel\\framework\\src\\Illuminate\\Queue\\Worker.php(336): Illuminate\\Queue\\Worker->getNextJob()
#14 C:\\Web2Proyecto\\proyectolaravel\\example-app\\vendor\\laravel\\framework\\src\\Illuminate\\Queue\\Console\\WorkCommand.php(148): Illuminate\\Queue\\Worker->runNextJob()
#15 C:\\Web2Proyecto\\proyectolaravel\\example-app\\vendor\\laravel\\framework\\src\\Illuminate\\Queue\\Console\\WorkCommand.php(131): Illuminate\\Queue\\Console\\WorkCommand->runWorker()
#16 C:\\Web2Proyecto\\proyectolaravel\\example-app\\vendor\\laravel\\framework\\src\\Illuminate\\Container\\BoundMethod.php(36): Illuminate\\Queue\\Console\\WorkCommand->handle()
#17 C:\\Web2Proyecto\\proyectolaravel\\example-app\\vendor\\laravel\\framework\\src\\Illuminate\\Container\\Util.php(43): Illuminate\\Container\\BoundMethod::{closure:Illuminate\\Container\\BoundMethod::call():35}()
#18 C:\\Web2Proyecto\\proyectolaravel\\example-app\\vendor\\laravel\\framework\\src\\Illuminate\\Container\\BoundMethod.php(96): Illuminate\\Container\\Util::unwrapIfClosure()
#19 C:\\Web2Proyecto\\proyectolaravel\\example-app\\vendor\\laravel\\framework\\src\\Illuminate\\Container\\BoundMethod.php(35): Illuminate\\Container\\BoundMethod::callBoundMethod()
#20 C:\\Web2Proyecto\\proyectolaravel\\example-app\\vendor\\laravel\\framework\\src\\Illuminate\\Container\\Container.php(836): Illuminate\\Container\\BoundMethod::call()
#21 C:\\Web2Proyecto\\proyectolaravel\\example-app\\vendor\\laravel\\framework\\src\\Illuminate\\Console\\Command.php(211): Illuminate\\Container\\Container->call()
#22 C:\\Web2Proyecto\\proyectolaravel\\example-app\\vendor\\symfony\\console\\Command\\Command.php(318): Illuminate\\Console\\Command->execute()
#23 C:\\Web2Proyecto\\proyectolaravel\\example-app\\vendor\\laravel\\framework\\src\\Illuminate\\Console\\Command.php(180): Symfony\\Component\\Console\\Command\\Command->run()
#24 C:\\Web2Proyecto\\proyectolaravel\\example-app\\vendor\\symfony\\console\\Application.php(1110): Illuminate\\Console\\Command->run()
#25 C:\\Web2Proyecto\\proyectolaravel\\example-app\\vendor\\symfony\\console\\Application.php(359): Symfony\\Component\\Console\\Application->doRunCommand()
#26 C:\\Web2Proyecto\\proyectolaravel\\example-app\\vendor\\symfony\\console\\Application.php(194): Symfony\\Component\\Console\\Application->doRun()
#27 C:\\Web2Proyecto\\proyectolaravel\\example-app\\vendor\\laravel\\framework\\src\\Illuminate\\Foundation\\Console\\Kernel.php(197): Symfony\\Component\\Console\\Application->run()
#28 C:\\Web2Proyecto\\proyectolaravel\\example-app\\vendor\\laravel\\framework\\src\\Illuminate\\Foundation\\Application.php(1235): Illuminate\\Foundation\\Console\\Kernel->handle()
#29 C:\\Web2Proyecto\\proyectolaravel\\example-app\\artisan(16): Illuminate\\Foundation\\Application->handleCommand()
#30 {main}
"} 
[2025-10-08 03:50:59] local.ERROR: SQLSTATE[08006] [7] connection to server at "127.0.0.1", port 5432 failed: fe_sendauth: no password supplied {"exception":"[object] (PDOException(code: 7): SQLSTATE[08006] [7] connection to server at \"127.0.0.1\", port 5432 failed: fe_sendauth: no password supplied at C:\\Web2Proyecto\\proyectolaravel\\example-app\\vendor\\laravel\\framework\\src\\Illuminate\\Database\\Connectors\\Connector.php:67)
[stacktrace]
#0 C:\\Web2Proyecto\\proyectolaravel\\example-app\\vendor\\laravel\\framework\\src\\Illuminate\\Database\\Connectors\\Connector.php(67): PDO::connect()
#1 C:\\Web2Proyecto\\proyectolaravel\\example-app\\vendor\\laravel\\framework\\src\\Illuminate\\Database\\Connectors\\Connector.php(44): Illuminate\\Database\\Connectors\\Connector->createPdoConnection()
#2 C:\\Web2Proyecto\\proyectolaravel\\example-app\\vendor\\laravel\\framework\\src\\Illuminate\\Database\\Connectors\\PostgresConnector.php(35): Illuminate\\Database\\Connectors\\Connector->createConnection()
#3 C:\\Web2Proyecto\\proyectolaravel\\example-app\\vendor\\laravel\\framework\\src\\Illuminate\\Database\\Connectors\\ConnectionFactory.php(184): Illuminate\\Database\\Connectors\\PostgresConnector->connect()
#4 [internal function]: Illuminate\\Database\\Connectors\\ConnectionFactory->{closure:Illuminate\\Database\\Connectors\\ConnectionFactory::createPdoResolverWithHosts():179}()
#5 C:\\Web2Proyecto\\proyectolaravel\\example-app\\vendor\\laravel\\framework\\src\\Illuminate\\Database\\Connection.php(1230): call_user_func()
#6 C:\\Web2Proyecto\\proyectolaravel\\example-app\\vendor\\laravel\\framework\\src\\Illuminate\\Database\\Connection.php(1480): Illuminate\\Database\\Connection->getPdo()
#7 C:\\Web2Proyecto\\proyectolaravel\\example-app\\vendor\\laravel\\framework\\src\\Illuminate\\Database\\Concerns\\ManagesTransactions.php(154): Illuminate\\Database\\Connection->executeBeginTransactionStatement()
#8 C:\\Web2Proyecto\\proyectolaravel\\example-app\\vendor\\laravel\\framework\\src\\Illuminate\\Database\\Concerns\\ManagesTransactions.php(130): Illuminate\\Database\\Connection->createTransaction()
#9 C:\\Web2Proyecto\\proyectolaravel\\example-app\\vendor\\laravel\\framework\\src\\Illuminate\\Database\\Concerns\\ManagesTransactions.php(29): Illuminate\\Database\\Connection->beginTransaction()
#10 C:\\Web2Proyecto\\proyectolaravel\\example-app\\vendor\\laravel\\framework\\src\\Illuminate\\Queue\\DatabaseQueue.php(285): Illuminate\\Database\\Connection->transaction()
#11 C:\\Web2Proyecto\\proyectolaravel\\example-app\\vendor\\laravel\\framework\\src\\Illuminate\\Queue\\Worker.php(360): Illuminate\\Queue\\DatabaseQueue->pop()
#12 C:\\Web2Proyecto\\proyectolaravel\\example-app\\vendor\\laravel\\framework\\src\\Illuminate\\Queue\\Worker.php(375): Illuminate\\Queue\\Worker->{closure:Illuminate\\Queue\\Worker::getNextJob():359}()
#13 C:\\Web2Proyecto\\proyectolaravel\\example-app\\vendor\\laravel\\framework\\src\\Illuminate\\Queue\\Worker.php(336): Illuminate\\Queue\\Worker->getNextJob()
#14 C:\\Web2Proyecto\\proyectolaravel\\example-app\\vendor\\laravel\\framework\\src\\Illuminate\\Queue\\Console\\WorkCommand.php(148): Illuminate\\Queue\\Worker->runNextJob()
#15 C:\\Web2Proyecto\\proyectolaravel\\example-app\\vendor\\laravel\\framework\\src\\Illuminate\\Queue\\Console\\WorkCommand.php(131): Illuminate\\Queue\\Console\\WorkCommand->runWorker()
#16 C:\\Web2Proyecto\\proyectolaravel\\example-app\\vendor\\laravel\\framework\\src\\Illuminate\\Container\\BoundMethod.php(36): Illuminate\\Queue\\Console\\WorkCommand->handle()
#17 C:\\Web2Proyecto\\proyectolaravel\\example-app\\vendor\\laravel\\framework\\src\\Illuminate\\Container\\Util.php(43): Illuminate\\Container\\BoundMethod::{closure:Illuminate\\Container\\BoundMethod::call():35}()
#18 C:\\Web2Proyecto\\proyectolaravel\\example-app\\vendor\\laravel\\framework\\src\\Illuminate\\Container\\BoundMethod.php(96): Illuminate\\Container\\Util::unwrapIfClosure()
#19 C:\\Web2Proyecto\\proyectolaravel\\example-app\\vendor\\laravel\\framework\\src\\Illuminate\\Container\\BoundMethod.php(35): Illuminate\\Container\\BoundMethod::callBoundMethod()
#20 C:\\Web2Proyecto\\proyectolaravel\\example-app\\vendor\\laravel\\framework\\src\\Illuminate\\Container\\Container.php(836): Illuminate\\Container\\BoundMethod::call()
#21 C:\\Web2Proyecto\\proyectolaravel\\example-app\\vendor\\laravel\\framework\\src\\Illuminate\\Console\\Command.php(211): Illuminate\\Container\\Container->call()
#22 C:\\Web2Proyecto\\proyectolaravel\\example-app\\vendor\\symfony\\console\\Command\\Command.php(318): Illuminate\\Console\\Command->execute()
#23 C:\\Web2Proyecto\\proyectolaravel\\example-app\\vendor\\laravel\\framework\\src\\Illuminate\\Console\\Command.php(180): Symfony\\Component\\Console\\Command\\Command->run()
#24 C:\\Web2Proyecto\\proyectolaravel\\example-app\\vendor\\symfony\\console\\Application.php(1110): Illuminate\\Console\\Command->run()
#25 C:\\Web2Proyecto\\proyectolaravel\\example-app\\vendor\\symfony\\console\\Application.php(359): Symfony\\Component\\Console\\Application->doRunCommand()
#26 C:\\Web2Proyecto\\proyectolaravel\\example-app\\vendor\\symfony\\console\\Application.php(194): Symfony\\Component\\Console\\Application->doRun()
#27 C:\\Web2Proyecto\\proyectolaravel\\example-app\\vendor\\laravel\\framework\\src\\Illuminate\\Foundation\\Console\\Kernel.php(197): Symfony\\Component\\Console\\Application->run()
#28 C:\\Web2Proyecto\\proyectolaravel\\example-app\\vendor\\laravel\\framework\\src\\Illuminate\\Foundation\\Application.php(1235): Illuminate\\Foundation\\Console\\Kernel->handle()
#29 C:\\Web2Proyecto\\proyectolaravel\\example-app\\artisan(16): Illuminate\\Foundation\\Application->handleCommand()
#30 {main}
"} 
[2025-10-08 03:51:04] local.ERROR: SQLSTATE[08006] [7] connection to server at "127.0.0.1", port 5432 failed: fe_sendauth: no password supplied {"exception":"[object] (PDOException(code: 7): SQLSTATE[08006] [7] connection to server at \"127.0.0.1\", port 5432 failed: fe_sendauth: no password supplied at C:\\Web2Proyecto\\proyectolaravel\\example-app\\vendor\\laravel\\framework\\src\\Illuminate\\Database\\Connectors\\Connector.php:67)
[stacktrace]
#0 C:\\Web2Proyecto\\proyectolaravel\\example-app\\vendor\\laravel\\framework\\src\\Illuminate\\Database\\Connectors\\Connector.php(67): PDO::connect()
#1 C:\\Web2Proyecto\\proyectolaravel\\example-app\\vendor\\laravel\\framework\\src\\Illuminate\\Database\\Connectors\\Connector.php(44): Illuminate\\Database\\Connectors\\Connector->createPdoConnection()
#2 C:\\Web2Proyecto\\proyectolaravel\\example-app\\vendor\\laravel\\framework\\src\\Illuminate\\Database\\Connectors\\PostgresConnector.php(35): Illuminate\\Database\\Connectors\\Connector->createConnection()
#3 C:\\Web2Proyecto\\proyectolaravel\\example-app\\vendor\\laravel\\framework\\src\\Illuminate\\Database\\Connectors\\ConnectionFactory.php(184): Illuminate\\Database\\Connectors\\PostgresConnector->connect()
#4 [internal function]: Illuminate\\Database\\Connectors\\ConnectionFactory->{closure:Illuminate\\Database\\Connectors\\ConnectionFactory::createPdoResolverWithHosts():179}()
#5 C:\\Web2Proyecto\\proyectolaravel\\example-app\\vendor\\laravel\\framework\\src\\Illuminate\\Database\\Connection.php(1230): call_user_func()
#6 C:\\Web2Proyecto\\proyectolaravel\\example-app\\vendor\\laravel\\framework\\src\\Illuminate\\Database\\Connection.php(1480): Illuminate\\Database\\Connection->getPdo()
#7 C:\\Web2Proyecto\\proyectolaravel\\example-app\\vendor\\laravel\\framework\\src\\Illuminate\\Database\\Concerns\\ManagesTransactions.php(154): Illuminate\\Database\\Connection->executeBeginTransactionStatement()
#8 C:\\Web2Proyecto\\proyectolaravel\\example-app\\vendor\\laravel\\framework\\src\\Illuminate\\Database\\Concerns\\ManagesTransactions.php(130): Illuminate\\Database\\Connection->createTransaction()
#9 C:\\Web2Proyecto\\proyectolaravel\\example-app\\vendor\\laravel\\framework\\src\\Illuminate\\Database\\Concerns\\ManagesTransactions.php(29): Illuminate\\Database\\Connection->beginTransaction()
#10 C:\\Web2Proyecto\\proyectolaravel\\example-app\\vendor\\laravel\\framework\\src\\Illuminate\\Queue\\DatabaseQueue.php(285): Illuminate\\Database\\Connection->transaction()
#11 C:\\Web2Proyecto\\proyectolaravel\\example-app\\vendor\\laravel\\framework\\src\\Illuminate\\Queue\\Worker.php(360): Illuminate\\Queue\\DatabaseQueue->pop()
#12 C:\\Web2Proyecto\\proyectolaravel\\example-app\\vendor\\laravel\\framework\\src\\Illuminate\\Queue\\Worker.php(375): Illuminate\\Queue\\Worker->{closure:Illuminate\\Queue\\Worker::getNextJob():359}()
#13 C:\\Web2Proyecto\\proyectolaravel\\example-app\\vendor\\laravel\\framework\\src\\Illuminate\\Queue\\Worker.php(336): Illuminate\\Queue\\Worker->getNextJob()
#14 C:\\Web2Proyecto\\proyectolaravel\\example-app\\vendor\\laravel\\framework\\src\\Illuminate\\Queue\\Console\\WorkCommand.php(148): Illuminate\\Queue\\Worker->runNextJob()
#15 C:\\Web2Proyecto\\proyectolaravel\\example-app\\vendor\\laravel\\framework\\src\\Illuminate\\Queue\\Console\\WorkCommand.php(131): Illuminate\\Queue\\Console\\WorkCommand->runWorker()
#16 C:\\Web2Proyecto\\proyectolaravel\\example-app\\vendor\\laravel\\framework\\src\\Illuminate\\Container\\BoundMethod.php(36): Illuminate\\Queue\\Console\\WorkCommand->handle()
#17 C:\\Web2Proyecto\\proyectolaravel\\example-app\\vendor\\laravel\\framework\\src\\Illuminate\\Container\\Util.php(43): Illuminate\\Container\\BoundMethod::{closure:Illuminate\\Container\\BoundMethod::call():35}()
#18 C:\\Web2Proyecto\\proyectolaravel\\example-app\\vendor\\laravel\\framework\\src\\Illuminate\\Container\\BoundMethod.php(96): Illuminate\\Container\\Util::unwrapIfClosure()
#19 C:\\Web2Proyecto\\proyectolaravel\\example-app\\vendor\\laravel\\framework\\src\\Illuminate\\Container\\BoundMethod.php(35): Illuminate\\Container\\BoundMethod::callBoundMethod()
#20 C:\\Web2Proyecto\\proyectolaravel\\example-app\\vendor\\laravel\\framework\\src\\Illuminate\\Container\\Container.php(836): Illuminate\\Container\\BoundMethod::call()
#21 C:\\Web2Proyecto\\proyectolaravel\\example-app\\vendor\\laravel\\framework\\src\\Illuminate\\Console\\Command.php(211): Illuminate\\Container\\Container->call()
#22 C:\\Web2Proyecto\\proyectolaravel\\example-app\\vendor\\symfony\\console\\Command\\Command.php(318): Illuminate\\Console\\Command->execute()
#23 C:\\Web2Proyecto\\proyectolaravel\\example-app\\vendor\\laravel\\framework\\src\\Illuminate\\Console\\Command.php(180): Symfony\\Component\\Console\\Command\\Command->run()
#24 C:\\Web2Proyecto\\proyectolaravel\\example-app\\vendor\\symfony\\console\\Application.php(1110): Illuminate\\Console\\Command->run()
#25 C:\\Web2Proyecto\\proyectolaravel\\example-app\\vendor\\symfony\\console\\Application.php(359): Symfony\\Component\\Console\\Application->doRunCommand()
#26 C:\\Web2Proyecto\\proyectolaravel\\example-app\\vendor\\symfony\\console\\Application.php(194): Symfony\\Component\\Console\\Application->doRun()
#27 C:\\Web2Proyecto\\proyectolaravel\\example-app\\vendor\\laravel\\framework\\src\\Illuminate\\Foundation\\Console\\Kernel.php(197): Symfony\\Component\\Console\\Application->run()
#28 C:\\Web2Proyecto\\proyectolaravel\\example-app\\vendor\\laravel\\framework\\src\\Illuminate\\Foundation\\Application.php(1235): Illuminate\\Foundation\\Console\\Kernel->handle()
#29 C:\\Web2Proyecto\\proyectolaravel\\example-app\\artisan(16): Illuminate\\Foundation\\Application->handleCommand()
#30 {main}
"} 
[2025-10-08 03:51:09] local.ERROR: SQLSTATE[08006] [7] connection to server at "127.0.0.1", port 5432 failed: fe_sendauth: no password supplied {"exception":"[object] (PDOException(code: 7): SQLSTATE[08006] [7] connection to server at \"127.0.0.1\", port 5432 failed: fe_sendauth: no password supplied at C:\\Web2Proyecto\\proyectolaravel\\example-app\\vendor\\laravel\\framework\\src\\Illuminate\\Database\\Connectors\\Connector.php:67)
[stacktrace]
#0 C:\\Web2Proyecto\\proyectolaravel\\example-app\\vendor\\laravel\\framework\\src\\Illuminate\\Database\\Connectors\\Connector.php(67): PDO::connect()
#1 C:\\Web2Proyecto\\proyectolaravel\\example-app\\vendor\\laravel\\framework\\src\\Illuminate\\Database\\Connectors\\Connector.php(44): Illuminate\\Database\\Connectors\\Connector->createPdoConnection()
#2 C:\\Web2Proyecto\\proyectolaravel\\example-app\\vendor\\laravel\\framework\\src\\Illuminate\\Database\\Connectors\\PostgresConnector.php(35): Illuminate\\Database\\Connectors\\Connector->createConnection()
#3 C:\\Web2Proyecto\\proyectolaravel\\example-app\\vendor\\laravel\\framework\\src\\Illuminate\\Database\\Connectors\\ConnectionFactory.php(184): Illuminate\\Database\\Connectors\\PostgresConnector->connect()
#4 [internal function]: Illuminate\\Database\\Connectors\\ConnectionFactory->{closure:Illuminate\\Database\\Connectors\\ConnectionFactory::createPdoResolverWithHosts():179}()
#5 C:\\Web2Proyecto\\proyectolaravel\\example-app\\vendor\\laravel\\framework\\src\\Illuminate\\Database\\Connection.php(1230): call_user_func()
#6 C:\\Web2Proyecto\\proyectolaravel\\example-app\\vendor\\laravel\\framework\\src\\Illuminate\\Database\\Connection.php(1480): Illuminate\\Database\\Connection->getPdo()
#7 C:\\Web2Proyecto\\proyectolaravel\\example-app\\vendor\\laravel\\framework\\src\\Illuminate\\Database\\Concerns\\ManagesTransactions.php(154): Illuminate\\Database\\Connection->executeBeginTransactionStatement()
#8 C:\\Web2Proyecto\\proyectolaravel\\example-app\\vendor\\laravel\\framework\\src\\Illuminate\\Database\\Concerns\\ManagesTransactions.php(130): Illuminate\\Database\\Connection->createTransaction()
#9 C:\\Web2Proyecto\\proyectolaravel\\example-app\\vendor\\laravel\\framework\\src\\Illuminate\\Database\\Concerns\\ManagesTransactions.php(29): Illuminate\\Database\\Connection->beginTransaction()
#10 C:\\Web2Proyecto\\proyectolaravel\\example-app\\vendor\\laravel\\framework\\src\\Illuminate\\Queue\\DatabaseQueue.php(285): Illuminate\\Database\\Connection->transaction()
#11 C:\\Web2Proyecto\\proyectolaravel\\example-app\\vendor\\laravel\\framework\\src\\Illuminate\\Queue\\Worker.php(360): Illuminate\\Queue\\DatabaseQueue->pop()
#12 C:\\Web2Proyecto\\proyectolaravel\\example-app\\vendor\\laravel\\framework\\src\\Illuminate\\Queue\\Worker.php(375): Illuminate\\Queue\\Worker->{closure:Illuminate\\Queue\\Worker::getNextJob():359}()
#13 C:\\Web2Proyecto\\proyectolaravel\\example-app\\vendor\\laravel\\framework\\src\\Illuminate\\Queue\\Worker.php(336): Illuminate\\Queue\\Worker->getNextJob()
#14 C:\\Web2Proyecto\\proyectolaravel\\example-app\\vendor\\laravel\\framework\\src\\Illuminate\\Queue\\Console\\WorkCommand.php(148): Illuminate\\Queue\\Worker->runNextJob()
#15 C:\\Web2Proyecto\\proyectolaravel\\example-app\\vendor\\laravel\\framework\\src\\Illuminate\\Queue\\Console\\WorkCommand.php(131): Illuminate\\Queue\\Console\\WorkCommand->runWorker()
#16 C:\\Web2Proyecto\\proyectolaravel\\example-app\\vendor\\laravel\\framework\\src\\Illuminate\\Container\\BoundMethod.php(36): Illuminate\\Queue\\Console\\WorkCommand->handle()
#17 C:\\Web2Proyecto\\proyectolaravel\\example-app\\vendor\\laravel\\framework\\src\\Illuminate\\Container\\Util.php(43): Illuminate\\Container\\BoundMethod::{closure:Illuminate\\Container\\BoundMethod::call():35}()
#18 C:\\Web2Proyecto\\proyectolaravel\\example-app\\vendor\\laravel\\framework\\src\\Illuminate\\Container\\BoundMethod.php(96): Illuminate\\Container\\Util::unwrapIfClosure()
#19 C:\\Web2Proyecto\\proyectolaravel\\example-app\\vendor\\laravel\\framework\\src\\Illuminate\\Container\\BoundMethod.php(35): Illuminate\\Container\\BoundMethod::callBoundMethod()
#20 C:\\Web2Proyecto\\proyectolaravel\\example-app\\vendor\\laravel\\framework\\src\\Illuminate\\Container\\Container.php(836): Illuminate\\Container\\BoundMethod::call()
#21 C:\\Web2Proyecto\\proyectolaravel\\example-app\\vendor\\laravel\\framework\\src\\Illuminate\\Console\\Command.php(211): Illuminate\\Container\\Container->call()
#22 C:\\Web2Proyecto\\proyectolaravel\\example-app\\vendor\\symfony\\console\\Command\\Command.php(318): Illuminate\\Console\\Command->execute()
#23 C:\\Web2Proyecto\\proyectolaravel\\example-app\\vendor\\laravel\\framework\\src\\Illuminate\\Console\\Command.php(180): Symfony\\Component\\Console\\Command\\Command->run()
#24 C:\\Web2Proyecto\\proyectolaravel\\example-app\\vendor\\symfony\\console\\Application.php(1110): Illuminate\\Console\\Command->run()
#25 C:\\Web2Proyecto\\proyectolaravel\\example-app\\vendor\\symfony\\console\\Application.php(359): Symfony\\Component\\Console\\Application->doRunCommand()
#26 C:\\Web2Proyecto\\proyectolaravel\\example-app\\vendor\\symfony\\console\\Application.php(194): Symfony\\Component\\Console\\Application->doRun()
#27 C:\\Web2Proyecto\\proyectolaravel\\example-app\\vendor\\laravel\\framework\\src\\Illuminate\\Foundation\\Console\\Kernel.php(197): Symfony\\Component\\Console\\Application->run()
#28 C:\\Web2Proyecto\\proyectolaravel\\example-app\\vendor\\laravel\\framework\\src\\Illuminate\\Foundation\\Application.php(1235): Illuminate\\Foundation\\Console\\Kernel->handle()
#29 C:\\Web2Proyecto\\proyectolaravel\\example-app\\artisan(16): Illuminate\\Foundation\\Application->handleCommand()
#30 {main}
"} 
[2025-10-08 03:51:14] local.ERROR: SQLSTATE[08006] [7] connection to server at "127.0.0.1", port 5432 failed: fe_sendauth: no password supplied {"exception":"[object] (PDOException(code: 7): SQLSTATE[08006] [7] connection to server at \"127.0.0.1\", port 5432 failed: fe_sendauth: no password supplied at C:\\Web2Proyecto\\proyectolaravel\\example-app\\vendor\\laravel\\framework\\src\\Illuminate\\Database\\Connectors\\Connector.php:67)
[stacktrace]
#0 C:\\Web2Proyecto\\proyectolaravel\\example-app\\vendor\\laravel\\framework\\src\\Illuminate\\Database\\Connectors\\Connector.php(67): PDO::connect()
#1 C:\\Web2Proyecto\\proyectolaravel\\example-app\\vendor\\laravel\\framework\\src\\Illuminate\\Database\\Connectors\\Connector.php(44): Illuminate\\Database\\Connectors\\Connector->createPdoConnection()
#2 C:\\Web2Proyecto\\proyectolaravel\\example-app\\vendor\\laravel\\framework\\src\\Illuminate\\Database\\Connectors\\PostgresConnector.php(35): Illuminate\\Database\\Connectors\\Connector->createConnection()
#3 C:\\Web2Proyecto\\proyectolaravel\\example-app\\vendor\\laravel\\framework\\src\\Illuminate\\Database\\Connectors\\ConnectionFactory.php(184): Illuminate\\Database\\Connectors\\PostgresConnector->connect()
#4 [internal function]: Illuminate\\Database\\Connectors\\ConnectionFactory->{closure:Illuminate\\Database\\Connectors\\ConnectionFactory::createPdoResolverWithHosts():179}()
#5 C:\\Web2Proyecto\\proyectolaravel\\example-app\\vendor\\laravel\\framework\\src\\Illuminate\\Database\\Connection.php(1230): call_user_func()
#6 C:\\Web2Proyecto\\proyectolaravel\\example-app\\vendor\\laravel\\framework\\src\\Illuminate\\Database\\Connection.php(1480): Illuminate\\Database\\Connection->getPdo()
#7 C:\\Web2Proyecto\\proyectolaravel\\example-app\\vendor\\laravel\\framework\\src\\Illuminate\\Database\\Concerns\\ManagesTransactions.php(154): Illuminate\\Database\\Connection->executeBeginTransactionStatement()
#8 C:\\Web2Proyecto\\proyectolaravel\\example-app\\vendor\\laravel\\framework\\src\\Illuminate\\Database\\Concerns\\ManagesTransactions.php(130): Illuminate\\Database\\Connection->createTransaction()
#9 C:\\Web2Proyecto\\proyectolaravel\\example-app\\vendor\\laravel\\framework\\src\\Illuminate\\Database\\Concerns\\ManagesTransactions.php(29): Illuminate\\Database\\Connection->beginTransaction()
#10 C:\\Web2Proyecto\\proyectolaravel\\example-app\\vendor\\laravel\\framework\\src\\Illuminate\\Queue\\DatabaseQueue.php(285): Illuminate\\Database\\Connection->transaction()
#11 C:\\Web2Proyecto\\proyectolaravel\\example-app\\vendor\\laravel\\framework\\src\\Illuminate\\Queue\\Worker.php(360): Illuminate\\Queue\\DatabaseQueue->pop()
#12 C:\\Web2Proyecto\\proyectolaravel\\example-app\\vendor\\laravel\\framework\\src\\Illuminate\\Queue\\Worker.php(375): Illuminate\\Queue\\Worker->{closure:Illuminate\\Queue\\Worker::getNextJob():359}()
#13 C:\\Web2Proyecto\\proyectolaravel\\example-app\\vendor\\laravel\\framework\\src\\Illuminate\\Queue\\Worker.php(336): Illuminate\\Queue\\Worker->getNextJob()
#14 C:\\Web2Proyecto\\proyectolaravel\\example-app\\vendor\\laravel\\framework\\src\\Illuminate\\Queue\\Console\\WorkCommand.php(148): Illuminate\\Queue\\Worker->runNextJob()
#15 C:\\Web2Proyecto\\proyectolaravel\\example-app\\vendor\\laravel\\framework\\src\\Illuminate\\Queue\\Console\\WorkCommand.php(131): Illuminate\\Queue\\Console\\WorkCommand->runWorker()
#16 C:\\Web2Proyecto\\proyectolaravel\\example-app\\vendor\\laravel\\framework\\src\\Illuminate\\Container\\BoundMethod.php(36): Illuminate\\Queue\\Console\\WorkCommand->handle()
#17 C:\\Web2Proyecto\\proyectolaravel\\example-app\\vendor\\laravel\\framework\\src\\Illuminate\\Container\\Util.php(43): Illuminate\\Container\\BoundMethod::{closure:Illuminate\\Container\\BoundMethod::call():35}()
#18 C:\\Web2Proyecto\\proyectolaravel\\example-app\\vendor\\laravel\\framework\\src\\Illuminate\\Container\\BoundMethod.php(96): Illuminate\\Container\\Util::unwrapIfClosure()
#19 C:\\Web2Proyecto\\proyectolaravel\\example-app\\vendor\\laravel\\framework\\src\\Illuminate\\Container\\BoundMethod.php(35): Illuminate\\Container\\BoundMethod::callBoundMethod()
#20 C:\\Web2Proyecto\\proyectolaravel\\example-app\\vendor\\laravel\\framework\\src\\Illuminate\\Container\\Container.php(836): Illuminate\\Container\\BoundMethod::call()
#21 C:\\Web2Proyecto\\proyectolaravel\\example-app\\vendor\\laravel\\framework\\src\\Illuminate\\Console\\Command.php(211): Illuminate\\Container\\Container->call()
#22 C:\\Web2Proyecto\\proyectolaravel\\example-app\\vendor\\symfony\\console\\Command\\Command.php(318): Illuminate\\Console\\Command->execute()
#23 C:\\Web2Proyecto\\proyectolaravel\\example-app\\vendor\\laravel\\framework\\src\\Illuminate\\Console\\Command.php(180): Symfony\\Component\\Console\\Command\\Command->run()
#24 C:\\Web2Proyecto\\proyectolaravel\\example-app\\vendor\\symfony\\console\\Application.php(1110): Illuminate\\Console\\Command->run()
#25 C:\\Web2Proyecto\\proyectolaravel\\example-app\\vendor\\symfony\\console\\Application.php(359): Symfony\\Component\\Console\\Application->doRunCommand()
#26 C:\\Web2Proyecto\\proyectolaravel\\example-app\\vendor\\symfony\\console\\Application.php(194): Symfony\\Component\\Console\\Application->doRun()
#27 C:\\Web2Proyecto\\proyectolaravel\\example-app\\vendor\\laravel\\framework\\src\\Illuminate\\Foundation\\Console\\Kernel.php(197): Symfony\\Component\\Console\\Application->run()
#28 C:\\Web2Proyecto\\proyectolaravel\\example-app\\vendor\\laravel\\framework\\src\\Illuminate\\Foundation\\Application.php(1235): Illuminate\\Foundation\\Console\\Kernel->handle()
#29 C:\\Web2Proyecto\\proyectolaravel\\example-app\\artisan(16): Illuminate\\Foundation\\Application->handleCommand()
#30 {main}
"} 
[2025-10-08 03:51:18] local.ERROR: SQLSTATE[08006] [7] connection to server at "127.0.0.1", port 5432 failed: fe_sendauth: no password supplied {"exception":"[object] (PDOException(code: 7): SQLSTATE[08006] [7] connection to server at \"127.0.0.1\", port 5432 failed: fe_sendauth: no password supplied at C:\\Web2Proyecto\\proyectolaravel\\example-app\\vendor\\laravel\\framework\\src\\Illuminate\\Database\\Connectors\\Connector.php:67)
[stacktrace]
#0 C:\\Web2Proyecto\\proyectolaravel\\example-app\\vendor\\laravel\\framework\\src\\Illuminate\\Database\\Connectors\\Connector.php(67): PDO::connect()
#1 C:\\Web2Proyecto\\proyectolaravel\\example-app\\vendor\\laravel\\framework\\src\\Illuminate\\Database\\Connectors\\Connector.php(44): Illuminate\\Database\\Connectors\\Connector->createPdoConnection()
#2 C:\\Web2Proyecto\\proyectolaravel\\example-app\\vendor\\laravel\\framework\\src\\Illuminate\\Database\\Connectors\\PostgresConnector.php(35): Illuminate\\Database\\Connectors\\Connector->createConnection()
#3 C:\\Web2Proyecto\\proyectolaravel\\example-app\\vendor\\laravel\\framework\\src\\Illuminate\\Database\\Connectors\\ConnectionFactory.php(184): Illuminate\\Database\\Connectors\\PostgresConnector->connect()
#4 [internal function]: Illuminate\\Database\\Connectors\\ConnectionFactory->{closure:Illuminate\\Database\\Connectors\\ConnectionFactory::createPdoResolverWithHosts():179}()
#5 C:\\Web2Proyecto\\proyectolaravel\\example-app\\vendor\\laravel\\framework\\src\\Illuminate\\Database\\Connection.php(1230): call_user_func()
#6 C:\\Web2Proyecto\\proyectolaravel\\example-app\\vendor\\laravel\\framework\\src\\Illuminate\\Database\\Connection.php(1480): Illuminate\\Database\\Connection->getPdo()
#7 C:\\Web2Proyecto\\proyectolaravel\\example-app\\vendor\\laravel\\framework\\src\\Illuminate\\Database\\Concerns\\ManagesTransactions.php(154): Illuminate\\Database\\Connection->executeBeginTransactionStatement()
#8 C:\\Web2Proyecto\\proyectolaravel\\example-app\\vendor\\laravel\\framework\\src\\Illuminate\\Database\\Concerns\\ManagesTransactions.php(130): Illuminate\\Database\\Connection->createTransaction()
#9 C:\\Web2Proyecto\\proyectolaravel\\example-app\\vendor\\laravel\\framework\\src\\Illuminate\\Database\\Concerns\\ManagesTransactions.php(29): Illuminate\\Database\\Connection->beginTransaction()
#10 C:\\Web2Proyecto\\proyectolaravel\\example-app\\vendor\\laravel\\framework\\src\\Illuminate\\Queue\\DatabaseQueue.php(285): Illuminate\\Database\\Connection->transaction()
#11 C:\\Web2Proyecto\\proyectolaravel\\example-app\\vendor\\laravel\\framework\\src\\Illuminate\\Queue\\Worker.php(360): Illuminate\\Queue\\DatabaseQueue->pop()
#12 C:\\Web2Proyecto\\proyectolaravel\\example-app\\vendor\\laravel\\framework\\src\\Illuminate\\Queue\\Worker.php(375): Illuminate\\Queue\\Worker->{closure:Illuminate\\Queue\\Worker::getNextJob():359}()
#13 C:\\Web2Proyecto\\proyectolaravel\\example-app\\vendor\\laravel\\framework\\src\\Illuminate\\Queue\\Worker.php(336): Illuminate\\Queue\\Worker->getNextJob()
#14 C:\\Web2Proyecto\\proyectolaravel\\example-app\\vendor\\laravel\\framework\\src\\Illuminate\\Queue\\Console\\WorkCommand.php(148): Illuminate\\Queue\\Worker->runNextJob()
#15 C:\\Web2Proyecto\\proyectolaravel\\example-app\\vendor\\laravel\\framework\\src\\Illuminate\\Queue\\Console\\WorkCommand.php(131): Illuminate\\Queue\\Console\\WorkCommand->runWorker()
#16 C:\\Web2Proyecto\\proyectolaravel\\example-app\\vendor\\laravel\\framework\\src\\Illuminate\\Container\\BoundMethod.php(36): Illuminate\\Queue\\Console\\WorkCommand->handle()
#17 C:\\Web2Proyecto\\proyectolaravel\\example-app\\vendor\\laravel\\framework\\src\\Illuminate\\Container\\Util.php(43): Illuminate\\Container\\BoundMethod::{closure:Illuminate\\Container\\BoundMethod::call():35}()
#18 C:\\Web2Proyecto\\proyectolaravel\\example-app\\vendor\\laravel\\framework\\src\\Illuminate\\Container\\BoundMethod.php(96): Illuminate\\Container\\Util::unwrapIfClosure()
#19 C:\\Web2Proyecto\\proyectolaravel\\example-app\\vendor\\laravel\\framework\\src\\Illuminate\\Container\\BoundMethod.php(35): Illuminate\\Container\\BoundMethod::callBoundMethod()
#20 C:\\Web2Proyecto\\proyectolaravel\\example-app\\vendor\\laravel\\framework\\src\\Illuminate\\Container\\Container.php(836): Illuminate\\Container\\BoundMethod::call()
#21 C:\\Web2Proyecto\\proyectolaravel\\example-app\\vendor\\laravel\\framework\\src\\Illuminate\\Console\\Command.php(211): Illuminate\\Container\\Container->call()
#22 C:\\Web2Proyecto\\proyectolaravel\\example-app\\vendor\\symfony\\console\\Command\\Command.php(318): Illuminate\\Console\\Command->execute()
#23 C:\\Web2Proyecto\\proyectolaravel\\example-app\\vendor\\laravel\\framework\\src\\Illuminate\\Console\\Command.php(180): Symfony\\Component\\Console\\Command\\Command->run()
#24 C:\\Web2Proyecto\\proyectolaravel\\example-app\\vendor\\symfony\\console\\Application.php(1110): Illuminate\\Console\\Command->run()
#25 C:\\Web2Proyecto\\proyectolaravel\\example-app\\vendor\\symfony\\console\\Application.php(359): Symfony\\Component\\Console\\Application->doRunCommand()
#26 C:\\Web2Proyecto\\proyectolaravel\\example-app\\vendor\\symfony\\console\\Application.php(194): Symfony\\Component\\Console\\Application->doRun()
#27 C:\\Web2Proyecto\\proyectolaravel\\example-app\\vendor\\laravel\\framework\\src\\Illuminate\\Foundation\\Console\\Kernel.php(197): Symfony\\Component\\Console\\Application->run()
#28 C:\\Web2Proyecto\\proyectolaravel\\example-app\\vendor\\laravel\\framework\\src\\Illuminate\\Foundation\\Application.php(1235): Illuminate\\Foundation\\Console\\Kernel->handle()
#29 C:\\Web2Proyecto\\proyectolaravel\\example-app\\artisan(16): Illuminate\\Foundation\\Application->handleCommand()
#30 {main}
"} 
[2025-10-08 03:51:23] local.ERROR: SQLSTATE[08006] [7] connection to server at "127.0.0.1", port 5432 failed: fe_sendauth: no password supplied {"exception":"[object] (PDOException(code: 7): SQLSTATE[08006] [7] connection to server at \"127.0.0.1\", port 5432 failed: fe_sendauth: no password supplied at C:\\Web2Proyecto\\proyectolaravel\\example-app\\vendor\\laravel\\framework\\src\\Illuminate\\Database\\Connectors\\Connector.php:67)
[stacktrace]
#0 C:\\Web2Proyecto\\proyectolaravel\\example-app\\vendor\\laravel\\framework\\src\\Illuminate\\Database\\Connectors\\Connector.php(67): PDO::connect()
#1 C:\\Web2Proyecto\\proyectolaravel\\example-app\\vendor\\laravel\\framework\\src\\Illuminate\\Database\\Connectors\\Connector.php(44): Illuminate\\Database\\Connectors\\Connector->createPdoConnection()
#2 C:\\Web2Proyecto\\proyectolaravel\\example-app\\vendor\\laravel\\framework\\src\\Illuminate\\Database\\Connectors\\PostgresConnector.php(35): Illuminate\\Database\\Connectors\\Connector->createConnection()
#3 C:\\Web2Proyecto\\proyectolaravel\\example-app\\vendor\\laravel\\framework\\src\\Illuminate\\Database\\Connectors\\ConnectionFactory.php(184): Illuminate\\Database\\Connectors\\PostgresConnector->connect()
#4 [internal function]: Illuminate\\Database\\Connectors\\ConnectionFactory->{closure:Illuminate\\Database\\Connectors\\ConnectionFactory::createPdoResolverWithHosts():179}()
#5 C:\\Web2Proyecto\\proyectolaravel\\example-app\\vendor\\laravel\\framework\\src\\Illuminate\\Database\\Connection.php(1230): call_user_func()
#6 C:\\Web2Proyecto\\proyectolaravel\\example-app\\vendor\\laravel\\framework\\src\\Illuminate\\Database\\Connection.php(1480): Illuminate\\Database\\Connection->getPdo()
#7 C:\\Web2Proyecto\\proyectolaravel\\example-app\\vendor\\laravel\\framework\\src\\Illuminate\\Database\\Concerns\\ManagesTransactions.php(154): Illuminate\\Database\\Connection->executeBeginTransactionStatement()
#8 C:\\Web2Proyecto\\proyectolaravel\\example-app\\vendor\\laravel\\framework\\src\\Illuminate\\Database\\Concerns\\ManagesTransactions.php(130): Illuminate\\Database\\Connection->createTransaction()
#9 C:\\Web2Proyecto\\proyectolaravel\\example-app\\vendor\\laravel\\framework\\src\\Illuminate\\Database\\Concerns\\ManagesTransactions.php(29): Illuminate\\Database\\Connection->beginTransaction()
#10 C:\\Web2Proyecto\\proyectolaravel\\example-app\\vendor\\laravel\\framework\\src\\Illuminate\\Queue\\DatabaseQueue.php(285): Illuminate\\Database\\Connection->transaction()
#11 C:\\Web2Proyecto\\proyectolaravel\\example-app\\vendor\\laravel\\framework\\src\\Illuminate\\Queue\\Worker.php(360): Illuminate\\Queue\\DatabaseQueue->pop()
#12 C:\\Web2Proyecto\\proyectolaravel\\example-app\\vendor\\laravel\\framework\\src\\Illuminate\\Queue\\Worker.php(375): Illuminate\\Queue\\Worker->{closure:Illuminate\\Queue\\Worker::getNextJob():359}()
#13 C:\\Web2Proyecto\\proyectolaravel\\example-app\\vendor\\laravel\\framework\\src\\Illuminate\\Queue\\Worker.php(336): Illuminate\\Queue\\Worker->getNextJob()
#14 C:\\Web2Proyecto\\proyectolaravel\\example-app\\vendor\\laravel\\framework\\src\\Illuminate\\Queue\\Console\\WorkCommand.php(148): Illuminate\\Queue\\Worker->runNextJob()
#15 C:\\Web2Proyecto\\proyectolaravel\\example-app\\vendor\\laravel\\framework\\src\\Illuminate\\Queue\\Console\\WorkCommand.php(131): Illuminate\\Queue\\Console\\WorkCommand->runWorker()
#16 C:\\Web2Proyecto\\proyectolaravel\\example-app\\vendor\\laravel\\framework\\src\\Illuminate\\Container\\BoundMethod.php(36): Illuminate\\Queue\\Console\\WorkCommand->handle()
#17 C:\\Web2Proyecto\\proyectolaravel\\example-app\\vendor\\laravel\\framework\\src\\Illuminate\\Container\\Util.php(43): Illuminate\\Container\\BoundMethod::{closure:Illuminate\\Container\\BoundMethod::call():35}()
#18 C:\\Web2Proyecto\\proyectolaravel\\example-app\\vendor\\laravel\\framework\\src\\Illuminate\\Container\\BoundMethod.php(96): Illuminate\\Container\\Util::unwrapIfClosure()
#19 C:\\Web2Proyecto\\proyectolaravel\\example-app\\vendor\\laravel\\framework\\src\\Illuminate\\Container\\BoundMethod.php(35): Illuminate\\Container\\BoundMethod::callBoundMethod()
#20 C:\\Web2Proyecto\\proyectolaravel\\example-app\\vendor\\laravel\\framework\\src\\Illuminate\\Container\\Container.php(836): Illuminate\\Container\\BoundMethod::call()
#21 C:\\Web2Proyecto\\proyectolaravel\\example-app\\vendor\\laravel\\framework\\src\\Illuminate\\Console\\Command.php(211): Illuminate\\Container\\Container->call()
#22 C:\\Web2Proyecto\\proyectolaravel\\example-app\\vendor\\symfony\\console\\Command\\Command.php(318): Illuminate\\Console\\Command->execute()
#23 C:\\Web2Proyecto\\proyectolaravel\\example-app\\vendor\\laravel\\framework\\src\\Illuminate\\Console\\Command.php(180): Symfony\\Component\\Console\\Command\\Command->run()
#24 C:\\Web2Proyecto\\proyectolaravel\\example-app\\vendor\\symfony\\console\\Application.php(1110): Illuminate\\Console\\Command->run()
#25 C:\\Web2Proyecto\\proyectolaravel\\example-app\\vendor\\symfony\\console\\Application.php(359): Symfony\\Component\\Console\\Application->doRunCommand()
#26 C:\\Web2Proyecto\\proyectolaravel\\example-app\\vendor\\symfony\\console\\Application.php(194): Symfony\\Component\\Console\\Application->doRun()
#27 C:\\Web2Proyecto\\proyectolaravel\\example-app\\vendor\\laravel\\framework\\src\\Illuminate\\Foundation\\Console\\Kernel.php(197): Symfony\\Component\\Console\\Application->run()
#28 C:\\Web2Proyecto\\proyectolaravel\\example-app\\vendor\\laravel\\framework\\src\\Illuminate\\Foundation\\Application.php(1235): Illuminate\\Foundation\\Console\\Kernel->handle()
#29 C:\\Web2Proyecto\\proyectolaravel\\example-app\\artisan(16): Illuminate\\Foundation\\Application->handleCommand()
#30 {main}
"} 
[2025-10-08 03:51:28] local.ERROR: SQLSTATE[08006] [7] connection to server at "127.0.0.1", port 5432 failed: fe_sendauth: no password supplied {"exception":"[object] (PDOException(code: 7): SQLSTATE[08006] [7] connection to server at \"127.0.0.1\", port 5432 failed: fe_sendauth: no password supplied at C:\\Web2Proyecto\\proyectolaravel\\example-app\\vendor\\laravel\\framework\\src\\Illuminate\\Database\\Connectors\\Connector.php:67)
[stacktrace]
#0 C:\\Web2Proyecto\\proyectolaravel\\example-app\\vendor\\laravel\\framework\\src\\Illuminate\\Database\\Connectors\\Connector.php(67): PDO::connect()
#1 C:\\Web2Proyecto\\proyectolaravel\\example-app\\vendor\\laravel\\framework\\src\\Illuminate\\Database\\Connectors\\Connector.php(44): Illuminate\\Database\\Connectors\\Connector->createPdoConnection()
#2 C:\\Web2Proyecto\\proyectolaravel\\example-app\\vendor\\laravel\\framework\\src\\Illuminate\\Database\\Connectors\\PostgresConnector.php(35): Illuminate\\Database\\Connectors\\Connector->createConnection()
#3 C:\\Web2Proyecto\\proyectolaravel\\example-app\\vendor\\laravel\\framework\\src\\Illuminate\\Database\\Connectors\\ConnectionFactory.php(184): Illuminate\\Database\\Connectors\\PostgresConnector->connect()
#4 [internal function]: Illuminate\\Database\\Connectors\\ConnectionFactory->{closure:Illuminate\\Database\\Connectors\\ConnectionFactory::createPdoResolverWithHosts():179}()
#5 C:\\Web2Proyecto\\proyectolaravel\\example-app\\vendor\\laravel\\framework\\src\\Illuminate\\Database\\Connection.php(1230): call_user_func()
#6 C:\\Web2Proyecto\\proyectolaravel\\example-app\\vendor\\laravel\\framework\\src\\Illuminate\\Database\\Connection.php(1480): Illuminate\\Database\\Connection->getPdo()
#7 C:\\Web2Proyecto\\proyectolaravel\\example-app\\vendor\\laravel\\framework\\src\\Illuminate\\Database\\Concerns\\ManagesTransactions.php(154): Illuminate\\Database\\Connection->executeBeginTransactionStatement()
#8 C:\\Web2Proyecto\\proyectolaravel\\example-app\\vendor\\laravel\\framework\\src\\Illuminate\\Database\\Concerns\\ManagesTransactions.php(130): Illuminate\\Database\\Connection->createTransaction()
#9 C:\\Web2Proyecto\\proyectolaravel\\example-app\\vendor\\laravel\\framework\\src\\Illuminate\\Database\\Concerns\\ManagesTransactions.php(29): Illuminate\\Database\\Connection->beginTransaction()
#10 C:\\Web2Proyecto\\proyectolaravel\\example-app\\vendor\\laravel\\framework\\src\\Illuminate\\Queue\\DatabaseQueue.php(285): Illuminate\\Database\\Connection->transaction()
#11 C:\\Web2Proyecto\\proyectolaravel\\example-app\\vendor\\laravel\\framework\\src\\Illuminate\\Queue\\Worker.php(360): Illuminate\\Queue\\DatabaseQueue->pop()
#12 C:\\Web2Proyecto\\proyectolaravel\\example-app\\vendor\\laravel\\framework\\src\\Illuminate\\Queue\\Worker.php(375): Illuminate\\Queue\\Worker->{closure:Illuminate\\Queue\\Worker::getNextJob():359}()
#13 C:\\Web2Proyecto\\proyectolaravel\\example-app\\vendor\\laravel\\framework\\src\\Illuminate\\Queue\\Worker.php(336): Illuminate\\Queue\\Worker->getNextJob()
#14 C:\\Web2Proyecto\\proyectolaravel\\example-app\\vendor\\laravel\\framework\\src\\Illuminate\\Queue\\Console\\WorkCommand.php(148): Illuminate\\Queue\\Worker->runNextJob()
#15 C:\\Web2Proyecto\\proyectolaravel\\example-app\\vendor\\laravel\\framework\\src\\Illuminate\\Queue\\Console\\WorkCommand.php(131): Illuminate\\Queue\\Console\\WorkCommand->runWorker()
#16 C:\\Web2Proyecto\\proyectolaravel\\example-app\\vendor\\laravel\\framework\\src\\Illuminate\\Container\\BoundMethod.php(36): Illuminate\\Queue\\Console\\WorkCommand->handle()
#17 C:\\Web2Proyecto\\proyectolaravel\\example-app\\vendor\\laravel\\framework\\src\\Illuminate\\Container\\Util.php(43): Illuminate\\Container\\BoundMethod::{closure:Illuminate\\Container\\BoundMethod::call():35}()
#18 C:\\Web2Proyecto\\proyectolaravel\\example-app\\vendor\\laravel\\framework\\src\\Illuminate\\Container\\BoundMethod.php(96): Illuminate\\Container\\Util::unwrapIfClosure()
#19 C:\\Web2Proyecto\\proyectolaravel\\example-app\\vendor\\laravel\\framework\\src\\Illuminate\\Container\\BoundMethod.php(35): Illuminate\\Container\\BoundMethod::callBoundMethod()
#20 C:\\Web2Proyecto\\proyectolaravel\\example-app\\vendor\\laravel\\framework\\src\\Illuminate\\Container\\Container.php(836): Illuminate\\Container\\BoundMethod::call()
#21 C:\\Web2Proyecto\\proyectolaravel\\example-app\\vendor\\laravel\\framework\\src\\Illuminate\\Console\\Command.php(211): Illuminate\\Container\\Container->call()
#22 C:\\Web2Proyecto\\proyectolaravel\\example-app\\vendor\\symfony\\console\\Command\\Command.php(318): Illuminate\\Console\\Command->execute()
#23 C:\\Web2Proyecto\\proyectolaravel\\example-app\\vendor\\laravel\\framework\\src\\Illuminate\\Console\\Command.php(180): Symfony\\Component\\Console\\Command\\Command->run()
#24 C:\\Web2Proyecto\\proyectolaravel\\example-app\\vendor\\symfony\\console\\Application.php(1110): Illuminate\\Console\\Command->run()
#25 C:\\Web2Proyecto\\proyectolaravel\\example-app\\vendor\\symfony\\console\\Application.php(359): Symfony\\Component\\Console\\Application->doRunCommand()
#26 C:\\Web2Proyecto\\proyectolaravel\\example-app\\vendor\\symfony\\console\\Application.php(194): Symfony\\Component\\Console\\Application->doRun()
#27 C:\\Web2Proyecto\\proyectolaravel\\example-app\\vendor\\laravel\\framework\\src\\Illuminate\\Foundation\\Console\\Kernel.php(197): Symfony\\Component\\Console\\Application->run()
#28 C:\\Web2Proyecto\\proyectolaravel\\example-app\\vendor\\laravel\\framework\\src\\Illuminate\\Foundation\\Application.php(1235): Illuminate\\Foundation\\Console\\Kernel->handle()
#29 C:\\Web2Proyecto\\proyectolaravel\\example-app\\artisan(16): Illuminate\\Foundation\\Application->handleCommand()
#30 {main}
"} 
[2025-10-08 03:51:33] local.ERROR: SQLSTATE[08006] [7] connection to server at "127.0.0.1", port 5432 failed: fe_sendauth: no password supplied {"exception":"[object] (PDOException(code: 7): SQLSTATE[08006] [7] connection to server at \"127.0.0.1\", port 5432 failed: fe_sendauth: no password supplied at C:\\Web2Proyecto\\proyectolaravel\\example-app\\vendor\\laravel\\framework\\src\\Illuminate\\Database\\Connectors\\Connector.php:67)
[stacktrace]
#0 C:\\Web2Proyecto\\proyectolaravel\\example-app\\vendor\\laravel\\framework\\src\\Illuminate\\Database\\Connectors\\Connector.php(67): PDO::connect()
#1 C:\\Web2Proyecto\\proyectolaravel\\example-app\\vendor\\laravel\\framework\\src\\Illuminate\\Database\\Connectors\\Connector.php(44): Illuminate\\Database\\Connectors\\Connector->createPdoConnection()
#2 C:\\Web2Proyecto\\proyectolaravel\\example-app\\vendor\\laravel\\framework\\src\\Illuminate\\Database\\Connectors\\PostgresConnector.php(35): Illuminate\\Database\\Connectors\\Connector->createConnection()
#3 C:\\Web2Proyecto\\proyectolaravel\\example-app\\vendor\\laravel\\framework\\src\\Illuminate\\Database\\Connectors\\ConnectionFactory.php(184): Illuminate\\Database\\Connectors\\PostgresConnector->connect()
#4 [internal function]: Illuminate\\Database\\Connectors\\ConnectionFactory->{closure:Illuminate\\Database\\Connectors\\ConnectionFactory::createPdoResolverWithHosts():179}()
#5 C:\\Web2Proyecto\\proyectolaravel\\example-app\\vendor\\laravel\\framework\\src\\Illuminate\\Database\\Connection.php(1230): call_user_func()
#6 C:\\Web2Proyecto\\proyectolaravel\\example-app\\vendor\\laravel\\framework\\src\\Illuminate\\Database\\Connection.php(1480): Illuminate\\Database\\Connection->getPdo()
#7 C:\\Web2Proyecto\\proyectolaravel\\example-app\\vendor\\laravel\\framework\\src\\Illuminate\\Database\\Concerns\\ManagesTransactions.php(154): Illuminate\\Database\\Connection->executeBeginTransactionStatement()
#8 C:\\Web2Proyecto\\proyectolaravel\\example-app\\vendor\\laravel\\framework\\src\\Illuminate\\Database\\Concerns\\ManagesTransactions.php(130): Illuminate\\Database\\Connection->createTransaction()
#9 C:\\Web2Proyecto\\proyectolaravel\\example-app\\vendor\\laravel\\framework\\src\\Illuminate\\Database\\Concerns\\ManagesTransactions.php(29): Illuminate\\Database\\Connection->beginTransaction()
#10 C:\\Web2Proyecto\\proyectolaravel\\example-app\\vendor\\laravel\\framework\\src\\Illuminate\\Queue\\DatabaseQueue.php(285): Illuminate\\Database\\Connection->transaction()
#11 C:\\Web2Proyecto\\proyectolaravel\\example-app\\vendor\\laravel\\framework\\src\\Illuminate\\Queue\\Worker.php(360): Illuminate\\Queue\\DatabaseQueue->pop()
#12 C:\\Web2Proyecto\\proyectolaravel\\example-app\\vendor\\laravel\\framework\\src\\Illuminate\\Queue\\Worker.php(375): Illuminate\\Queue\\Worker->{closure:Illuminate\\Queue\\Worker::getNextJob():359}()
#13 C:\\Web2Proyecto\\proyectolaravel\\example-app\\vendor\\laravel\\framework\\src\\Illuminate\\Queue\\Worker.php(336): Illuminate\\Queue\\Worker->getNextJob()
#14 C:\\Web2Proyecto\\proyectolaravel\\example-app\\vendor\\laravel\\framework\\src\\Illuminate\\Queue\\Console\\WorkCommand.php(148): Illuminate\\Queue\\Worker->runNextJob()
#15 C:\\Web2Proyecto\\proyectolaravel\\example-app\\vendor\\laravel\\framework\\src\\Illuminate\\Queue\\Console\\WorkCommand.php(131): Illuminate\\Queue\\Console\\WorkCommand->runWorker()
#16 C:\\Web2Proyecto\\proyectolaravel\\example-app\\vendor\\laravel\\framework\\src\\Illuminate\\Container\\BoundMethod.php(36): Illuminate\\Queue\\Console\\WorkCommand->handle()
#17 C:\\Web2Proyecto\\proyectolaravel\\example-app\\vendor\\laravel\\framework\\src\\Illuminate\\Container\\Util.php(43): Illuminate\\Container\\BoundMethod::{closure:Illuminate\\Container\\BoundMethod::call():35}()
#18 C:\\Web2Proyecto\\proyectolaravel\\example-app\\vendor\\laravel\\framework\\src\\Illuminate\\Container\\BoundMethod.php(96): Illuminate\\Container\\Util::unwrapIfClosure()
#19 C:\\Web2Proyecto\\proyectolaravel\\example-app\\vendor\\laravel\\framework\\src\\Illuminate\\Container\\BoundMethod.php(35): Illuminate\\Container\\BoundMethod::callBoundMethod()
#20 C:\\Web2Proyecto\\proyectolaravel\\example-app\\vendor\\laravel\\framework\\src\\Illuminate\\Container\\Container.php(836): Illuminate\\Container\\BoundMethod::call()
#21 C:\\Web2Proyecto\\proyectolaravel\\example-app\\vendor\\laravel\\framework\\src\\Illuminate\\Console\\Command.php(211): Illuminate\\Container\\Container->call()
#22 C:\\Web2Proyecto\\proyectolaravel\\example-app\\vendor\\symfony\\console\\Command\\Command.php(318): Illuminate\\Console\\Command->execute()
#23 C:\\Web2Proyecto\\proyectolaravel\\example-app\\vendor\\laravel\\framework\\src\\Illuminate\\Console\\Command.php(180): Symfony\\Component\\Console\\Command\\Command->run()
#24 C:\\Web2Proyecto\\proyectolaravel\\example-app\\vendor\\symfony\\console\\Application.php(1110): Illuminate\\Console\\Command->run()
#25 C:\\Web2Proyecto\\proyectolaravel\\example-app\\vendor\\symfony\\console\\Application.php(359): Symfony\\Component\\Console\\Application->doRunCommand()
#26 C:\\Web2Proyecto\\proyectolaravel\\example-app\\vendor\\symfony\\console\\Application.php(194): Symfony\\Component\\Console\\Application->doRun()
#27 C:\\Web2Proyecto\\proyectolaravel\\example-app\\vendor\\laravel\\framework\\src\\Illuminate\\Foundation\\Console\\Kernel.php(197): Symfony\\Component\\Console\\Application->run()
#28 C:\\Web2Proyecto\\proyectolaravel\\example-app\\vendor\\laravel\\framework\\src\\Illuminate\\Foundation\\Application.php(1235): Illuminate\\Foundation\\Console\\Kernel->handle()
#29 C:\\Web2Proyecto\\proyectolaravel\\example-app\\artisan(16): Illuminate\\Foundation\\Application->handleCommand()
#30 {main}
"} 
[2025-10-08 03:51:37] local.ERROR: SQLSTATE[08006] [7] connection to server at "127.0.0.1", port 5432 failed: fe_sendauth: no password supplied {"exception":"[object] (PDOException(code: 7): SQLSTATE[08006] [7] connection to server at \"127.0.0.1\", port 5432 failed: fe_sendauth: no password supplied at C:\\Web2Proyecto\\proyectolaravel\\example-app\\vendor\\laravel\\framework\\src\\Illuminate\\Database\\Connectors\\Connector.php:67)
[stacktrace]
#0 C:\\Web2Proyecto\\proyectolaravel\\example-app\\vendor\\laravel\\framework\\src\\Illuminate\\Database\\Connectors\\Connector.php(67): PDO::connect()
#1 C:\\Web2Proyecto\\proyectolaravel\\example-app\\vendor\\laravel\\framework\\src\\Illuminate\\Database\\Connectors\\Connector.php(44): Illuminate\\Database\\Connectors\\Connector->createPdoConnection()
#2 C:\\Web2Proyecto\\proyectolaravel\\example-app\\vendor\\laravel\\framework\\src\\Illuminate\\Database\\Connectors\\PostgresConnector.php(35): Illuminate\\Database\\Connectors\\Connector->createConnection()
#3 C:\\Web2Proyecto\\proyectolaravel\\example-app\\vendor\\laravel\\framework\\src\\Illuminate\\Database\\Connectors\\ConnectionFactory.php(184): Illuminate\\Database\\Connectors\\PostgresConnector->connect()
#4 [internal function]: Illuminate\\Database\\Connectors\\ConnectionFactory->{closure:Illuminate\\Database\\Connectors\\ConnectionFactory::createPdoResolverWithHosts():179}()
#5 C:\\Web2Proyecto\\proyectolaravel\\example-app\\vendor\\laravel\\framework\\src\\Illuminate\\Database\\Connection.php(1230): call_user_func()
#6 C:\\Web2Proyecto\\proyectolaravel\\example-app\\vendor\\laravel\\framework\\src\\Illuminate\\Database\\Connection.php(1480): Illuminate\\Database\\Connection->getPdo()
#7 C:\\Web2Proyecto\\proyectolaravel\\example-app\\vendor\\laravel\\framework\\src\\Illuminate\\Database\\Concerns\\ManagesTransactions.php(154): Illuminate\\Database\\Connection->executeBeginTransactionStatement()
#8 C:\\Web2Proyecto\\proyectolaravel\\example-app\\vendor\\laravel\\framework\\src\\Illuminate\\Database\\Concerns\\ManagesTransactions.php(130): Illuminate\\Database\\Connection->createTransaction()
#9 C:\\Web2Proyecto\\proyectolaravel\\example-app\\vendor\\laravel\\framework\\src\\Illuminate\\Database\\Concerns\\ManagesTransactions.php(29): Illuminate\\Database\\Connection->beginTransaction()
#10 C:\\Web2Proyecto\\proyectolaravel\\example-app\\vendor\\laravel\\framework\\src\\Illuminate\\Queue\\DatabaseQueue.php(285): Illuminate\\Database\\Connection->transaction()
#11 C:\\Web2Proyecto\\proyectolaravel\\example-app\\vendor\\laravel\\framework\\src\\Illuminate\\Queue\\Worker.php(360): Illuminate\\Queue\\DatabaseQueue->pop()
#12 C:\\Web2Proyecto\\proyectolaravel\\example-app\\vendor\\laravel\\framework\\src\\Illuminate\\Queue\\Worker.php(375): Illuminate\\Queue\\Worker->{closure:Illuminate\\Queue\\Worker::getNextJob():359}()
#13 C:\\Web2Proyecto\\proyectolaravel\\example-app\\vendor\\laravel\\framework\\src\\Illuminate\\Queue\\Worker.php(336): Illuminate\\Queue\\Worker->getNextJob()
#14 C:\\Web2Proyecto\\proyectolaravel\\example-app\\vendor\\laravel\\framework\\src\\Illuminate\\Queue\\Console\\WorkCommand.php(148): Illuminate\\Queue\\Worker->runNextJob()
#15 C:\\Web2Proyecto\\proyectolaravel\\example-app\\vendor\\laravel\\framework\\src\\Illuminate\\Queue\\Console\\WorkCommand.php(131): Illuminate\\Queue\\Console\\WorkCommand->runWorker()
#16 C:\\Web2Proyecto\\proyectolaravel\\example-app\\vendor\\laravel\\framework\\src\\Illuminate\\Container\\BoundMethod.php(36): Illuminate\\Queue\\Console\\WorkCommand->handle()
#17 C:\\Web2Proyecto\\proyectolaravel\\example-app\\vendor\\laravel\\framework\\src\\Illuminate\\Container\\Util.php(43): Illuminate\\Container\\BoundMethod::{closure:Illuminate\\Container\\BoundMethod::call():35}()
#18 C:\\Web2Proyecto\\proyectolaravel\\example-app\\vendor\\laravel\\framework\\src\\Illuminate\\Container\\BoundMethod.php(96): Illuminate\\Container\\Util::unwrapIfClosure()
#19 C:\\Web2Proyecto\\proyectolaravel\\example-app\\vendor\\laravel\\framework\\src\\Illuminate\\Container\\BoundMethod.php(35): Illuminate\\Container\\BoundMethod::callBoundMethod()
#20 C:\\Web2Proyecto\\proyectolaravel\\example-app\\vendor\\laravel\\framework\\src\\Illuminate\\Container\\Container.php(836): Illuminate\\Container\\BoundMethod::call()
#21 C:\\Web2Proyecto\\proyectolaravel\\example-app\\vendor\\laravel\\framework\\src\\Illuminate\\Console\\Command.php(211): Illuminate\\Container\\Container->call()
#22 C:\\Web2Proyecto\\proyectolaravel\\example-app\\vendor\\symfony\\console\\Command\\Command.php(318): Illuminate\\Console\\Command->execute()
#23 C:\\Web2Proyecto\\proyectolaravel\\example-app\\vendor\\laravel\\framework\\src\\Illuminate\\Console\\Command.php(180): Symfony\\Component\\Console\\Command\\Command->run()
#24 C:\\Web2Proyecto\\proyectolaravel\\example-app\\vendor\\symfony\\console\\Application.php(1110): Illuminate\\Console\\Command->run()
#25 C:\\Web2Proyecto\\proyectolaravel\\example-app\\vendor\\symfony\\console\\Application.php(359): Symfony\\Component\\Console\\Application->doRunCommand()
#26 C:\\Web2Proyecto\\proyectolaravel\\example-app\\vendor\\symfony\\console\\Application.php(194): Symfony\\Component\\Console\\Application->doRun()
#27 C:\\Web2Proyecto\\proyectolaravel\\example-app\\vendor\\laravel\\framework\\src\\Illuminate\\Foundation\\Console\\Kernel.php(197): Symfony\\Component\\Console\\Application->run()
#28 C:\\Web2Proyecto\\proyectolaravel\\example-app\\vendor\\laravel\\framework\\src\\Illuminate\\Foundation\\Application.php(1235): Illuminate\\Foundation\\Console\\Kernel->handle()
#29 C:\\Web2Proyecto\\proyectolaravel\\example-app\\artisan(16): Illuminate\\Foundation\\Application->handleCommand()
#30 {main}
"} 
[2025-10-08 03:51:42] local.ERROR: SQLSTATE[08006] [7] connection to server at "127.0.0.1", port 5432 failed: fe_sendauth: no password supplied {"exception":"[object] (PDOException(code: 7): SQLSTATE[08006] [7] connection to server at \"127.0.0.1\", port 5432 failed: fe_sendauth: no password supplied at C:\\Web2Proyecto\\proyectolaravel\\example-app\\vendor\\laravel\\framework\\src\\Illuminate\\Database\\Connectors\\Connector.php:67)
[stacktrace]
#0 C:\\Web2Proyecto\\proyectolaravel\\example-app\\vendor\\laravel\\framework\\src\\Illuminate\\Database\\Connectors\\Connector.php(67): PDO::connect()
#1 C:\\Web2Proyecto\\proyectolaravel\\example-app\\vendor\\laravel\\framework\\src\\Illuminate\\Database\\Connectors\\Connector.php(44): Illuminate\\Database\\Connectors\\Connector->createPdoConnection()
#2 C:\\Web2Proyecto\\proyectolaravel\\example-app\\vendor\\laravel\\framework\\src\\Illuminate\\Database\\Connectors\\PostgresConnector.php(35): Illuminate\\Database\\Connectors\\Connector->createConnection()
#3 C:\\Web2Proyecto\\proyectolaravel\\example-app\\vendor\\laravel\\framework\\src\\Illuminate\\Database\\Connectors\\ConnectionFactory.php(184): Illuminate\\Database\\Connectors\\PostgresConnector->connect()
#4 [internal function]: Illuminate\\Database\\Connectors\\ConnectionFactory->{closure:Illuminate\\Database\\Connectors\\ConnectionFactory::createPdoResolverWithHosts():179}()
#5 C:\\Web2Proyecto\\proyectolaravel\\example-app\\vendor\\laravel\\framework\\src\\Illuminate\\Database\\Connection.php(1230): call_user_func()
#6 C:\\Web2Proyecto\\proyectolaravel\\example-app\\vendor\\laravel\\framework\\src\\Illuminate\\Database\\Connection.php(1480): Illuminate\\Database\\Connection->getPdo()
#7 C:\\Web2Proyecto\\proyectolaravel\\example-app\\vendor\\laravel\\framework\\src\\Illuminate\\Database\\Concerns\\ManagesTransactions.php(154): Illuminate\\Database\\Connection->executeBeginTransactionStatement()
#8 C:\\Web2Proyecto\\proyectolaravel\\example-app\\vendor\\laravel\\framework\\src\\Illuminate\\Database\\Concerns\\ManagesTransactions.php(130): Illuminate\\Database\\Connection->createTransaction()
#9 C:\\Web2Proyecto\\proyectolaravel\\example-app\\vendor\\laravel\\framework\\src\\Illuminate\\Database\\Concerns\\ManagesTransactions.php(29): Illuminate\\Database\\Connection->beginTransaction()
#10 C:\\Web2Proyecto\\proyectolaravel\\example-app\\vendor\\laravel\\framework\\src\\Illuminate\\Queue\\DatabaseQueue.php(285): Illuminate\\Database\\Connection->transaction()
#11 C:\\Web2Proyecto\\proyectolaravel\\example-app\\vendor\\laravel\\framework\\src\\Illuminate\\Queue\\Worker.php(360): Illuminate\\Queue\\DatabaseQueue->pop()
#12 C:\\Web2Proyecto\\proyectolaravel\\example-app\\vendor\\laravel\\framework\\src\\Illuminate\\Queue\\Worker.php(375): Illuminate\\Queue\\Worker->{closure:Illuminate\\Queue\\Worker::getNextJob():359}()
#13 C:\\Web2Proyecto\\proyectolaravel\\example-app\\vendor\\laravel\\framework\\src\\Illuminate\\Queue\\Worker.php(336): Illuminate\\Queue\\Worker->getNextJob()
#14 C:\\Web2Proyecto\\proyectolaravel\\example-app\\vendor\\laravel\\framework\\src\\Illuminate\\Queue\\Console\\WorkCommand.php(148): Illuminate\\Queue\\Worker->runNextJob()
#15 C:\\Web2Proyecto\\proyectolaravel\\example-app\\vendor\\laravel\\framework\\src\\Illuminate\\Queue\\Console\\WorkCommand.php(131): Illuminate\\Queue\\Console\\WorkCommand->runWorker()
#16 C:\\Web2Proyecto\\proyectolaravel\\example-app\\vendor\\laravel\\framework\\src\\Illuminate\\Container\\BoundMethod.php(36): Illuminate\\Queue\\Console\\WorkCommand->handle()
#17 C:\\Web2Proyecto\\proyectolaravel\\example-app\\vendor\\laravel\\framework\\src\\Illuminate\\Container\\Util.php(43): Illuminate\\Container\\BoundMethod::{closure:Illuminate\\Container\\BoundMethod::call():35}()
#18 C:\\Web2Proyecto\\proyectolaravel\\example-app\\vendor\\laravel\\framework\\src\\Illuminate\\Container\\BoundMethod.php(96): Illuminate\\Container\\Util::unwrapIfClosure()
#19 C:\\Web2Proyecto\\proyectolaravel\\example-app\\vendor\\laravel\\framework\\src\\Illuminate\\Container\\BoundMethod.php(35): Illuminate\\Container\\BoundMethod::callBoundMethod()
#20 C:\\Web2Proyecto\\proyectolaravel\\example-app\\vendor\\laravel\\framework\\src\\Illuminate\\Container\\Container.php(836): Illuminate\\Container\\BoundMethod::call()
#21 C:\\Web2Proyecto\\proyectolaravel\\example-app\\vendor\\laravel\\framework\\src\\Illuminate\\Console\\Command.php(211): Illuminate\\Container\\Container->call()
#22 C:\\Web2Proyecto\\proyectolaravel\\example-app\\vendor\\symfony\\console\\Command\\Command.php(318): Illuminate\\Console\\Command->execute()
#23 C:\\Web2Proyecto\\proyectolaravel\\example-app\\vendor\\laravel\\framework\\src\\Illuminate\\Console\\Command.php(180): Symfony\\Component\\Console\\Command\\Command->run()
#24 C:\\Web2Proyecto\\proyectolaravel\\example-app\\vendor\\symfony\\console\\Application.php(1110): Illuminate\\Console\\Command->run()
#25 C:\\Web2Proyecto\\proyectolaravel\\example-app\\vendor\\symfony\\console\\Application.php(359): Symfony\\Component\\Console\\Application->doRunCommand()
#26 C:\\Web2Proyecto\\proyectolaravel\\example-app\\vendor\\symfony\\console\\Application.php(194): Symfony\\Component\\Console\\Application->doRun()
#27 C:\\Web2Proyecto\\proyectolaravel\\example-app\\vendor\\laravel\\framework\\src\\Illuminate\\Foundation\\Console\\Kernel.php(197): Symfony\\Component\\Console\\Application->run()
#28 C:\\Web2Proyecto\\proyectolaravel\\example-app\\vendor\\laravel\\framework\\src\\Illuminate\\Foundation\\Application.php(1235): Illuminate\\Foundation\\Console\\Kernel->handle()
#29 C:\\Web2Proyecto\\proyectolaravel\\example-app\\artisan(16): Illuminate\\Foundation\\Application->handleCommand()
#30 {main}
"} 
[2025-10-08 12:20:08] local.ERROR: SQLSTATE[08006] [7] connection to server at "127.0.0.1", port 5432 failed: fe_sendauth: no password supplied {"exception":"[object] (PDOException(code: 7): SQLSTATE[08006] [7] connection to server at \"127.0.0.1\", port 5432 failed: fe_sendauth: no password supplied at C:\\Web2Proyecto\\proyectolaravel\\example-app\\vendor\\laravel\\framework\\src\\Illuminate\\Database\\Connectors\\Connector.php:67)
[stacktrace]
#0 C:\\Web2Proyecto\\proyectolaravel\\example-app\\vendor\\laravel\\framework\\src\\Illuminate\\Database\\Connectors\\Connector.php(67): PDO::connect()
#1 C:\\Web2Proyecto\\proyectolaravel\\example-app\\vendor\\laravel\\framework\\src\\Illuminate\\Database\\Connectors\\Connector.php(44): Illuminate\\Database\\Connectors\\Connector->createPdoConnection()
#2 C:\\Web2Proyecto\\proyectolaravel\\example-app\\vendor\\laravel\\framework\\src\\Illuminate\\Database\\Connectors\\PostgresConnector.php(35): Illuminate\\Database\\Connectors\\Connector->createConnection()
#3 C:\\Web2Proyecto\\proyectolaravel\\example-app\\vendor\\laravel\\framework\\src\\Illuminate\\Database\\Connectors\\ConnectionFactory.php(184): Illuminate\\Database\\Connectors\\PostgresConnector->connect()
#4 [internal function]: Illuminate\\Database\\Connectors\\ConnectionFactory->{closure:Illuminate\\Database\\Connectors\\ConnectionFactory::createPdoResolverWithHosts():179}()
#5 C:\\Web2Proyecto\\proyectolaravel\\example-app\\vendor\\laravel\\framework\\src\\Illuminate\\Database\\Connection.php(1230): call_user_func()
#6 C:\\Web2Proyecto\\proyectolaravel\\example-app\\vendor\\laravel\\framework\\src\\Illuminate\\Database\\Connection.php(1480): Illuminate\\Database\\Connection->getPdo()
#7 C:\\Web2Proyecto\\proyectolaravel\\example-app\\vendor\\laravel\\framework\\src\\Illuminate\\Database\\Concerns\\ManagesTransactions.php(154): Illuminate\\Database\\Connection->executeBeginTransactionStatement()
#8 C:\\Web2Proyecto\\proyectolaravel\\example-app\\vendor\\laravel\\framework\\src\\Illuminate\\Database\\Concerns\\ManagesTransactions.php(130): Illuminate\\Database\\Connection->createTransaction()
#9 C:\\Web2Proyecto\\proyectolaravel\\example-app\\vendor\\laravel\\framework\\src\\Illuminate\\Database\\Concerns\\ManagesTransactions.php(29): Illuminate\\Database\\Connection->beginTransaction()
#10 C:\\Web2Proyecto\\proyectolaravel\\example-app\\vendor\\laravel\\framework\\src\\Illuminate\\Queue\\DatabaseQueue.php(285): Illuminate\\Database\\Connection->transaction()
#11 C:\\Web2Proyecto\\proyectolaravel\\example-app\\vendor\\laravel\\framework\\src\\Illuminate\\Queue\\Worker.php(360): Illuminate\\Queue\\DatabaseQueue->pop()
#12 C:\\Web2Proyecto\\proyectolaravel\\example-app\\vendor\\laravel\\framework\\src\\Illuminate\\Queue\\Worker.php(375): Illuminate\\Queue\\Worker->{closure:Illuminate\\Queue\\Worker::getNextJob():359}()
#13 C:\\Web2Proyecto\\proyectolaravel\\example-app\\vendor\\laravel\\framework\\src\\Illuminate\\Queue\\Worker.php(336): Illuminate\\Queue\\Worker->getNextJob()
#14 C:\\Web2Proyecto\\proyectolaravel\\example-app\\vendor\\laravel\\framework\\src\\Illuminate\\Queue\\Console\\WorkCommand.php(148): Illuminate\\Queue\\Worker->runNextJob()
#15 C:\\Web2Proyecto\\proyectolaravel\\example-app\\vendor\\laravel\\framework\\src\\Illuminate\\Queue\\Console\\WorkCommand.php(131): Illuminate\\Queue\\Console\\WorkCommand->runWorker()
#16 C:\\Web2Proyecto\\proyectolaravel\\example-app\\vendor\\laravel\\framework\\src\\Illuminate\\Container\\BoundMethod.php(36): Illuminate\\Queue\\Console\\WorkCommand->handle()
#17 C:\\Web2Proyecto\\proyectolaravel\\example-app\\vendor\\laravel\\framework\\src\\Illuminate\\Container\\Util.php(43): Illuminate\\Container\\BoundMethod::{closure:Illuminate\\Container\\BoundMethod::call():35}()
#18 C:\\Web2Proyecto\\proyectolaravel\\example-app\\vendor\\laravel\\framework\\src\\Illuminate\\Container\\BoundMethod.php(96): Illuminate\\Container\\Util::unwrapIfClosure()
#19 C:\\Web2Proyecto\\proyectolaravel\\example-app\\vendor\\laravel\\framework\\src\\Illuminate\\Container\\BoundMethod.php(35): Illuminate\\Container\\BoundMethod::callBoundMethod()
#20 C:\\Web2Proyecto\\proyectolaravel\\example-app\\vendor\\laravel\\framework\\src\\Illuminate\\Container\\Container.php(836): Illuminate\\Container\\BoundMethod::call()
#21 C:\\Web2Proyecto\\proyectolaravel\\example-app\\vendor\\laravel\\framework\\src\\Illuminate\\Console\\Command.php(211): Illuminate\\Container\\Container->call()
#22 C:\\Web2Proyecto\\proyectolaravel\\example-app\\vendor\\symfony\\console\\Command\\Command.php(318): Illuminate\\Console\\Command->execute()
#23 C:\\Web2Proyecto\\proyectolaravel\\example-app\\vendor\\laravel\\framework\\src\\Illuminate\\Console\\Command.php(180): Symfony\\Component\\Console\\Command\\Command->run()
#24 C:\\Web2Proyecto\\proyectolaravel\\example-app\\vendor\\symfony\\console\\Application.php(1110): Illuminate\\Console\\Command->run()
#25 C:\\Web2Proyecto\\proyectolaravel\\example-app\\vendor\\symfony\\console\\Application.php(359): Symfony\\Component\\Console\\Application->doRunCommand()
#26 C:\\Web2Proyecto\\proyectolaravel\\example-app\\vendor\\symfony\\console\\Application.php(194): Symfony\\Component\\Console\\Application->doRun()
#27 C:\\Web2Proyecto\\proyectolaravel\\example-app\\vendor\\laravel\\framework\\src\\Illuminate\\Foundation\\Console\\Kernel.php(197): Symfony\\Component\\Console\\Application->run()
#28 C:\\Web2Proyecto\\proyectolaravel\\example-app\\vendor\\laravel\\framework\\src\\Illuminate\\Foundation\\Application.php(1235): Illuminate\\Foundation\\Console\\Kernel->handle()
#29 C:\\Web2Proyecto\\proyectolaravel\\example-app\\artisan(16): Illuminate\\Foundation\\Application->handleCommand()
#30 {main}
"} 
[2025-10-08 12:20:13] local.ERROR: SQLSTATE[08006] [7] connection to server at "127.0.0.1", port 5432 failed: fe_sendauth: no password supplied {"exception":"[object] (PDOException(code: 7): SQLSTATE[08006] [7] connection to server at \"127.0.0.1\", port 5432 failed: fe_sendauth: no password supplied at C:\\Web2Proyecto\\proyectolaravel\\example-app\\vendor\\laravel\\framework\\src\\Illuminate\\Database\\Connectors\\Connector.php:67)
[stacktrace]
#0 C:\\Web2Proyecto\\proyectolaravel\\example-app\\vendor\\laravel\\framework\\src\\Illuminate\\Database\\Connectors\\Connector.php(67): PDO::connect()
#1 C:\\Web2Proyecto\\proyectolaravel\\example-app\\vendor\\laravel\\framework\\src\\Illuminate\\Database\\Connectors\\Connector.php(44): Illuminate\\Database\\Connectors\\Connector->createPdoConnection()
#2 C:\\Web2Proyecto\\proyectolaravel\\example-app\\vendor\\laravel\\framework\\src\\Illuminate\\Database\\Connectors\\PostgresConnector.php(35): Illuminate\\Database\\Connectors\\Connector->createConnection()
#3 C:\\Web2Proyecto\\proyectolaravel\\example-app\\vendor\\laravel\\framework\\src\\Illuminate\\Database\\Connectors\\ConnectionFactory.php(184): Illuminate\\Database\\Connectors\\PostgresConnector->connect()
#4 [internal function]: Illuminate\\Database\\Connectors\\ConnectionFactory->{closure:Illuminate\\Database\\Connectors\\ConnectionFactory::createPdoResolverWithHosts():179}()
#5 C:\\Web2Proyecto\\proyectolaravel\\example-app\\vendor\\laravel\\framework\\src\\Illuminate\\Database\\Connection.php(1230): call_user_func()
#6 C:\\Web2Proyecto\\proyectolaravel\\example-app\\vendor\\laravel\\framework\\src\\Illuminate\\Database\\Connection.php(1480): Illuminate\\Database\\Connection->getPdo()
#7 C:\\Web2Proyecto\\proyectolaravel\\example-app\\vendor\\laravel\\framework\\src\\Illuminate\\Database\\Concerns\\ManagesTransactions.php(154): Illuminate\\Database\\Connection->executeBeginTransactionStatement()
#8 C:\\Web2Proyecto\\proyectolaravel\\example-app\\vendor\\laravel\\framework\\src\\Illuminate\\Database\\Concerns\\ManagesTransactions.php(130): Illuminate\\Database\\Connection->createTransaction()
#9 C:\\Web2Proyecto\\proyectolaravel\\example-app\\vendor\\laravel\\framework\\src\\Illuminate\\Database\\Concerns\\ManagesTransactions.php(29): Illuminate\\Database\\Connection->beginTransaction()
#10 C:\\Web2Proyecto\\proyectolaravel\\example-app\\vendor\\laravel\\framework\\src\\Illuminate\\Queue\\DatabaseQueue.php(285): Illuminate\\Database\\Connection->transaction()
#11 C:\\Web2Proyecto\\proyectolaravel\\example-app\\vendor\\laravel\\framework\\src\\Illuminate\\Queue\\Worker.php(360): Illuminate\\Queue\\DatabaseQueue->pop()
#12 C:\\Web2Proyecto\\proyectolaravel\\example-app\\vendor\\laravel\\framework\\src\\Illuminate\\Queue\\Worker.php(375): Illuminate\\Queue\\Worker->{closure:Illuminate\\Queue\\Worker::getNextJob():359}()
#13 C:\\Web2Proyecto\\proyectolaravel\\example-app\\vendor\\laravel\\framework\\src\\Illuminate\\Queue\\Worker.php(336): Illuminate\\Queue\\Worker->getNextJob()
#14 C:\\Web2Proyecto\\proyectolaravel\\example-app\\vendor\\laravel\\framework\\src\\Illuminate\\Queue\\Console\\WorkCommand.php(148): Illuminate\\Queue\\Worker->runNextJob()
#15 C:\\Web2Proyecto\\proyectolaravel\\example-app\\vendor\\laravel\\framework\\src\\Illuminate\\Queue\\Console\\WorkCommand.php(131): Illuminate\\Queue\\Console\\WorkCommand->runWorker()
#16 C:\\Web2Proyecto\\proyectolaravel\\example-app\\vendor\\laravel\\framework\\src\\Illuminate\\Container\\BoundMethod.php(36): Illuminate\\Queue\\Console\\WorkCommand->handle()
#17 C:\\Web2Proyecto\\proyectolaravel\\example-app\\vendor\\laravel\\framework\\src\\Illuminate\\Container\\Util.php(43): Illuminate\\Container\\BoundMethod::{closure:Illuminate\\Container\\BoundMethod::call():35}()
#18 C:\\Web2Proyecto\\proyectolaravel\\example-app\\vendor\\laravel\\framework\\src\\Illuminate\\Container\\BoundMethod.php(96): Illuminate\\Container\\Util::unwrapIfClosure()
#19 C:\\Web2Proyecto\\proyectolaravel\\example-app\\vendor\\laravel\\framework\\src\\Illuminate\\Container\\BoundMethod.php(35): Illuminate\\Container\\BoundMethod::callBoundMethod()
#20 C:\\Web2Proyecto\\proyectolaravel\\example-app\\vendor\\laravel\\framework\\src\\Illuminate\\Container\\Container.php(836): Illuminate\\Container\\BoundMethod::call()
#21 C:\\Web2Proyecto\\proyectolaravel\\example-app\\vendor\\laravel\\framework\\src\\Illuminate\\Console\\Command.php(211): Illuminate\\Container\\Container->call()
#22 C:\\Web2Proyecto\\proyectolaravel\\example-app\\vendor\\symfony\\console\\Command\\Command.php(318): Illuminate\\Console\\Command->execute()
#23 C:\\Web2Proyecto\\proyectolaravel\\example-app\\vendor\\laravel\\framework\\src\\Illuminate\\Console\\Command.php(180): Symfony\\Component\\Console\\Command\\Command->run()
#24 C:\\Web2Proyecto\\proyectolaravel\\example-app\\vendor\\symfony\\console\\Application.php(1110): Illuminate\\Console\\Command->run()
#25 C:\\Web2Proyecto\\proyectolaravel\\example-app\\vendor\\symfony\\console\\Application.php(359): Symfony\\Component\\Console\\Application->doRunCommand()
#26 C:\\Web2Proyecto\\proyectolaravel\\example-app\\vendor\\symfony\\console\\Application.php(194): Symfony\\Component\\Console\\Application->doRun()
#27 C:\\Web2Proyecto\\proyectolaravel\\example-app\\vendor\\laravel\\framework\\src\\Illuminate\\Foundation\\Console\\Kernel.php(197): Symfony\\Component\\Console\\Application->run()
#28 C:\\Web2Proyecto\\proyectolaravel\\example-app\\vendor\\laravel\\framework\\src\\Illuminate\\Foundation\\Application.php(1235): Illuminate\\Foundation\\Console\\Kernel->handle()
#29 C:\\Web2Proyecto\\proyectolaravel\\example-app\\artisan(16): Illuminate\\Foundation\\Application->handleCommand()
#30 {main}
"} 
[2025-10-08 12:20:18] local.ERROR: SQLSTATE[08006] [7] connection to server at "127.0.0.1", port 5432 failed: fe_sendauth: no password supplied {"exception":"[object] (PDOException(code: 7): SQLSTATE[08006] [7] connection to server at \"127.0.0.1\", port 5432 failed: fe_sendauth: no password supplied at C:\\Web2Proyecto\\proyectolaravel\\example-app\\vendor\\laravel\\framework\\src\\Illuminate\\Database\\Connectors\\Connector.php:67)
[stacktrace]
#0 C:\\Web2Proyecto\\proyectolaravel\\example-app\\vendor\\laravel\\framework\\src\\Illuminate\\Database\\Connectors\\Connector.php(67): PDO::connect()
#1 C:\\Web2Proyecto\\proyectolaravel\\example-app\\vendor\\laravel\\framework\\src\\Illuminate\\Database\\Connectors\\Connector.php(44): Illuminate\\Database\\Connectors\\Connector->createPdoConnection()
#2 C:\\Web2Proyecto\\proyectolaravel\\example-app\\vendor\\laravel\\framework\\src\\Illuminate\\Database\\Connectors\\PostgresConnector.php(35): Illuminate\\Database\\Connectors\\Connector->createConnection()
#3 C:\\Web2Proyecto\\proyectolaravel\\example-app\\vendor\\laravel\\framework\\src\\Illuminate\\Database\\Connectors\\ConnectionFactory.php(184): Illuminate\\Database\\Connectors\\PostgresConnector->connect()
#4 [internal function]: Illuminate\\Database\\Connectors\\ConnectionFactory->{closure:Illuminate\\Database\\Connectors\\ConnectionFactory::createPdoResolverWithHosts():179}()
#5 C:\\Web2Proyecto\\proyectolaravel\\example-app\\vendor\\laravel\\framework\\src\\Illuminate\\Database\\Connection.php(1230): call_user_func()
#6 C:\\Web2Proyecto\\proyectolaravel\\example-app\\vendor\\laravel\\framework\\src\\Illuminate\\Database\\Connection.php(1480): Illuminate\\Database\\Connection->getPdo()
#7 C:\\Web2Proyecto\\proyectolaravel\\example-app\\vendor\\laravel\\framework\\src\\Illuminate\\Database\\Concerns\\ManagesTransactions.php(154): Illuminate\\Database\\Connection->executeBeginTransactionStatement()
#8 C:\\Web2Proyecto\\proyectolaravel\\example-app\\vendor\\laravel\\framework\\src\\Illuminate\\Database\\Concerns\\ManagesTransactions.php(130): Illuminate\\Database\\Connection->createTransaction()
#9 C:\\Web2Proyecto\\proyectolaravel\\example-app\\vendor\\laravel\\framework\\src\\Illuminate\\Database\\Concerns\\ManagesTransactions.php(29): Illuminate\\Database\\Connection->beginTransaction()
#10 C:\\Web2Proyecto\\proyectolaravel\\example-app\\vendor\\laravel\\framework\\src\\Illuminate\\Queue\\DatabaseQueue.php(285): Illuminate\\Database\\Connection->transaction()
#11 C:\\Web2Proyecto\\proyectolaravel\\example-app\\vendor\\laravel\\framework\\src\\Illuminate\\Queue\\Worker.php(360): Illuminate\\Queue\\DatabaseQueue->pop()
#12 C:\\Web2Proyecto\\proyectolaravel\\example-app\\vendor\\laravel\\framework\\src\\Illuminate\\Queue\\Worker.php(375): Illuminate\\Queue\\Worker->{closure:Illuminate\\Queue\\Worker::getNextJob():359}()
#13 C:\\Web2Proyecto\\proyectolaravel\\example-app\\vendor\\laravel\\framework\\src\\Illuminate\\Queue\\Worker.php(336): Illuminate\\Queue\\Worker->getNextJob()
#14 C:\\Web2Proyecto\\proyectolaravel\\example-app\\vendor\\laravel\\framework\\src\\Illuminate\\Queue\\Console\\WorkCommand.php(148): Illuminate\\Queue\\Worker->runNextJob()
#15 C:\\Web2Proyecto\\proyectolaravel\\example-app\\vendor\\laravel\\framework\\src\\Illuminate\\Queue\\Console\\WorkCommand.php(131): Illuminate\\Queue\\Console\\WorkCommand->runWorker()
#16 C:\\Web2Proyecto\\proyectolaravel\\example-app\\vendor\\laravel\\framework\\src\\Illuminate\\Container\\BoundMethod.php(36): Illuminate\\Queue\\Console\\WorkCommand->handle()
#17 C:\\Web2Proyecto\\proyectolaravel\\example-app\\vendor\\laravel\\framework\\src\\Illuminate\\Container\\Util.php(43): Illuminate\\Container\\BoundMethod::{closure:Illuminate\\Container\\BoundMethod::call():35}()
#18 C:\\Web2Proyecto\\proyectolaravel\\example-app\\vendor\\laravel\\framework\\src\\Illuminate\\Container\\BoundMethod.php(96): Illuminate\\Container\\Util::unwrapIfClosure()
#19 C:\\Web2Proyecto\\proyectolaravel\\example-app\\vendor\\laravel\\framework\\src\\Illuminate\\Container\\BoundMethod.php(35): Illuminate\\Container\\BoundMethod::callBoundMethod()
#20 C:\\Web2Proyecto\\proyectolaravel\\example-app\\vendor\\laravel\\framework\\src\\Illuminate\\Container\\Container.php(836): Illuminate\\Container\\BoundMethod::call()
#21 C:\\Web2Proyecto\\proyectolaravel\\example-app\\vendor\\laravel\\framework\\src\\Illuminate\\Console\\Command.php(211): Illuminate\\Container\\Container->call()
#22 C:\\Web2Proyecto\\proyectolaravel\\example-app\\vendor\\symfony\\console\\Command\\Command.php(318): Illuminate\\Console\\Command->execute()
#23 C:\\Web2Proyecto\\proyectolaravel\\example-app\\vendor\\laravel\\framework\\src\\Illuminate\\Console\\Command.php(180): Symfony\\Component\\Console\\Command\\Command->run()
#24 C:\\Web2Proyecto\\proyectolaravel\\example-app\\vendor\\symfony\\console\\Application.php(1110): Illuminate\\Console\\Command->run()
#25 C:\\Web2Proyecto\\proyectolaravel\\example-app\\vendor\\symfony\\console\\Application.php(359): Symfony\\Component\\Console\\Application->doRunCommand()
#26 C:\\Web2Proyecto\\proyectolaravel\\example-app\\vendor\\symfony\\console\\Application.php(194): Symfony\\Component\\Console\\Application->doRun()
#27 C:\\Web2Proyecto\\proyectolaravel\\example-app\\vendor\\laravel\\framework\\src\\Illuminate\\Foundation\\Console\\Kernel.php(197): Symfony\\Component\\Console\\Application->run()
#28 C:\\Web2Proyecto\\proyectolaravel\\example-app\\vendor\\laravel\\framework\\src\\Illuminate\\Foundation\\Application.php(1235): Illuminate\\Foundation\\Console\\Kernel->handle()
#29 C:\\Web2Proyecto\\proyectolaravel\\example-app\\artisan(16): Illuminate\\Foundation\\Application->handleCommand()
#30 {main}
"} 
[2025-10-08 12:20:22] local.ERROR: SQLSTATE[08006] [7] connection to server at "127.0.0.1", port 5432 failed: fe_sendauth: no password supplied {"exception":"[object] (PDOException(code: 7): SQLSTATE[08006] [7] connection to server at \"127.0.0.1\", port 5432 failed: fe_sendauth: no password supplied at C:\\Web2Proyecto\\proyectolaravel\\example-app\\vendor\\laravel\\framework\\src\\Illuminate\\Database\\Connectors\\Connector.php:67)
[stacktrace]
#0 C:\\Web2Proyecto\\proyectolaravel\\example-app\\vendor\\laravel\\framework\\src\\Illuminate\\Database\\Connectors\\Connector.php(67): PDO::connect()
#1 C:\\Web2Proyecto\\proyectolaravel\\example-app\\vendor\\laravel\\framework\\src\\Illuminate\\Database\\Connectors\\Connector.php(44): Illuminate\\Database\\Connectors\\Connector->createPdoConnection()
#2 C:\\Web2Proyecto\\proyectolaravel\\example-app\\vendor\\laravel\\framework\\src\\Illuminate\\Database\\Connectors\\PostgresConnector.php(35): Illuminate\\Database\\Connectors\\Connector->createConnection()
#3 C:\\Web2Proyecto\\proyectolaravel\\example-app\\vendor\\laravel\\framework\\src\\Illuminate\\Database\\Connectors\\ConnectionFactory.php(184): Illuminate\\Database\\Connectors\\PostgresConnector->connect()
#4 [internal function]: Illuminate\\Database\\Connectors\\ConnectionFactory->{closure:Illuminate\\Database\\Connectors\\ConnectionFactory::createPdoResolverWithHosts():179}()
#5 C:\\Web2Proyecto\\proyectolaravel\\example-app\\vendor\\laravel\\framework\\src\\Illuminate\\Database\\Connection.php(1230): call_user_func()
#6 C:\\Web2Proyecto\\proyectolaravel\\example-app\\vendor\\laravel\\framework\\src\\Illuminate\\Database\\Connection.php(1480): Illuminate\\Database\\Connection->getPdo()
#7 C:\\Web2Proyecto\\proyectolaravel\\example-app\\vendor\\laravel\\framework\\src\\Illuminate\\Database\\Concerns\\ManagesTransactions.php(154): Illuminate\\Database\\Connection->executeBeginTransactionStatement()
#8 C:\\Web2Proyecto\\proyectolaravel\\example-app\\vendor\\laravel\\framework\\src\\Illuminate\\Database\\Concerns\\ManagesTransactions.php(130): Illuminate\\Database\\Connection->createTransaction()
#9 C:\\Web2Proyecto\\proyectolaravel\\example-app\\vendor\\laravel\\framework\\src\\Illuminate\\Database\\Concerns\\ManagesTransactions.php(29): Illuminate\\Database\\Connection->beginTransaction()
#10 C:\\Web2Proyecto\\proyectolaravel\\example-app\\vendor\\laravel\\framework\\src\\Illuminate\\Queue\\DatabaseQueue.php(285): Illuminate\\Database\\Connection->transaction()
#11 C:\\Web2Proyecto\\proyectolaravel\\example-app\\vendor\\laravel\\framework\\src\\Illuminate\\Queue\\Worker.php(360): Illuminate\\Queue\\DatabaseQueue->pop()
#12 C:\\Web2Proyecto\\proyectolaravel\\example-app\\vendor\\laravel\\framework\\src\\Illuminate\\Queue\\Worker.php(375): Illuminate\\Queue\\Worker->{closure:Illuminate\\Queue\\Worker::getNextJob():359}()
#13 C:\\Web2Proyecto\\proyectolaravel\\example-app\\vendor\\laravel\\framework\\src\\Illuminate\\Queue\\Worker.php(336): Illuminate\\Queue\\Worker->getNextJob()
#14 C:\\Web2Proyecto\\proyectolaravel\\example-app\\vendor\\laravel\\framework\\src\\Illuminate\\Queue\\Console\\WorkCommand.php(148): Illuminate\\Queue\\Worker->runNextJob()
#15 C:\\Web2Proyecto\\proyectolaravel\\example-app\\vendor\\laravel\\framework\\src\\Illuminate\\Queue\\Console\\WorkCommand.php(131): Illuminate\\Queue\\Console\\WorkCommand->runWorker()
#16 C:\\Web2Proyecto\\proyectolaravel\\example-app\\vendor\\laravel\\framework\\src\\Illuminate\\Container\\BoundMethod.php(36): Illuminate\\Queue\\Console\\WorkCommand->handle()
#17 C:\\Web2Proyecto\\proyectolaravel\\example-app\\vendor\\laravel\\framework\\src\\Illuminate\\Container\\Util.php(43): Illuminate\\Container\\BoundMethod::{closure:Illuminate\\Container\\BoundMethod::call():35}()
#18 C:\\Web2Proyecto\\proyectolaravel\\example-app\\vendor\\laravel\\framework\\src\\Illuminate\\Container\\BoundMethod.php(96): Illuminate\\Container\\Util::unwrapIfClosure()
#19 C:\\Web2Proyecto\\proyectolaravel\\example-app\\vendor\\laravel\\framework\\src\\Illuminate\\Container\\BoundMethod.php(35): Illuminate\\Container\\BoundMethod::callBoundMethod()
#20 C:\\Web2Proyecto\\proyectolaravel\\example-app\\vendor\\laravel\\framework\\src\\Illuminate\\Container\\Container.php(836): Illuminate\\Container\\BoundMethod::call()
#21 C:\\Web2Proyecto\\proyectolaravel\\example-app\\vendor\\laravel\\framework\\src\\Illuminate\\Console\\Command.php(211): Illuminate\\Container\\Container->call()
#22 C:\\Web2Proyecto\\proyectolaravel\\example-app\\vendor\\symfony\\console\\Command\\Command.php(318): Illuminate\\Console\\Command->execute()
#23 C:\\Web2Proyecto\\proyectolaravel\\example-app\\vendor\\laravel\\framework\\src\\Illuminate\\Console\\Command.php(180): Symfony\\Component\\Console\\Command\\Command->run()
#24 C:\\Web2Proyecto\\proyectolaravel\\example-app\\vendor\\symfony\\console\\Application.php(1110): Illuminate\\Console\\Command->run()
#25 C:\\Web2Proyecto\\proyectolaravel\\example-app\\vendor\\symfony\\console\\Application.php(359): Symfony\\Component\\Console\\Application->doRunCommand()
#26 C:\\Web2Proyecto\\proyectolaravel\\example-app\\vendor\\symfony\\console\\Application.php(194): Symfony\\Component\\Console\\Application->doRun()
#27 C:\\Web2Proyecto\\proyectolaravel\\example-app\\vendor\\laravel\\framework\\src\\Illuminate\\Foundation\\Console\\Kernel.php(197): Symfony\\Component\\Console\\Application->run()
#28 C:\\Web2Proyecto\\proyectolaravel\\example-app\\vendor\\laravel\\framework\\src\\Illuminate\\Foundation\\Application.php(1235): Illuminate\\Foundation\\Console\\Kernel->handle()
#29 C:\\Web2Proyecto\\proyectolaravel\\example-app\\artisan(16): Illuminate\\Foundation\\Application->handleCommand()
#30 {main}
"} 
[2025-10-08 12:20:27] local.ERROR: SQLSTATE[08006] [7] connection to server at "127.0.0.1", port 5432 failed: fe_sendauth: no password supplied {"exception":"[object] (PDOException(code: 7): SQLSTATE[08006] [7] connection to server at \"127.0.0.1\", port 5432 failed: fe_sendauth: no password supplied at C:\\Web2Proyecto\\proyectolaravel\\example-app\\vendor\\laravel\\framework\\src\\Illuminate\\Database\\Connectors\\Connector.php:67)
[stacktrace]
#0 C:\\Web2Proyecto\\proyectolaravel\\example-app\\vendor\\laravel\\framework\\src\\Illuminate\\Database\\Connectors\\Connector.php(67): PDO::connect()
#1 C:\\Web2Proyecto\\proyectolaravel\\example-app\\vendor\\laravel\\framework\\src\\Illuminate\\Database\\Connectors\\Connector.php(44): Illuminate\\Database\\Connectors\\Connector->createPdoConnection()
#2 C:\\Web2Proyecto\\proyectolaravel\\example-app\\vendor\\laravel\\framework\\src\\Illuminate\\Database\\Connectors\\PostgresConnector.php(35): Illuminate\\Database\\Connectors\\Connector->createConnection()
#3 C:\\Web2Proyecto\\proyectolaravel\\example-app\\vendor\\laravel\\framework\\src\\Illuminate\\Database\\Connectors\\ConnectionFactory.php(184): Illuminate\\Database\\Connectors\\PostgresConnector->connect()
#4 [internal function]: Illuminate\\Database\\Connectors\\ConnectionFactory->{closure:Illuminate\\Database\\Connectors\\ConnectionFactory::createPdoResolverWithHosts():179}()
#5 C:\\Web2Proyecto\\proyectolaravel\\example-app\\vendor\\laravel\\framework\\src\\Illuminate\\Database\\Connection.php(1230): call_user_func()
#6 C:\\Web2Proyecto\\proyectolaravel\\example-app\\vendor\\laravel\\framework\\src\\Illuminate\\Database\\Connection.php(1480): Illuminate\\Database\\Connection->getPdo()
#7 C:\\Web2Proyecto\\proyectolaravel\\example-app\\vendor\\laravel\\framework\\src\\Illuminate\\Database\\Concerns\\ManagesTransactions.php(154): Illuminate\\Database\\Connection->executeBeginTransactionStatement()
#8 C:\\Web2Proyecto\\proyectolaravel\\example-app\\vendor\\laravel\\framework\\src\\Illuminate\\Database\\Concerns\\ManagesTransactions.php(130): Illuminate\\Database\\Connection->createTransaction()
#9 C:\\Web2Proyecto\\proyectolaravel\\example-app\\vendor\\laravel\\framework\\src\\Illuminate\\Database\\Concerns\\ManagesTransactions.php(29): Illuminate\\Database\\Connection->beginTransaction()
#10 C:\\Web2Proyecto\\proyectolaravel\\example-app\\vendor\\laravel\\framework\\src\\Illuminate\\Queue\\DatabaseQueue.php(285): Illuminate\\Database\\Connection->transaction()
#11 C:\\Web2Proyecto\\proyectolaravel\\example-app\\vendor\\laravel\\framework\\src\\Illuminate\\Queue\\Worker.php(360): Illuminate\\Queue\\DatabaseQueue->pop()
#12 C:\\Web2Proyecto\\proyectolaravel\\example-app\\vendor\\laravel\\framework\\src\\Illuminate\\Queue\\Worker.php(375): Illuminate\\Queue\\Worker->{closure:Illuminate\\Queue\\Worker::getNextJob():359}()
#13 C:\\Web2Proyecto\\proyectolaravel\\example-app\\vendor\\laravel\\framework\\src\\Illuminate\\Queue\\Worker.php(336): Illuminate\\Queue\\Worker->getNextJob()
#14 C:\\Web2Proyecto\\proyectolaravel\\example-app\\vendor\\laravel\\framework\\src\\Illuminate\\Queue\\Console\\WorkCommand.php(148): Illuminate\\Queue\\Worker->runNextJob()
#15 C:\\Web2Proyecto\\proyectolaravel\\example-app\\vendor\\laravel\\framework\\src\\Illuminate\\Queue\\Console\\WorkCommand.php(131): Illuminate\\Queue\\Console\\WorkCommand->runWorker()
#16 C:\\Web2Proyecto\\proyectolaravel\\example-app\\vendor\\laravel\\framework\\src\\Illuminate\\Container\\BoundMethod.php(36): Illuminate\\Queue\\Console\\WorkCommand->handle()
#17 C:\\Web2Proyecto\\proyectolaravel\\example-app\\vendor\\laravel\\framework\\src\\Illuminate\\Container\\Util.php(43): Illuminate\\Container\\BoundMethod::{closure:Illuminate\\Container\\BoundMethod::call():35}()
#18 C:\\Web2Proyecto\\proyectolaravel\\example-app\\vendor\\laravel\\framework\\src\\Illuminate\\Container\\BoundMethod.php(96): Illuminate\\Container\\Util::unwrapIfClosure()
#19 C:\\Web2Proyecto\\proyectolaravel\\example-app\\vendor\\laravel\\framework\\src\\Illuminate\\Container\\BoundMethod.php(35): Illuminate\\Container\\BoundMethod::callBoundMethod()
#20 C:\\Web2Proyecto\\proyectolaravel\\example-app\\vendor\\laravel\\framework\\src\\Illuminate\\Container\\Container.php(836): Illuminate\\Container\\BoundMethod::call()
#21 C:\\Web2Proyecto\\proyectolaravel\\example-app\\vendor\\laravel\\framework\\src\\Illuminate\\Console\\Command.php(211): Illuminate\\Container\\Container->call()
#22 C:\\Web2Proyecto\\proyectolaravel\\example-app\\vendor\\symfony\\console\\Command\\Command.php(318): Illuminate\\Console\\Command->execute()
#23 C:\\Web2Proyecto\\proyectolaravel\\example-app\\vendor\\laravel\\framework\\src\\Illuminate\\Console\\Command.php(180): Symfony\\Component\\Console\\Command\\Command->run()
#24 C:\\Web2Proyecto\\proyectolaravel\\example-app\\vendor\\symfony\\console\\Application.php(1110): Illuminate\\Console\\Command->run()
#25 C:\\Web2Proyecto\\proyectolaravel\\example-app\\vendor\\symfony\\console\\Application.php(359): Symfony\\Component\\Console\\Application->doRunCommand()
#26 C:\\Web2Proyecto\\proyectolaravel\\example-app\\vendor\\symfony\\console\\Application.php(194): Symfony\\Component\\Console\\Application->doRun()
#27 C:\\Web2Proyecto\\proyectolaravel\\example-app\\vendor\\laravel\\framework\\src\\Illuminate\\Foundation\\Console\\Kernel.php(197): Symfony\\Component\\Console\\Application->run()
#28 C:\\Web2Proyecto\\proyectolaravel\\example-app\\vendor\\laravel\\framework\\src\\Illuminate\\Foundation\\Application.php(1235): Illuminate\\Foundation\\Console\\Kernel->handle()
#29 C:\\Web2Proyecto\\proyectolaravel\\example-app\\artisan(16): Illuminate\\Foundation\\Application->handleCommand()
#30 {main}
"} 
[2025-10-08 12:20:31] local.ERROR: SQLSTATE[08006] [7] connection to server at "127.0.0.1", port 5432 failed: fe_sendauth: no password supplied {"exception":"[object] (PDOException(code: 7): SQLSTATE[08006] [7] connection to server at \"127.0.0.1\", port 5432 failed: fe_sendauth: no password supplied at C:\\Web2Proyecto\\proyectolaravel\\example-app\\vendor\\laravel\\framework\\src\\Illuminate\\Database\\Connectors\\Connector.php:67)
[stacktrace]
#0 C:\\Web2Proyecto\\proyectolaravel\\example-app\\vendor\\laravel\\framework\\src\\Illuminate\\Database\\Connectors\\Connector.php(67): PDO::connect()
#1 C:\\Web2Proyecto\\proyectolaravel\\example-app\\vendor\\laravel\\framework\\src\\Illuminate\\Database\\Connectors\\Connector.php(44): Illuminate\\Database\\Connectors\\Connector->createPdoConnection()
#2 C:\\Web2Proyecto\\proyectolaravel\\example-app\\vendor\\laravel\\framework\\src\\Illuminate\\Database\\Connectors\\PostgresConnector.php(35): Illuminate\\Database\\Connectors\\Connector->createConnection()
#3 C:\\Web2Proyecto\\proyectolaravel\\example-app\\vendor\\laravel\\framework\\src\\Illuminate\\Database\\Connectors\\ConnectionFactory.php(184): Illuminate\\Database\\Connectors\\PostgresConnector->connect()
#4 [internal function]: Illuminate\\Database\\Connectors\\ConnectionFactory->{closure:Illuminate\\Database\\Connectors\\ConnectionFactory::createPdoResolverWithHosts():179}()
#5 C:\\Web2Proyecto\\proyectolaravel\\example-app\\vendor\\laravel\\framework\\src\\Illuminate\\Database\\Connection.php(1230): call_user_func()
#6 C:\\Web2Proyecto\\proyectolaravel\\example-app\\vendor\\laravel\\framework\\src\\Illuminate\\Database\\Connection.php(1480): Illuminate\\Database\\Connection->getPdo()
#7 C:\\Web2Proyecto\\proyectolaravel\\example-app\\vendor\\laravel\\framework\\src\\Illuminate\\Database\\Concerns\\ManagesTransactions.php(154): Illuminate\\Database\\Connection->executeBeginTransactionStatement()
#8 C:\\Web2Proyecto\\proyectolaravel\\example-app\\vendor\\laravel\\framework\\src\\Illuminate\\Database\\Concerns\\ManagesTransactions.php(130): Illuminate\\Database\\Connection->createTransaction()
#9 C:\\Web2Proyecto\\proyectolaravel\\example-app\\vendor\\laravel\\framework\\src\\Illuminate\\Database\\Concerns\\ManagesTransactions.php(29): Illuminate\\Database\\Connection->beginTransaction()
#10 C:\\Web2Proyecto\\proyectolaravel\\example-app\\vendor\\laravel\\framework\\src\\Illuminate\\Queue\\DatabaseQueue.php(285): Illuminate\\Database\\Connection->transaction()
#11 C:\\Web2Proyecto\\proyectolaravel\\example-app\\vendor\\laravel\\framework\\src\\Illuminate\\Queue\\Worker.php(360): Illuminate\\Queue\\DatabaseQueue->pop()
#12 C:\\Web2Proyecto\\proyectolaravel\\example-app\\vendor\\laravel\\framework\\src\\Illuminate\\Queue\\Worker.php(375): Illuminate\\Queue\\Worker->{closure:Illuminate\\Queue\\Worker::getNextJob():359}()
#13 C:\\Web2Proyecto\\proyectolaravel\\example-app\\vendor\\laravel\\framework\\src\\Illuminate\\Queue\\Worker.php(336): Illuminate\\Queue\\Worker->getNextJob()
#14 C:\\Web2Proyecto\\proyectolaravel\\example-app\\vendor\\laravel\\framework\\src\\Illuminate\\Queue\\Console\\WorkCommand.php(148): Illuminate\\Queue\\Worker->runNextJob()
#15 C:\\Web2Proyecto\\proyectolaravel\\example-app\\vendor\\laravel\\framework\\src\\Illuminate\\Queue\\Console\\WorkCommand.php(131): Illuminate\\Queue\\Console\\WorkCommand->runWorker()
#16 C:\\Web2Proyecto\\proyectolaravel\\example-app\\vendor\\laravel\\framework\\src\\Illuminate\\Container\\BoundMethod.php(36): Illuminate\\Queue\\Console\\WorkCommand->handle()
#17 C:\\Web2Proyecto\\proyectolaravel\\example-app\\vendor\\laravel\\framework\\src\\Illuminate\\Container\\Util.php(43): Illuminate\\Container\\BoundMethod::{closure:Illuminate\\Container\\BoundMethod::call():35}()
#18 C:\\Web2Proyecto\\proyectolaravel\\example-app\\vendor\\laravel\\framework\\src\\Illuminate\\Container\\BoundMethod.php(96): Illuminate\\Container\\Util::unwrapIfClosure()
#19 C:\\Web2Proyecto\\proyectolaravel\\example-app\\vendor\\laravel\\framework\\src\\Illuminate\\Container\\BoundMethod.php(35): Illuminate\\Container\\BoundMethod::callBoundMethod()
#20 C:\\Web2Proyecto\\proyectolaravel\\example-app\\vendor\\laravel\\framework\\src\\Illuminate\\Container\\Container.php(836): Illuminate\\Container\\BoundMethod::call()
#21 C:\\Web2Proyecto\\proyectolaravel\\example-app\\vendor\\laravel\\framework\\src\\Illuminate\\Console\\Command.php(211): Illuminate\\Container\\Container->call()
#22 C:\\Web2Proyecto\\proyectolaravel\\example-app\\vendor\\symfony\\console\\Command\\Command.php(318): Illuminate\\Console\\Command->execute()
#23 C:\\Web2Proyecto\\proyectolaravel\\example-app\\vendor\\laravel\\framework\\src\\Illuminate\\Console\\Command.php(180): Symfony\\Component\\Console\\Command\\Command->run()
#24 C:\\Web2Proyecto\\proyectolaravel\\example-app\\vendor\\symfony\\console\\Application.php(1110): Illuminate\\Console\\Command->run()
#25 C:\\Web2Proyecto\\proyectolaravel\\example-app\\vendor\\symfony\\console\\Application.php(359): Symfony\\Component\\Console\\Application->doRunCommand()
#26 C:\\Web2Proyecto\\proyectolaravel\\example-app\\vendor\\symfony\\console\\Application.php(194): Symfony\\Component\\Console\\Application->doRun()
#27 C:\\Web2Proyecto\\proyectolaravel\\example-app\\vendor\\laravel\\framework\\src\\Illuminate\\Foundation\\Console\\Kernel.php(197): Symfony\\Component\\Console\\Application->run()
#28 C:\\Web2Proyecto\\proyectolaravel\\example-app\\vendor\\laravel\\framework\\src\\Illuminate\\Foundation\\Application.php(1235): Illuminate\\Foundation\\Console\\Kernel->handle()
#29 C:\\Web2Proyecto\\proyectolaravel\\example-app\\artisan(16): Illuminate\\Foundation\\Application->handleCommand()
#30 {main}
"} 
[2025-10-08 12:20:36] local.ERROR: SQLSTATE[08006] [7] connection to server at "127.0.0.1", port 5432 failed: fe_sendauth: no password supplied {"exception":"[object] (PDOException(code: 7): SQLSTATE[08006] [7] connection to server at \"127.0.0.1\", port 5432 failed: fe_sendauth: no password supplied at C:\\Web2Proyecto\\proyectolaravel\\example-app\\vendor\\laravel\\framework\\src\\Illuminate\\Database\\Connectors\\Connector.php:67)
[stacktrace]
#0 C:\\Web2Proyecto\\proyectolaravel\\example-app\\vendor\\laravel\\framework\\src\\Illuminate\\Database\\Connectors\\Connector.php(67): PDO::connect()
#1 C:\\Web2Proyecto\\proyectolaravel\\example-app\\vendor\\laravel\\framework\\src\\Illuminate\\Database\\Connectors\\Connector.php(44): Illuminate\\Database\\Connectors\\Connector->createPdoConnection()
#2 C:\\Web2Proyecto\\proyectolaravel\\example-app\\vendor\\laravel\\framework\\src\\Illuminate\\Database\\Connectors\\PostgresConnector.php(35): Illuminate\\Database\\Connectors\\Connector->createConnection()
#3 C:\\Web2Proyecto\\proyectolaravel\\example-app\\vendor\\laravel\\framework\\src\\Illuminate\\Database\\Connectors\\ConnectionFactory.php(184): Illuminate\\Database\\Connectors\\PostgresConnector->connect()
#4 [internal function]: Illuminate\\Database\\Connectors\\ConnectionFactory->{closure:Illuminate\\Database\\Connectors\\ConnectionFactory::createPdoResolverWithHosts():179}()
#5 C:\\Web2Proyecto\\proyectolaravel\\example-app\\vendor\\laravel\\framework\\src\\Illuminate\\Database\\Connection.php(1230): call_user_func()
#6 C:\\Web2Proyecto\\proyectolaravel\\example-app\\vendor\\laravel\\framework\\src\\Illuminate\\Database\\Connection.php(1480): Illuminate\\Database\\Connection->getPdo()
#7 C:\\Web2Proyecto\\proyectolaravel\\example-app\\vendor\\laravel\\framework\\src\\Illuminate\\Database\\Concerns\\ManagesTransactions.php(154): Illuminate\\Database\\Connection->executeBeginTransactionStatement()
#8 C:\\Web2Proyecto\\proyectolaravel\\example-app\\vendor\\laravel\\framework\\src\\Illuminate\\Database\\Concerns\\ManagesTransactions.php(130): Illuminate\\Database\\Connection->createTransaction()
#9 C:\\Web2Proyecto\\proyectolaravel\\example-app\\vendor\\laravel\\framework\\src\\Illuminate\\Database\\Concerns\\ManagesTransactions.php(29): Illuminate\\Database\\Connection->beginTransaction()
#10 C:\\Web2Proyecto\\proyectolaravel\\example-app\\vendor\\laravel\\framework\\src\\Illuminate\\Queue\\DatabaseQueue.php(285): Illuminate\\Database\\Connection->transaction()
#11 C:\\Web2Proyecto\\proyectolaravel\\example-app\\vendor\\laravel\\framework\\src\\Illuminate\\Queue\\Worker.php(360): Illuminate\\Queue\\DatabaseQueue->pop()
#12 C:\\Web2Proyecto\\proyectolaravel\\example-app\\vendor\\laravel\\framework\\src\\Illuminate\\Queue\\Worker.php(375): Illuminate\\Queue\\Worker->{closure:Illuminate\\Queue\\Worker::getNextJob():359}()
#13 C:\\Web2Proyecto\\proyectolaravel\\example-app\\vendor\\laravel\\framework\\src\\Illuminate\\Queue\\Worker.php(336): Illuminate\\Queue\\Worker->getNextJob()
#14 C:\\Web2Proyecto\\proyectolaravel\\example-app\\vendor\\laravel\\framework\\src\\Illuminate\\Queue\\Console\\WorkCommand.php(148): Illuminate\\Queue\\Worker->runNextJob()
#15 C:\\Web2Proyecto\\proyectolaravel\\example-app\\vendor\\laravel\\framework\\src\\Illuminate\\Queue\\Console\\WorkCommand.php(131): Illuminate\\Queue\\Console\\WorkCommand->runWorker()
#16 C:\\Web2Proyecto\\proyectolaravel\\example-app\\vendor\\laravel\\framework\\src\\Illuminate\\Container\\BoundMethod.php(36): Illuminate\\Queue\\Console\\WorkCommand->handle()
#17 C:\\Web2Proyecto\\proyectolaravel\\example-app\\vendor\\laravel\\framework\\src\\Illuminate\\Container\\Util.php(43): Illuminate\\Container\\BoundMethod::{closure:Illuminate\\Container\\BoundMethod::call():35}()
#18 C:\\Web2Proyecto\\proyectolaravel\\example-app\\vendor\\laravel\\framework\\src\\Illuminate\\Container\\BoundMethod.php(96): Illuminate\\Container\\Util::unwrapIfClosure()
#19 C:\\Web2Proyecto\\proyectolaravel\\example-app\\vendor\\laravel\\framework\\src\\Illuminate\\Container\\BoundMethod.php(35): Illuminate\\Container\\BoundMethod::callBoundMethod()
#20 C:\\Web2Proyecto\\proyectolaravel\\example-app\\vendor\\laravel\\framework\\src\\Illuminate\\Container\\Container.php(836): Illuminate\\Container\\BoundMethod::call()
#21 C:\\Web2Proyecto\\proyectolaravel\\example-app\\vendor\\laravel\\framework\\src\\Illuminate\\Console\\Command.php(211): Illuminate\\Container\\Container->call()
#22 C:\\Web2Proyecto\\proyectolaravel\\example-app\\vendor\\symfony\\console\\Command\\Command.php(318): Illuminate\\Console\\Command->execute()
#23 C:\\Web2Proyecto\\proyectolaravel\\example-app\\vendor\\laravel\\framework\\src\\Illuminate\\Console\\Command.php(180): Symfony\\Component\\Console\\Command\\Command->run()
#24 C:\\Web2Proyecto\\proyectolaravel\\example-app\\vendor\\symfony\\console\\Application.php(1110): Illuminate\\Console\\Command->run()
#25 C:\\Web2Proyecto\\proyectolaravel\\example-app\\vendor\\symfony\\console\\Application.php(359): Symfony\\Component\\Console\\Application->doRunCommand()
#26 C:\\Web2Proyecto\\proyectolaravel\\example-app\\vendor\\symfony\\console\\Application.php(194): Symfony\\Component\\Console\\Application->doRun()
#27 C:\\Web2Proyecto\\proyectolaravel\\example-app\\vendor\\laravel\\framework\\src\\Illuminate\\Foundation\\Console\\Kernel.php(197): Symfony\\Component\\Console\\Application->run()
#28 C:\\Web2Proyecto\\proyectolaravel\\example-app\\vendor\\laravel\\framework\\src\\Illuminate\\Foundation\\Application.php(1235): Illuminate\\Foundation\\Console\\Kernel->handle()
#29 C:\\Web2Proyecto\\proyectolaravel\\example-app\\artisan(16): Illuminate\\Foundation\\Application->handleCommand()
#30 {main}
"} 
[2025-10-08 12:20:41] local.ERROR: SQLSTATE[08006] [7] connection to server at "127.0.0.1", port 5432 failed: fe_sendauth: no password supplied {"exception":"[object] (PDOException(code: 7): SQLSTATE[08006] [7] connection to server at \"127.0.0.1\", port 5432 failed: fe_sendauth: no password supplied at C:\\Web2Proyecto\\proyectolaravel\\example-app\\vendor\\laravel\\framework\\src\\Illuminate\\Database\\Connectors\\Connector.php:67)
[stacktrace]
#0 C:\\Web2Proyecto\\proyectolaravel\\example-app\\vendor\\laravel\\framework\\src\\Illuminate\\Database\\Connectors\\Connector.php(67): PDO::connect()
#1 C:\\Web2Proyecto\\proyectolaravel\\example-app\\vendor\\laravel\\framework\\src\\Illuminate\\Database\\Connectors\\Connector.php(44): Illuminate\\Database\\Connectors\\Connector->createPdoConnection()
#2 C:\\Web2Proyecto\\proyectolaravel\\example-app\\vendor\\laravel\\framework\\src\\Illuminate\\Database\\Connectors\\PostgresConnector.php(35): Illuminate\\Database\\Connectors\\Connector->createConnection()
#3 C:\\Web2Proyecto\\proyectolaravel\\example-app\\vendor\\laravel\\framework\\src\\Illuminate\\Database\\Connectors\\ConnectionFactory.php(184): Illuminate\\Database\\Connectors\\PostgresConnector->connect()
#4 [internal function]: Illuminate\\Database\\Connectors\\ConnectionFactory->{closure:Illuminate\\Database\\Connectors\\ConnectionFactory::createPdoResolverWithHosts():179}()
#5 C:\\Web2Proyecto\\proyectolaravel\\example-app\\vendor\\laravel\\framework\\src\\Illuminate\\Database\\Connection.php(1230): call_user_func()
#6 C:\\Web2Proyecto\\proyectolaravel\\example-app\\vendor\\laravel\\framework\\src\\Illuminate\\Database\\Connection.php(1480): Illuminate\\Database\\Connection->getPdo()
#7 C:\\Web2Proyecto\\proyectolaravel\\example-app\\vendor\\laravel\\framework\\src\\Illuminate\\Database\\Concerns\\ManagesTransactions.php(154): Illuminate\\Database\\Connection->executeBeginTransactionStatement()
#8 C:\\Web2Proyecto\\proyectolaravel\\example-app\\vendor\\laravel\\framework\\src\\Illuminate\\Database\\Concerns\\ManagesTransactions.php(130): Illuminate\\Database\\Connection->createTransaction()
#9 C:\\Web2Proyecto\\proyectolaravel\\example-app\\vendor\\laravel\\framework\\src\\Illuminate\\Database\\Concerns\\ManagesTransactions.php(29): Illuminate\\Database\\Connection->beginTransaction()
#10 C:\\Web2Proyecto\\proyectolaravel\\example-app\\vendor\\laravel\\framework\\src\\Illuminate\\Queue\\DatabaseQueue.php(285): Illuminate\\Database\\Connection->transaction()
#11 C:\\Web2Proyecto\\proyectolaravel\\example-app\\vendor\\laravel\\framework\\src\\Illuminate\\Queue\\Worker.php(360): Illuminate\\Queue\\DatabaseQueue->pop()
#12 C:\\Web2Proyecto\\proyectolaravel\\example-app\\vendor\\laravel\\framework\\src\\Illuminate\\Queue\\Worker.php(375): Illuminate\\Queue\\Worker->{closure:Illuminate\\Queue\\Worker::getNextJob():359}()
#13 C:\\Web2Proyecto\\proyectolaravel\\example-app\\vendor\\laravel\\framework\\src\\Illuminate\\Queue\\Worker.php(336): Illuminate\\Queue\\Worker->getNextJob()
#14 C:\\Web2Proyecto\\proyectolaravel\\example-app\\vendor\\laravel\\framework\\src\\Illuminate\\Queue\\Console\\WorkCommand.php(148): Illuminate\\Queue\\Worker->runNextJob()
#15 C:\\Web2Proyecto\\proyectolaravel\\example-app\\vendor\\laravel\\framework\\src\\Illuminate\\Queue\\Console\\WorkCommand.php(131): Illuminate\\Queue\\Console\\WorkCommand->runWorker()
#16 C:\\Web2Proyecto\\proyectolaravel\\example-app\\vendor\\laravel\\framework\\src\\Illuminate\\Container\\BoundMethod.php(36): Illuminate\\Queue\\Console\\WorkCommand->handle()
#17 C:\\Web2Proyecto\\proyectolaravel\\example-app\\vendor\\laravel\\framework\\src\\Illuminate\\Container\\Util.php(43): Illuminate\\Container\\BoundMethod::{closure:Illuminate\\Container\\BoundMethod::call():35}()
#18 C:\\Web2Proyecto\\proyectolaravel\\example-app\\vendor\\laravel\\framework\\src\\Illuminate\\Container\\BoundMethod.php(96): Illuminate\\Container\\Util::unwrapIfClosure()
#19 C:\\Web2Proyecto\\proyectolaravel\\example-app\\vendor\\laravel\\framework\\src\\Illuminate\\Container\\BoundMethod.php(35): Illuminate\\Container\\BoundMethod::callBoundMethod()
#20 C:\\Web2Proyecto\\proyectolaravel\\example-app\\vendor\\laravel\\framework\\src\\Illuminate\\Container\\Container.php(836): Illuminate\\Container\\BoundMethod::call()
#21 C:\\Web2Proyecto\\proyectolaravel\\example-app\\vendor\\laravel\\framework\\src\\Illuminate\\Console\\Command.php(211): Illuminate\\Container\\Container->call()
#22 C:\\Web2Proyecto\\proyectolaravel\\example-app\\vendor\\symfony\\console\\Command\\Command.php(318): Illuminate\\Console\\Command->execute()
#23 C:\\Web2Proyecto\\proyectolaravel\\example-app\\vendor\\laravel\\framework\\src\\Illuminate\\Console\\Command.php(180): Symfony\\Component\\Console\\Command\\Command->run()
#24 C:\\Web2Proyecto\\proyectolaravel\\example-app\\vendor\\symfony\\console\\Application.php(1110): Illuminate\\Console\\Command->run()
#25 C:\\Web2Proyecto\\proyectolaravel\\example-app\\vendor\\symfony\\console\\Application.php(359): Symfony\\Component\\Console\\Application->doRunCommand()
#26 C:\\Web2Proyecto\\proyectolaravel\\example-app\\vendor\\symfony\\console\\Application.php(194): Symfony\\Component\\Console\\Application->doRun()
#27 C:\\Web2Proyecto\\proyectolaravel\\example-app\\vendor\\laravel\\framework\\src\\Illuminate\\Foundation\\Console\\Kernel.php(197): Symfony\\Component\\Console\\Application->run()
#28 C:\\Web2Proyecto\\proyectolaravel\\example-app\\vendor\\laravel\\framework\\src\\Illuminate\\Foundation\\Application.php(1235): Illuminate\\Foundation\\Console\\Kernel->handle()
#29 C:\\Web2Proyecto\\proyectolaravel\\example-app\\artisan(16): Illuminate\\Foundation\\Application->handleCommand()
#30 {main}
"} 
[2025-10-08 12:20:45] local.ERROR: SQLSTATE[08006] [7] connection to server at "127.0.0.1", port 5432 failed: fe_sendauth: no password supplied {"exception":"[object] (PDOException(code: 7): SQLSTATE[08006] [7] connection to server at \"127.0.0.1\", port 5432 failed: fe_sendauth: no password supplied at C:\\Web2Proyecto\\proyectolaravel\\example-app\\vendor\\laravel\\framework\\src\\Illuminate\\Database\\Connectors\\Connector.php:67)
[stacktrace]
#0 C:\\Web2Proyecto\\proyectolaravel\\example-app\\vendor\\laravel\\framework\\src\\Illuminate\\Database\\Connectors\\Connector.php(67): PDO::connect()
#1 C:\\Web2Proyecto\\proyectolaravel\\example-app\\vendor\\laravel\\framework\\src\\Illuminate\\Database\\Connectors\\Connector.php(44): Illuminate\\Database\\Connectors\\Connector->createPdoConnection()
#2 C:\\Web2Proyecto\\proyectolaravel\\example-app\\vendor\\laravel\\framework\\src\\Illuminate\\Database\\Connectors\\PostgresConnector.php(35): Illuminate\\Database\\Connectors\\Connector->createConnection()
#3 C:\\Web2Proyecto\\proyectolaravel\\example-app\\vendor\\laravel\\framework\\src\\Illuminate\\Database\\Connectors\\ConnectionFactory.php(184): Illuminate\\Database\\Connectors\\PostgresConnector->connect()
#4 [internal function]: Illuminate\\Database\\Connectors\\ConnectionFactory->{closure:Illuminate\\Database\\Connectors\\ConnectionFactory::createPdoResolverWithHosts():179}()
#5 C:\\Web2Proyecto\\proyectolaravel\\example-app\\vendor\\laravel\\framework\\src\\Illuminate\\Database\\Connection.php(1230): call_user_func()
#6 C:\\Web2Proyecto\\proyectolaravel\\example-app\\vendor\\laravel\\framework\\src\\Illuminate\\Database\\Connection.php(1480): Illuminate\\Database\\Connection->getPdo()
#7 C:\\Web2Proyecto\\proyectolaravel\\example-app\\vendor\\laravel\\framework\\src\\Illuminate\\Database\\Concerns\\ManagesTransactions.php(154): Illuminate\\Database\\Connection->executeBeginTransactionStatement()
#8 C:\\Web2Proyecto\\proyectolaravel\\example-app\\vendor\\laravel\\framework\\src\\Illuminate\\Database\\Concerns\\ManagesTransactions.php(130): Illuminate\\Database\\Connection->createTransaction()
#9 C:\\Web2Proyecto\\proyectolaravel\\example-app\\vendor\\laravel\\framework\\src\\Illuminate\\Database\\Concerns\\ManagesTransactions.php(29): Illuminate\\Database\\Connection->beginTransaction()
#10 C:\\Web2Proyecto\\proyectolaravel\\example-app\\vendor\\laravel\\framework\\src\\Illuminate\\Queue\\DatabaseQueue.php(285): Illuminate\\Database\\Connection->transaction()
#11 C:\\Web2Proyecto\\proyectolaravel\\example-app\\vendor\\laravel\\framework\\src\\Illuminate\\Queue\\Worker.php(360): Illuminate\\Queue\\DatabaseQueue->pop()
#12 C:\\Web2Proyecto\\proyectolaravel\\example-app\\vendor\\laravel\\framework\\src\\Illuminate\\Queue\\Worker.php(375): Illuminate\\Queue\\Worker->{closure:Illuminate\\Queue\\Worker::getNextJob():359}()
#13 C:\\Web2Proyecto\\proyectolaravel\\example-app\\vendor\\laravel\\framework\\src\\Illuminate\\Queue\\Worker.php(336): Illuminate\\Queue\\Worker->getNextJob()
#14 C:\\Web2Proyecto\\proyectolaravel\\example-app\\vendor\\laravel\\framework\\src\\Illuminate\\Queue\\Console\\WorkCommand.php(148): Illuminate\\Queue\\Worker->runNextJob()
#15 C:\\Web2Proyecto\\proyectolaravel\\example-app\\vendor\\laravel\\framework\\src\\Illuminate\\Queue\\Console\\WorkCommand.php(131): Illuminate\\Queue\\Console\\WorkCommand->runWorker()
#16 C:\\Web2Proyecto\\proyectolaravel\\example-app\\vendor\\laravel\\framework\\src\\Illuminate\\Container\\BoundMethod.php(36): Illuminate\\Queue\\Console\\WorkCommand->handle()
#17 C:\\Web2Proyecto\\proyectolaravel\\example-app\\vendor\\laravel\\framework\\src\\Illuminate\\Container\\Util.php(43): Illuminate\\Container\\BoundMethod::{closure:Illuminate\\Container\\BoundMethod::call():35}()
#18 C:\\Web2Proyecto\\proyectolaravel\\example-app\\vendor\\laravel\\framework\\src\\Illuminate\\Container\\BoundMethod.php(96): Illuminate\\Container\\Util::unwrapIfClosure()
#19 C:\\Web2Proyecto\\proyectolaravel\\example-app\\vendor\\laravel\\framework\\src\\Illuminate\\Container\\BoundMethod.php(35): Illuminate\\Container\\BoundMethod::callBoundMethod()
#20 C:\\Web2Proyecto\\proyectolaravel\\example-app\\vendor\\laravel\\framework\\src\\Illuminate\\Container\\Container.php(836): Illuminate\\Container\\BoundMethod::call()
#21 C:\\Web2Proyecto\\proyectolaravel\\example-app\\vendor\\laravel\\framework\\src\\Illuminate\\Console\\Command.php(211): Illuminate\\Container\\Container->call()
#22 C:\\Web2Proyecto\\proyectolaravel\\example-app\\vendor\\symfony\\console\\Command\\Command.php(318): Illuminate\\Console\\Command->execute()
#23 C:\\Web2Proyecto\\proyectolaravel\\example-app\\vendor\\laravel\\framework\\src\\Illuminate\\Console\\Command.php(180): Symfony\\Component\\Console\\Command\\Command->run()
#24 C:\\Web2Proyecto\\proyectolaravel\\example-app\\vendor\\symfony\\console\\Application.php(1110): Illuminate\\Console\\Command->run()
#25 C:\\Web2Proyecto\\proyectolaravel\\example-app\\vendor\\symfony\\console\\Application.php(359): Symfony\\Component\\Console\\Application->doRunCommand()
#26 C:\\Web2Proyecto\\proyectolaravel\\example-app\\vendor\\symfony\\console\\Application.php(194): Symfony\\Component\\Console\\Application->doRun()
#27 C:\\Web2Proyecto\\proyectolaravel\\example-app\\vendor\\laravel\\framework\\src\\Illuminate\\Foundation\\Console\\Kernel.php(197): Symfony\\Component\\Console\\Application->run()
#28 C:\\Web2Proyecto\\proyectolaravel\\example-app\\vendor\\laravel\\framework\\src\\Illuminate\\Foundation\\Application.php(1235): Illuminate\\Foundation\\Console\\Kernel->handle()
#29 C:\\Web2Proyecto\\proyectolaravel\\example-app\\artisan(16): Illuminate\\Foundation\\Application->handleCommand()
#30 {main}
"} 
[2025-10-08 12:20:50] local.ERROR: SQLSTATE[08006] [7] connection to server at "127.0.0.1", port 5432 failed: fe_sendauth: no password supplied {"exception":"[object] (PDOException(code: 7): SQLSTATE[08006] [7] connection to server at \"127.0.0.1\", port 5432 failed: fe_sendauth: no password supplied at C:\\Web2Proyecto\\proyectolaravel\\example-app\\vendor\\laravel\\framework\\src\\Illuminate\\Database\\Connectors\\Connector.php:67)
[stacktrace]
#0 C:\\Web2Proyecto\\proyectolaravel\\example-app\\vendor\\laravel\\framework\\src\\Illuminate\\Database\\Connectors\\Connector.php(67): PDO::connect()
#1 C:\\Web2Proyecto\\proyectolaravel\\example-app\\vendor\\laravel\\framework\\src\\Illuminate\\Database\\Connectors\\Connector.php(44): Illuminate\\Database\\Connectors\\Connector->createPdoConnection()
#2 C:\\Web2Proyecto\\proyectolaravel\\example-app\\vendor\\laravel\\framework\\src\\Illuminate\\Database\\Connectors\\PostgresConnector.php(35): Illuminate\\Database\\Connectors\\Connector->createConnection()
#3 C:\\Web2Proyecto\\proyectolaravel\\example-app\\vendor\\laravel\\framework\\src\\Illuminate\\Database\\Connectors\\ConnectionFactory.php(184): Illuminate\\Database\\Connectors\\PostgresConnector->connect()
#4 [internal function]: Illuminate\\Database\\Connectors\\ConnectionFactory->{closure:Illuminate\\Database\\Connectors\\ConnectionFactory::createPdoResolverWithHosts():179}()
#5 C:\\Web2Proyecto\\proyectolaravel\\example-app\\vendor\\laravel\\framework\\src\\Illuminate\\Database\\Connection.php(1230): call_user_func()
#6 C:\\Web2Proyecto\\proyectolaravel\\example-app\\vendor\\laravel\\framework\\src\\Illuminate\\Database\\Connection.php(1480): Illuminate\\Database\\Connection->getPdo()
#7 C:\\Web2Proyecto\\proyectolaravel\\example-app\\vendor\\laravel\\framework\\src\\Illuminate\\Database\\Concerns\\ManagesTransactions.php(154): Illuminate\\Database\\Connection->executeBeginTransactionStatement()
#8 C:\\Web2Proyecto\\proyectolaravel\\example-app\\vendor\\laravel\\framework\\src\\Illuminate\\Database\\Concerns\\ManagesTransactions.php(130): Illuminate\\Database\\Connection->createTransaction()
#9 C:\\Web2Proyecto\\proyectolaravel\\example-app\\vendor\\laravel\\framework\\src\\Illuminate\\Database\\Concerns\\ManagesTransactions.php(29): Illuminate\\Database\\Connection->beginTransaction()
#10 C:\\Web2Proyecto\\proyectolaravel\\example-app\\vendor\\laravel\\framework\\src\\Illuminate\\Queue\\DatabaseQueue.php(285): Illuminate\\Database\\Connection->transaction()
#11 C:\\Web2Proyecto\\proyectolaravel\\example-app\\vendor\\laravel\\framework\\src\\Illuminate\\Queue\\Worker.php(360): Illuminate\\Queue\\DatabaseQueue->pop()
#12 C:\\Web2Proyecto\\proyectolaravel\\example-app\\vendor\\laravel\\framework\\src\\Illuminate\\Queue\\Worker.php(375): Illuminate\\Queue\\Worker->{closure:Illuminate\\Queue\\Worker::getNextJob():359}()
#13 C:\\Web2Proyecto\\proyectolaravel\\example-app\\vendor\\laravel\\framework\\src\\Illuminate\\Queue\\Worker.php(336): Illuminate\\Queue\\Worker->getNextJob()
#14 C:\\Web2Proyecto\\proyectolaravel\\example-app\\vendor\\laravel\\framework\\src\\Illuminate\\Queue\\Console\\WorkCommand.php(148): Illuminate\\Queue\\Worker->runNextJob()
#15 C:\\Web2Proyecto\\proyectolaravel\\example-app\\vendor\\laravel\\framework\\src\\Illuminate\\Queue\\Console\\WorkCommand.php(131): Illuminate\\Queue\\Console\\WorkCommand->runWorker()
#16 C:\\Web2Proyecto\\proyectolaravel\\example-app\\vendor\\laravel\\framework\\src\\Illuminate\\Container\\BoundMethod.php(36): Illuminate\\Queue\\Console\\WorkCommand->handle()
#17 C:\\Web2Proyecto\\proyectolaravel\\example-app\\vendor\\laravel\\framework\\src\\Illuminate\\Container\\Util.php(43): Illuminate\\Container\\BoundMethod::{closure:Illuminate\\Container\\BoundMethod::call():35}()
#18 C:\\Web2Proyecto\\proyectolaravel\\example-app\\vendor\\laravel\\framework\\src\\Illuminate\\Container\\BoundMethod.php(96): Illuminate\\Container\\Util::unwrapIfClosure()
#19 C:\\Web2Proyecto\\proyectolaravel\\example-app\\vendor\\laravel\\framework\\src\\Illuminate\\Container\\BoundMethod.php(35): Illuminate\\Container\\BoundMethod::callBoundMethod()
#20 C:\\Web2Proyecto\\proyectolaravel\\example-app\\vendor\\laravel\\framework\\src\\Illuminate\\Container\\Container.php(836): Illuminate\\Container\\BoundMethod::call()
#21 C:\\Web2Proyecto\\proyectolaravel\\example-app\\vendor\\laravel\\framework\\src\\Illuminate\\Console\\Command.php(211): Illuminate\\Container\\Container->call()
#22 C:\\Web2Proyecto\\proyectolaravel\\example-app\\vendor\\symfony\\console\\Command\\Command.php(318): Illuminate\\Console\\Command->execute()
#23 C:\\Web2Proyecto\\proyectolaravel\\example-app\\vendor\\laravel\\framework\\src\\Illuminate\\Console\\Command.php(180): Symfony\\Component\\Console\\Command\\Command->run()
#24 C:\\Web2Proyecto\\proyectolaravel\\example-app\\vendor\\symfony\\console\\Application.php(1110): Illuminate\\Console\\Command->run()
#25 C:\\Web2Proyecto\\proyectolaravel\\example-app\\vendor\\symfony\\console\\Application.php(359): Symfony\\Component\\Console\\Application->doRunCommand()
#26 C:\\Web2Proyecto\\proyectolaravel\\example-app\\vendor\\symfony\\console\\Application.php(194): Symfony\\Component\\Console\\Application->doRun()
#27 C:\\Web2Proyecto\\proyectolaravel\\example-app\\vendor\\laravel\\framework\\src\\Illuminate\\Foundation\\Console\\Kernel.php(197): Symfony\\Component\\Console\\Application->run()
#28 C:\\Web2Proyecto\\proyectolaravel\\example-app\\vendor\\laravel\\framework\\src\\Illuminate\\Foundation\\Application.php(1235): Illuminate\\Foundation\\Console\\Kernel->handle()
#29 C:\\Web2Proyecto\\proyectolaravel\\example-app\\artisan(16): Illuminate\\Foundation\\Application->handleCommand()
#30 {main}
"} 
[2025-10-08 12:20:54] local.ERROR: SQLSTATE[08006] [7] connection to server at "127.0.0.1", port 5432 failed: fe_sendauth: no password supplied {"exception":"[object] (PDOException(code: 7): SQLSTATE[08006] [7] connection to server at \"127.0.0.1\", port 5432 failed: fe_sendauth: no password supplied at C:\\Web2Proyecto\\proyectolaravel\\example-app\\vendor\\laravel\\framework\\src\\Illuminate\\Database\\Connectors\\Connector.php:67)
[stacktrace]
#0 C:\\Web2Proyecto\\proyectolaravel\\example-app\\vendor\\laravel\\framework\\src\\Illuminate\\Database\\Connectors\\Connector.php(67): PDO::connect()
#1 C:\\Web2Proyecto\\proyectolaravel\\example-app\\vendor\\laravel\\framework\\src\\Illuminate\\Database\\Connectors\\Connector.php(44): Illuminate\\Database\\Connectors\\Connector->createPdoConnection()
#2 C:\\Web2Proyecto\\proyectolaravel\\example-app\\vendor\\laravel\\framework\\src\\Illuminate\\Database\\Connectors\\PostgresConnector.php(35): Illuminate\\Database\\Connectors\\Connector->createConnection()
#3 C:\\Web2Proyecto\\proyectolaravel\\example-app\\vendor\\laravel\\framework\\src\\Illuminate\\Database\\Connectors\\ConnectionFactory.php(184): Illuminate\\Database\\Connectors\\PostgresConnector->connect()
#4 [internal function]: Illuminate\\Database\\Connectors\\ConnectionFactory->{closure:Illuminate\\Database\\Connectors\\ConnectionFactory::createPdoResolverWithHosts():179}()
#5 C:\\Web2Proyecto\\proyectolaravel\\example-app\\vendor\\laravel\\framework\\src\\Illuminate\\Database\\Connection.php(1230): call_user_func()
#6 C:\\Web2Proyecto\\proyectolaravel\\example-app\\vendor\\laravel\\framework\\src\\Illuminate\\Database\\Connection.php(1480): Illuminate\\Database\\Connection->getPdo()
#7 C:\\Web2Proyecto\\proyectolaravel\\example-app\\vendor\\laravel\\framework\\src\\Illuminate\\Database\\Concerns\\ManagesTransactions.php(154): Illuminate\\Database\\Connection->executeBeginTransactionStatement()
#8 C:\\Web2Proyecto\\proyectolaravel\\example-app\\vendor\\laravel\\framework\\src\\Illuminate\\Database\\Concerns\\ManagesTransactions.php(130): Illuminate\\Database\\Connection->createTransaction()
#9 C:\\Web2Proyecto\\proyectolaravel\\example-app\\vendor\\laravel\\framework\\src\\Illuminate\\Database\\Concerns\\ManagesTransactions.php(29): Illuminate\\Database\\Connection->beginTransaction()
#10 C:\\Web2Proyecto\\proyectolaravel\\example-app\\vendor\\laravel\\framework\\src\\Illuminate\\Queue\\DatabaseQueue.php(285): Illuminate\\Database\\Connection->transaction()
#11 C:\\Web2Proyecto\\proyectolaravel\\example-app\\vendor\\laravel\\framework\\src\\Illuminate\\Queue\\Worker.php(360): Illuminate\\Queue\\DatabaseQueue->pop()
#12 C:\\Web2Proyecto\\proyectolaravel\\example-app\\vendor\\laravel\\framework\\src\\Illuminate\\Queue\\Worker.php(375): Illuminate\\Queue\\Worker->{closure:Illuminate\\Queue\\Worker::getNextJob():359}()
#13 C:\\Web2Proyecto\\proyectolaravel\\example-app\\vendor\\laravel\\framework\\src\\Illuminate\\Queue\\Worker.php(336): Illuminate\\Queue\\Worker->getNextJob()
#14 C:\\Web2Proyecto\\proyectolaravel\\example-app\\vendor\\laravel\\framework\\src\\Illuminate\\Queue\\Console\\WorkCommand.php(148): Illuminate\\Queue\\Worker->runNextJob()
#15 C:\\Web2Proyecto\\proyectolaravel\\example-app\\vendor\\laravel\\framework\\src\\Illuminate\\Queue\\Console\\WorkCommand.php(131): Illuminate\\Queue\\Console\\WorkCommand->runWorker()
#16 C:\\Web2Proyecto\\proyectolaravel\\example-app\\vendor\\laravel\\framework\\src\\Illuminate\\Container\\BoundMethod.php(36): Illuminate\\Queue\\Console\\WorkCommand->handle()
#17 C:\\Web2Proyecto\\proyectolaravel\\example-app\\vendor\\laravel\\framework\\src\\Illuminate\\Container\\Util.php(43): Illuminate\\Container\\BoundMethod::{closure:Illuminate\\Container\\BoundMethod::call():35}()
#18 C:\\Web2Proyecto\\proyectolaravel\\example-app\\vendor\\laravel\\framework\\src\\Illuminate\\Container\\BoundMethod.php(96): Illuminate\\Container\\Util::unwrapIfClosure()
#19 C:\\Web2Proyecto\\proyectolaravel\\example-app\\vendor\\laravel\\framework\\src\\Illuminate\\Container\\BoundMethod.php(35): Illuminate\\Container\\BoundMethod::callBoundMethod()
#20 C:\\Web2Proyecto\\proyectolaravel\\example-app\\vendor\\laravel\\framework\\src\\Illuminate\\Container\\Container.php(836): Illuminate\\Container\\BoundMethod::call()
#21 C:\\Web2Proyecto\\proyectolaravel\\example-app\\vendor\\laravel\\framework\\src\\Illuminate\\Console\\Command.php(211): Illuminate\\Container\\Container->call()
#22 C:\\Web2Proyecto\\proyectolaravel\\example-app\\vendor\\symfony\\console\\Command\\Command.php(318): Illuminate\\Console\\Command->execute()
#23 C:\\Web2Proyecto\\proyectolaravel\\example-app\\vendor\\laravel\\framework\\src\\Illuminate\\Console\\Command.php(180): Symfony\\Component\\Console\\Command\\Command->run()
#24 C:\\Web2Proyecto\\proyectolaravel\\example-app\\vendor\\symfony\\console\\Application.php(1110): Illuminate\\Console\\Command->run()
#25 C:\\Web2Proyecto\\proyectolaravel\\example-app\\vendor\\symfony\\console\\Application.php(359): Symfony\\Component\\Console\\Application->doRunCommand()
#26 C:\\Web2Proyecto\\proyectolaravel\\example-app\\vendor\\symfony\\console\\Application.php(194): Symfony\\Component\\Console\\Application->doRun()
#27 C:\\Web2Proyecto\\proyectolaravel\\example-app\\vendor\\laravel\\framework\\src\\Illuminate\\Foundation\\Console\\Kernel.php(197): Symfony\\Component\\Console\\Application->run()
#28 C:\\Web2Proyecto\\proyectolaravel\\example-app\\vendor\\laravel\\framework\\src\\Illuminate\\Foundation\\Application.php(1235): Illuminate\\Foundation\\Console\\Kernel->handle()
#29 C:\\Web2Proyecto\\proyectolaravel\\example-app\\artisan(16): Illuminate\\Foundation\\Application->handleCommand()
#30 {main}
"} 
[2025-10-08 12:20:59] local.ERROR: SQLSTATE[08006] [7] connection to server at "127.0.0.1", port 5432 failed: fe_sendauth: no password supplied {"exception":"[object] (PDOException(code: 7): SQLSTATE[08006] [7] connection to server at \"127.0.0.1\", port 5432 failed: fe_sendauth: no password supplied at C:\\Web2Proyecto\\proyectolaravel\\example-app\\vendor\\laravel\\framework\\src\\Illuminate\\Database\\Connectors\\Connector.php:67)
[stacktrace]
#0 C:\\Web2Proyecto\\proyectolaravel\\example-app\\vendor\\laravel\\framework\\src\\Illuminate\\Database\\Connectors\\Connector.php(67): PDO::connect()
#1 C:\\Web2Proyecto\\proyectolaravel\\example-app\\vendor\\laravel\\framework\\src\\Illuminate\\Database\\Connectors\\Connector.php(44): Illuminate\\Database\\Connectors\\Connector->createPdoConnection()
#2 C:\\Web2Proyecto\\proyectolaravel\\example-app\\vendor\\laravel\\framework\\src\\Illuminate\\Database\\Connectors\\PostgresConnector.php(35): Illuminate\\Database\\Connectors\\Connector->createConnection()
#3 C:\\Web2Proyecto\\proyectolaravel\\example-app\\vendor\\laravel\\framework\\src\\Illuminate\\Database\\Connectors\\ConnectionFactory.php(184): Illuminate\\Database\\Connectors\\PostgresConnector->connect()
#4 [internal function]: Illuminate\\Database\\Connectors\\ConnectionFactory->{closure:Illuminate\\Database\\Connectors\\ConnectionFactory::createPdoResolverWithHosts():179}()
#5 C:\\Web2Proyecto\\proyectolaravel\\example-app\\vendor\\laravel\\framework\\src\\Illuminate\\Database\\Connection.php(1230): call_user_func()
#6 C:\\Web2Proyecto\\proyectolaravel\\example-app\\vendor\\laravel\\framework\\src\\Illuminate\\Database\\Connection.php(1480): Illuminate\\Database\\Connection->getPdo()
#7 C:\\Web2Proyecto\\proyectolaravel\\example-app\\vendor\\laravel\\framework\\src\\Illuminate\\Database\\Concerns\\ManagesTransactions.php(154): Illuminate\\Database\\Connection->executeBeginTransactionStatement()
#8 C:\\Web2Proyecto\\proyectolaravel\\example-app\\vendor\\laravel\\framework\\src\\Illuminate\\Database\\Concerns\\ManagesTransactions.php(130): Illuminate\\Database\\Connection->createTransaction()
#9 C:\\Web2Proyecto\\proyectolaravel\\example-app\\vendor\\laravel\\framework\\src\\Illuminate\\Database\\Concerns\\ManagesTransactions.php(29): Illuminate\\Database\\Connection->beginTransaction()
#10 C:\\Web2Proyecto\\proyectolaravel\\example-app\\vendor\\laravel\\framework\\src\\Illuminate\\Queue\\DatabaseQueue.php(285): Illuminate\\Database\\Connection->transaction()
#11 C:\\Web2Proyecto\\proyectolaravel\\example-app\\vendor\\laravel\\framework\\src\\Illuminate\\Queue\\Worker.php(360): Illuminate\\Queue\\DatabaseQueue->pop()
#12 C:\\Web2Proyecto\\proyectolaravel\\example-app\\vendor\\laravel\\framework\\src\\Illuminate\\Queue\\Worker.php(375): Illuminate\\Queue\\Worker->{closure:Illuminate\\Queue\\Worker::getNextJob():359}()
#13 C:\\Web2Proyecto\\proyectolaravel\\example-app\\vendor\\laravel\\framework\\src\\Illuminate\\Queue\\Worker.php(336): Illuminate\\Queue\\Worker->getNextJob()
#14 C:\\Web2Proyecto\\proyectolaravel\\example-app\\vendor\\laravel\\framework\\src\\Illuminate\\Queue\\Console\\WorkCommand.php(148): Illuminate\\Queue\\Worker->runNextJob()
#15 C:\\Web2Proyecto\\proyectolaravel\\example-app\\vendor\\laravel\\framework\\src\\Illuminate\\Queue\\Console\\WorkCommand.php(131): Illuminate\\Queue\\Console\\WorkCommand->runWorker()
#16 C:\\Web2Proyecto\\proyectolaravel\\example-app\\vendor\\laravel\\framework\\src\\Illuminate\\Container\\BoundMethod.php(36): Illuminate\\Queue\\Console\\WorkCommand->handle()
#17 C:\\Web2Proyecto\\proyectolaravel\\example-app\\vendor\\laravel\\framework\\src\\Illuminate\\Container\\Util.php(43): Illuminate\\Container\\BoundMethod::{closure:Illuminate\\Container\\BoundMethod::call():35}()
#18 C:\\Web2Proyecto\\proyectolaravel\\example-app\\vendor\\laravel\\framework\\src\\Illuminate\\Container\\BoundMethod.php(96): Illuminate\\Container\\Util::unwrapIfClosure()
#19 C:\\Web2Proyecto\\proyectolaravel\\example-app\\vendor\\laravel\\framework\\src\\Illuminate\\Container\\BoundMethod.php(35): Illuminate\\Container\\BoundMethod::callBoundMethod()
#20 C:\\Web2Proyecto\\proyectolaravel\\example-app\\vendor\\laravel\\framework\\src\\Illuminate\\Container\\Container.php(836): Illuminate\\Container\\BoundMethod::call()
#21 C:\\Web2Proyecto\\proyectolaravel\\example-app\\vendor\\laravel\\framework\\src\\Illuminate\\Console\\Command.php(211): Illuminate\\Container\\Container->call()
#22 C:\\Web2Proyecto\\proyectolaravel\\example-app\\vendor\\symfony\\console\\Command\\Command.php(318): Illuminate\\Console\\Command->execute()
#23 C:\\Web2Proyecto\\proyectolaravel\\example-app\\vendor\\laravel\\framework\\src\\Illuminate\\Console\\Command.php(180): Symfony\\Component\\Console\\Command\\Command->run()
#24 C:\\Web2Proyecto\\proyectolaravel\\example-app\\vendor\\symfony\\console\\Application.php(1110): Illuminate\\Console\\Command->run()
#25 C:\\Web2Proyecto\\proyectolaravel\\example-app\\vendor\\symfony\\console\\Application.php(359): Symfony\\Component\\Console\\Application->doRunCommand()
#26 C:\\Web2Proyecto\\proyectolaravel\\example-app\\vendor\\symfony\\console\\Application.php(194): Symfony\\Component\\Console\\Application->doRun()
#27 C:\\Web2Proyecto\\proyectolaravel\\example-app\\vendor\\laravel\\framework\\src\\Illuminate\\Foundation\\Console\\Kernel.php(197): Symfony\\Component\\Console\\Application->run()
#28 C:\\Web2Proyecto\\proyectolaravel\\example-app\\vendor\\laravel\\framework\\src\\Illuminate\\Foundation\\Application.php(1235): Illuminate\\Foundation\\Console\\Kernel->handle()
#29 C:\\Web2Proyecto\\proyectolaravel\\example-app\\artisan(16): Illuminate\\Foundation\\Application->handleCommand()
#30 {main}
"} 
[2025-10-08 12:21:03] local.ERROR: SQLSTATE[08006] [7] connection to server at "127.0.0.1", port 5432 failed: fe_sendauth: no password supplied {"exception":"[object] (PDOException(code: 7): SQLSTATE[08006] [7] connection to server at \"127.0.0.1\", port 5432 failed: fe_sendauth: no password supplied at C:\\Web2Proyecto\\proyectolaravel\\example-app\\vendor\\laravel\\framework\\src\\Illuminate\\Database\\Connectors\\Connector.php:67)
[stacktrace]
#0 C:\\Web2Proyecto\\proyectolaravel\\example-app\\vendor\\laravel\\framework\\src\\Illuminate\\Database\\Connectors\\Connector.php(67): PDO::connect()
#1 C:\\Web2Proyecto\\proyectolaravel\\example-app\\vendor\\laravel\\framework\\src\\Illuminate\\Database\\Connectors\\Connector.php(44): Illuminate\\Database\\Connectors\\Connector->createPdoConnection()
#2 C:\\Web2Proyecto\\proyectolaravel\\example-app\\vendor\\laravel\\framework\\src\\Illuminate\\Database\\Connectors\\PostgresConnector.php(35): Illuminate\\Database\\Connectors\\Connector->createConnection()
#3 C:\\Web2Proyecto\\proyectolaravel\\example-app\\vendor\\laravel\\framework\\src\\Illuminate\\Database\\Connectors\\ConnectionFactory.php(184): Illuminate\\Database\\Connectors\\PostgresConnector->connect()
#4 [internal function]: Illuminate\\Database\\Connectors\\ConnectionFactory->{closure:Illuminate\\Database\\Connectors\\ConnectionFactory::createPdoResolverWithHosts():179}()
#5 C:\\Web2Proyecto\\proyectolaravel\\example-app\\vendor\\laravel\\framework\\src\\Illuminate\\Database\\Connection.php(1230): call_user_func()
#6 C:\\Web2Proyecto\\proyectolaravel\\example-app\\vendor\\laravel\\framework\\src\\Illuminate\\Database\\Connection.php(1480): Illuminate\\Database\\Connection->getPdo()
#7 C:\\Web2Proyecto\\proyectolaravel\\example-app\\vendor\\laravel\\framework\\src\\Illuminate\\Database\\Concerns\\ManagesTransactions.php(154): Illuminate\\Database\\Connection->executeBeginTransactionStatement()
#8 C:\\Web2Proyecto\\proyectolaravel\\example-app\\vendor\\laravel\\framework\\src\\Illuminate\\Database\\Concerns\\ManagesTransactions.php(130): Illuminate\\Database\\Connection->createTransaction()
#9 C:\\Web2Proyecto\\proyectolaravel\\example-app\\vendor\\laravel\\framework\\src\\Illuminate\\Database\\Concerns\\ManagesTransactions.php(29): Illuminate\\Database\\Connection->beginTransaction()
#10 C:\\Web2Proyecto\\proyectolaravel\\example-app\\vendor\\laravel\\framework\\src\\Illuminate\\Queue\\DatabaseQueue.php(285): Illuminate\\Database\\Connection->transaction()
#11 C:\\Web2Proyecto\\proyectolaravel\\example-app\\vendor\\laravel\\framework\\src\\Illuminate\\Queue\\Worker.php(360): Illuminate\\Queue\\DatabaseQueue->pop()
#12 C:\\Web2Proyecto\\proyectolaravel\\example-app\\vendor\\laravel\\framework\\src\\Illuminate\\Queue\\Worker.php(375): Illuminate\\Queue\\Worker->{closure:Illuminate\\Queue\\Worker::getNextJob():359}()
#13 C:\\Web2Proyecto\\proyectolaravel\\example-app\\vendor\\laravel\\framework\\src\\Illuminate\\Queue\\Worker.php(336): Illuminate\\Queue\\Worker->getNextJob()
#14 C:\\Web2Proyecto\\proyectolaravel\\example-app\\vendor\\laravel\\framework\\src\\Illuminate\\Queue\\Console\\WorkCommand.php(148): Illuminate\\Queue\\Worker->runNextJob()
#15 C:\\Web2Proyecto\\proyectolaravel\\example-app\\vendor\\laravel\\framework\\src\\Illuminate\\Queue\\Console\\WorkCommand.php(131): Illuminate\\Queue\\Console\\WorkCommand->runWorker()
#16 C:\\Web2Proyecto\\proyectolaravel\\example-app\\vendor\\laravel\\framework\\src\\Illuminate\\Container\\BoundMethod.php(36): Illuminate\\Queue\\Console\\WorkCommand->handle()
#17 C:\\Web2Proyecto\\proyectolaravel\\example-app\\vendor\\laravel\\framework\\src\\Illuminate\\Container\\Util.php(43): Illuminate\\Container\\BoundMethod::{closure:Illuminate\\Container\\BoundMethod::call():35}()
#18 C:\\Web2Proyecto\\proyectolaravel\\example-app\\vendor\\laravel\\framework\\src\\Illuminate\\Container\\BoundMethod.php(96): Illuminate\\Container\\Util::unwrapIfClosure()
#19 C:\\Web2Proyecto\\proyectolaravel\\example-app\\vendor\\laravel\\framework\\src\\Illuminate\\Container\\BoundMethod.php(35): Illuminate\\Container\\BoundMethod::callBoundMethod()
#20 C:\\Web2Proyecto\\proyectolaravel\\example-app\\vendor\\laravel\\framework\\src\\Illuminate\\Container\\Container.php(836): Illuminate\\Container\\BoundMethod::call()
#21 C:\\Web2Proyecto\\proyectolaravel\\example-app\\vendor\\laravel\\framework\\src\\Illuminate\\Console\\Command.php(211): Illuminate\\Container\\Container->call()
#22 C:\\Web2Proyecto\\proyectolaravel\\example-app\\vendor\\symfony\\console\\Command\\Command.php(318): Illuminate\\Console\\Command->execute()
#23 C:\\Web2Proyecto\\proyectolaravel\\example-app\\vendor\\laravel\\framework\\src\\Illuminate\\Console\\Command.php(180): Symfony\\Component\\Console\\Command\\Command->run()
#24 C:\\Web2Proyecto\\proyectolaravel\\example-app\\vendor\\symfony\\console\\Application.php(1110): Illuminate\\Console\\Command->run()
#25 C:\\Web2Proyecto\\proyectolaravel\\example-app\\vendor\\symfony\\console\\Application.php(359): Symfony\\Component\\Console\\Application->doRunCommand()
#26 C:\\Web2Proyecto\\proyectolaravel\\example-app\\vendor\\symfony\\console\\Application.php(194): Symfony\\Component\\Console\\Application->doRun()
#27 C:\\Web2Proyecto\\proyectolaravel\\example-app\\vendor\\laravel\\framework\\src\\Illuminate\\Foundation\\Console\\Kernel.php(197): Symfony\\Component\\Console\\Application->run()
#28 C:\\Web2Proyecto\\proyectolaravel\\example-app\\vendor\\laravel\\framework\\src\\Illuminate\\Foundation\\Application.php(1235): Illuminate\\Foundation\\Console\\Kernel->handle()
#29 C:\\Web2Proyecto\\proyectolaravel\\example-app\\artisan(16): Illuminate\\Foundation\\Application->handleCommand()
#30 {main}
"} 
[2025-10-08 12:21:08] local.ERROR: SQLSTATE[08006] [7] connection to server at "127.0.0.1", port 5432 failed: fe_sendauth: no password supplied {"exception":"[object] (PDOException(code: 7): SQLSTATE[08006] [7] connection to server at \"127.0.0.1\", port 5432 failed: fe_sendauth: no password supplied at C:\\Web2Proyecto\\proyectolaravel\\example-app\\vendor\\laravel\\framework\\src\\Illuminate\\Database\\Connectors\\Connector.php:67)
[stacktrace]
#0 C:\\Web2Proyecto\\proyectolaravel\\example-app\\vendor\\laravel\\framework\\src\\Illuminate\\Database\\Connectors\\Connector.php(67): PDO::connect()
#1 C:\\Web2Proyecto\\proyectolaravel\\example-app\\vendor\\laravel\\framework\\src\\Illuminate\\Database\\Connectors\\Connector.php(44): Illuminate\\Database\\Connectors\\Connector->createPdoConnection()
#2 C:\\Web2Proyecto\\proyectolaravel\\example-app\\vendor\\laravel\\framework\\src\\Illuminate\\Database\\Connectors\\PostgresConnector.php(35): Illuminate\\Database\\Connectors\\Connector->createConnection()
#3 C:\\Web2Proyecto\\proyectolaravel\\example-app\\vendor\\laravel\\framework\\src\\Illuminate\\Database\\Connectors\\ConnectionFactory.php(184): Illuminate\\Database\\Connectors\\PostgresConnector->connect()
#4 [internal function]: Illuminate\\Database\\Connectors\\ConnectionFactory->{closure:Illuminate\\Database\\Connectors\\ConnectionFactory::createPdoResolverWithHosts():179}()
#5 C:\\Web2Proyecto\\proyectolaravel\\example-app\\vendor\\laravel\\framework\\src\\Illuminate\\Database\\Connection.php(1230): call_user_func()
#6 C:\\Web2Proyecto\\proyectolaravel\\example-app\\vendor\\laravel\\framework\\src\\Illuminate\\Database\\Connection.php(1480): Illuminate\\Database\\Connection->getPdo()
#7 C:\\Web2Proyecto\\proyectolaravel\\example-app\\vendor\\laravel\\framework\\src\\Illuminate\\Database\\Concerns\\ManagesTransactions.php(154): Illuminate\\Database\\Connection->executeBeginTransactionStatement()
#8 C:\\Web2Proyecto\\proyectolaravel\\example-app\\vendor\\laravel\\framework\\src\\Illuminate\\Database\\Concerns\\ManagesTransactions.php(130): Illuminate\\Database\\Connection->createTransaction()
#9 C:\\Web2Proyecto\\proyectolaravel\\example-app\\vendor\\laravel\\framework\\src\\Illuminate\\Database\\Concerns\\ManagesTransactions.php(29): Illuminate\\Database\\Connection->beginTransaction()
#10 C:\\Web2Proyecto\\proyectolaravel\\example-app\\vendor\\laravel\\framework\\src\\Illuminate\\Queue\\DatabaseQueue.php(285): Illuminate\\Database\\Connection->transaction()
#11 C:\\Web2Proyecto\\proyectolaravel\\example-app\\vendor\\laravel\\framework\\src\\Illuminate\\Queue\\Worker.php(360): Illuminate\\Queue\\DatabaseQueue->pop()
#12 C:\\Web2Proyecto\\proyectolaravel\\example-app\\vendor\\laravel\\framework\\src\\Illuminate\\Queue\\Worker.php(375): Illuminate\\Queue\\Worker->{closure:Illuminate\\Queue\\Worker::getNextJob():359}()
#13 C:\\Web2Proyecto\\proyectolaravel\\example-app\\vendor\\laravel\\framework\\src\\Illuminate\\Queue\\Worker.php(336): Illuminate\\Queue\\Worker->getNextJob()
#14 C:\\Web2Proyecto\\proyectolaravel\\example-app\\vendor\\laravel\\framework\\src\\Illuminate\\Queue\\Console\\WorkCommand.php(148): Illuminate\\Queue\\Worker->runNextJob()
#15 C:\\Web2Proyecto\\proyectolaravel\\example-app\\vendor\\laravel\\framework\\src\\Illuminate\\Queue\\Console\\WorkCommand.php(131): Illuminate\\Queue\\Console\\WorkCommand->runWorker()
#16 C:\\Web2Proyecto\\proyectolaravel\\example-app\\vendor\\laravel\\framework\\src\\Illuminate\\Container\\BoundMethod.php(36): Illuminate\\Queue\\Console\\WorkCommand->handle()
#17 C:\\Web2Proyecto\\proyectolaravel\\example-app\\vendor\\laravel\\framework\\src\\Illuminate\\Container\\Util.php(43): Illuminate\\Container\\BoundMethod::{closure:Illuminate\\Container\\BoundMethod::call():35}()
#18 C:\\Web2Proyecto\\proyectolaravel\\example-app\\vendor\\laravel\\framework\\src\\Illuminate\\Container\\BoundMethod.php(96): Illuminate\\Container\\Util::unwrapIfClosure()
#19 C:\\Web2Proyecto\\proyectolaravel\\example-app\\vendor\\laravel\\framework\\src\\Illuminate\\Container\\BoundMethod.php(35): Illuminate\\Container\\BoundMethod::callBoundMethod()
#20 C:\\Web2Proyecto\\proyectolaravel\\example-app\\vendor\\laravel\\framework\\src\\Illuminate\\Container\\Container.php(836): Illuminate\\Container\\BoundMethod::call()
#21 C:\\Web2Proyecto\\proyectolaravel\\example-app\\vendor\\laravel\\framework\\src\\Illuminate\\Console\\Command.php(211): Illuminate\\Container\\Container->call()
#22 C:\\Web2Proyecto\\proyectolaravel\\example-app\\vendor\\symfony\\console\\Command\\Command.php(318): Illuminate\\Console\\Command->execute()
#23 C:\\Web2Proyecto\\proyectolaravel\\example-app\\vendor\\laravel\\framework\\src\\Illuminate\\Console\\Command.php(180): Symfony\\Component\\Console\\Command\\Command->run()
#24 C:\\Web2Proyecto\\proyectolaravel\\example-app\\vendor\\symfony\\console\\Application.php(1110): Illuminate\\Console\\Command->run()
#25 C:\\Web2Proyecto\\proyectolaravel\\example-app\\vendor\\symfony\\console\\Application.php(359): Symfony\\Component\\Console\\Application->doRunCommand()
#26 C:\\Web2Proyecto\\proyectolaravel\\example-app\\vendor\\symfony\\console\\Application.php(194): Symfony\\Component\\Console\\Application->doRun()
#27 C:\\Web2Proyecto\\proyectolaravel\\example-app\\vendor\\laravel\\framework\\src\\Illuminate\\Foundation\\Console\\Kernel.php(197): Symfony\\Component\\Console\\Application->run()
#28 C:\\Web2Proyecto\\proyectolaravel\\example-app\\vendor\\laravel\\framework\\src\\Illuminate\\Foundation\\Application.php(1235): Illuminate\\Foundation\\Console\\Kernel->handle()
#29 C:\\Web2Proyecto\\proyectolaravel\\example-app\\artisan(16): Illuminate\\Foundation\\Application->handleCommand()
#30 {main}
"} 
[2025-10-08 12:21:13] local.ERROR: SQLSTATE[08006] [7] connection to server at "127.0.0.1", port 5432 failed: fe_sendauth: no password supplied {"exception":"[object] (PDOException(code: 7): SQLSTATE[08006] [7] connection to server at \"127.0.0.1\", port 5432 failed: fe_sendauth: no password supplied at C:\\Web2Proyecto\\proyectolaravel\\example-app\\vendor\\laravel\\framework\\src\\Illuminate\\Database\\Connectors\\Connector.php:67)
[stacktrace]
#0 C:\\Web2Proyecto\\proyectolaravel\\example-app\\vendor\\laravel\\framework\\src\\Illuminate\\Database\\Connectors\\Connector.php(67): PDO::connect()
#1 C:\\Web2Proyecto\\proyectolaravel\\example-app\\vendor\\laravel\\framework\\src\\Illuminate\\Database\\Connectors\\Connector.php(44): Illuminate\\Database\\Connectors\\Connector->createPdoConnection()
#2 C:\\Web2Proyecto\\proyectolaravel\\example-app\\vendor\\laravel\\framework\\src\\Illuminate\\Database\\Connectors\\PostgresConnector.php(35): Illuminate\\Database\\Connectors\\Connector->createConnection()
#3 C:\\Web2Proyecto\\proyectolaravel\\example-app\\vendor\\laravel\\framework\\src\\Illuminate\\Database\\Connectors\\ConnectionFactory.php(184): Illuminate\\Database\\Connectors\\PostgresConnector->connect()
#4 [internal function]: Illuminate\\Database\\Connectors\\ConnectionFactory->{closure:Illuminate\\Database\\Connectors\\ConnectionFactory::createPdoResolverWithHosts():179}()
#5 C:\\Web2Proyecto\\proyectolaravel\\example-app\\vendor\\laravel\\framework\\src\\Illuminate\\Database\\Connection.php(1230): call_user_func()
#6 C:\\Web2Proyecto\\proyectolaravel\\example-app\\vendor\\laravel\\framework\\src\\Illuminate\\Database\\Connection.php(1480): Illuminate\\Database\\Connection->getPdo()
#7 C:\\Web2Proyecto\\proyectolaravel\\example-app\\vendor\\laravel\\framework\\src\\Illuminate\\Database\\Concerns\\ManagesTransactions.php(154): Illuminate\\Database\\Connection->executeBeginTransactionStatement()
#8 C:\\Web2Proyecto\\proyectolaravel\\example-app\\vendor\\laravel\\framework\\src\\Illuminate\\Database\\Concerns\\ManagesTransactions.php(130): Illuminate\\Database\\Connection->createTransaction()
#9 C:\\Web2Proyecto\\proyectolaravel\\example-app\\vendor\\laravel\\framework\\src\\Illuminate\\Database\\Concerns\\ManagesTransactions.php(29): Illuminate\\Database\\Connection->beginTransaction()
#10 C:\\Web2Proyecto\\proyectolaravel\\example-app\\vendor\\laravel\\framework\\src\\Illuminate\\Queue\\DatabaseQueue.php(285): Illuminate\\Database\\Connection->transaction()
#11 C:\\Web2Proyecto\\proyectolaravel\\example-app\\vendor\\laravel\\framework\\src\\Illuminate\\Queue\\Worker.php(360): Illuminate\\Queue\\DatabaseQueue->pop()
#12 C:\\Web2Proyecto\\proyectolaravel\\example-app\\vendor\\laravel\\framework\\src\\Illuminate\\Queue\\Worker.php(375): Illuminate\\Queue\\Worker->{closure:Illuminate\\Queue\\Worker::getNextJob():359}()
#13 C:\\Web2Proyecto\\proyectolaravel\\example-app\\vendor\\laravel\\framework\\src\\Illuminate\\Queue\\Worker.php(336): Illuminate\\Queue\\Worker->getNextJob()
#14 C:\\Web2Proyecto\\proyectolaravel\\example-app\\vendor\\laravel\\framework\\src\\Illuminate\\Queue\\Console\\WorkCommand.php(148): Illuminate\\Queue\\Worker->runNextJob()
#15 C:\\Web2Proyecto\\proyectolaravel\\example-app\\vendor\\laravel\\framework\\src\\Illuminate\\Queue\\Console\\WorkCommand.php(131): Illuminate\\Queue\\Console\\WorkCommand->runWorker()
#16 C:\\Web2Proyecto\\proyectolaravel\\example-app\\vendor\\laravel\\framework\\src\\Illuminate\\Container\\BoundMethod.php(36): Illuminate\\Queue\\Console\\WorkCommand->handle()
#17 C:\\Web2Proyecto\\proyectolaravel\\example-app\\vendor\\laravel\\framework\\src\\Illuminate\\Container\\Util.php(43): Illuminate\\Container\\BoundMethod::{closure:Illuminate\\Container\\BoundMethod::call():35}()
#18 C:\\Web2Proyecto\\proyectolaravel\\example-app\\vendor\\laravel\\framework\\src\\Illuminate\\Container\\BoundMethod.php(96): Illuminate\\Container\\Util::unwrapIfClosure()
#19 C:\\Web2Proyecto\\proyectolaravel\\example-app\\vendor\\laravel\\framework\\src\\Illuminate\\Container\\BoundMethod.php(35): Illuminate\\Container\\BoundMethod::callBoundMethod()
#20 C:\\Web2Proyecto\\proyectolaravel\\example-app\\vendor\\laravel\\framework\\src\\Illuminate\\Container\\Container.php(836): Illuminate\\Container\\BoundMethod::call()
#21 C:\\Web2Proyecto\\proyectolaravel\\example-app\\vendor\\laravel\\framework\\src\\Illuminate\\Console\\Command.php(211): Illuminate\\Container\\Container->call()
#22 C:\\Web2Proyecto\\proyectolaravel\\example-app\\vendor\\symfony\\console\\Command\\Command.php(318): Illuminate\\Console\\Command->execute()
#23 C:\\Web2Proyecto\\proyectolaravel\\example-app\\vendor\\laravel\\framework\\src\\Illuminate\\Console\\Command.php(180): Symfony\\Component\\Console\\Command\\Command->run()
#24 C:\\Web2Proyecto\\proyectolaravel\\example-app\\vendor\\symfony\\console\\Application.php(1110): Illuminate\\Console\\Command->run()
#25 C:\\Web2Proyecto\\proyectolaravel\\example-app\\vendor\\symfony\\console\\Application.php(359): Symfony\\Component\\Console\\Application->doRunCommand()
#26 C:\\Web2Proyecto\\proyectolaravel\\example-app\\vendor\\symfony\\console\\Application.php(194): Symfony\\Component\\Console\\Application->doRun()
#27 C:\\Web2Proyecto\\proyectolaravel\\example-app\\vendor\\laravel\\framework\\src\\Illuminate\\Foundation\\Console\\Kernel.php(197): Symfony\\Component\\Console\\Application->run()
#28 C:\\Web2Proyecto\\proyectolaravel\\example-app\\vendor\\laravel\\framework\\src\\Illuminate\\Foundation\\Application.php(1235): Illuminate\\Foundation\\Console\\Kernel->handle()
#29 C:\\Web2Proyecto\\proyectolaravel\\example-app\\artisan(16): Illuminate\\Foundation\\Application->handleCommand()
#30 {main}
"} 
[2025-10-08 12:21:17] local.ERROR: SQLSTATE[08006] [7] connection to server at "127.0.0.1", port 5432 failed: fe_sendauth: no password supplied {"exception":"[object] (PDOException(code: 7): SQLSTATE[08006] [7] connection to server at \"127.0.0.1\", port 5432 failed: fe_sendauth: no password supplied at C:\\Web2Proyecto\\proyectolaravel\\example-app\\vendor\\laravel\\framework\\src\\Illuminate\\Database\\Connectors\\Connector.php:67)
[stacktrace]
#0 C:\\Web2Proyecto\\proyectolaravel\\example-app\\vendor\\laravel\\framework\\src\\Illuminate\\Database\\Connectors\\Connector.php(67): PDO::connect()
#1 C:\\Web2Proyecto\\proyectolaravel\\example-app\\vendor\\laravel\\framework\\src\\Illuminate\\Database\\Connectors\\Connector.php(44): Illuminate\\Database\\Connectors\\Connector->createPdoConnection()
#2 C:\\Web2Proyecto\\proyectolaravel\\example-app\\vendor\\laravel\\framework\\src\\Illuminate\\Database\\Connectors\\PostgresConnector.php(35): Illuminate\\Database\\Connectors\\Connector->createConnection()
#3 C:\\Web2Proyecto\\proyectolaravel\\example-app\\vendor\\laravel\\framework\\src\\Illuminate\\Database\\Connectors\\ConnectionFactory.php(184): Illuminate\\Database\\Connectors\\PostgresConnector->connect()
#4 [internal function]: Illuminate\\Database\\Connectors\\ConnectionFactory->{closure:Illuminate\\Database\\Connectors\\ConnectionFactory::createPdoResolverWithHosts():179}()
#5 C:\\Web2Proyecto\\proyectolaravel\\example-app\\vendor\\laravel\\framework\\src\\Illuminate\\Database\\Connection.php(1230): call_user_func()
#6 C:\\Web2Proyecto\\proyectolaravel\\example-app\\vendor\\laravel\\framework\\src\\Illuminate\\Database\\Connection.php(1480): Illuminate\\Database\\Connection->getPdo()
#7 C:\\Web2Proyecto\\proyectolaravel\\example-app\\vendor\\laravel\\framework\\src\\Illuminate\\Database\\Concerns\\ManagesTransactions.php(154): Illuminate\\Database\\Connection->executeBeginTransactionStatement()
#8 C:\\Web2Proyecto\\proyectolaravel\\example-app\\vendor\\laravel\\framework\\src\\Illuminate\\Database\\Concerns\\ManagesTransactions.php(130): Illuminate\\Database\\Connection->createTransaction()
#9 C:\\Web2Proyecto\\proyectolaravel\\example-app\\vendor\\laravel\\framework\\src\\Illuminate\\Database\\Concerns\\ManagesTransactions.php(29): Illuminate\\Database\\Connection->beginTransaction()
#10 C:\\Web2Proyecto\\proyectolaravel\\example-app\\vendor\\laravel\\framework\\src\\Illuminate\\Queue\\DatabaseQueue.php(285): Illuminate\\Database\\Connection->transaction()
#11 C:\\Web2Proyecto\\proyectolaravel\\example-app\\vendor\\laravel\\framework\\src\\Illuminate\\Queue\\Worker.php(360): Illuminate\\Queue\\DatabaseQueue->pop()
#12 C:\\Web2Proyecto\\proyectolaravel\\example-app\\vendor\\laravel\\framework\\src\\Illuminate\\Queue\\Worker.php(375): Illuminate\\Queue\\Worker->{closure:Illuminate\\Queue\\Worker::getNextJob():359}()
#13 C:\\Web2Proyecto\\proyectolaravel\\example-app\\vendor\\laravel\\framework\\src\\Illuminate\\Queue\\Worker.php(336): Illuminate\\Queue\\Worker->getNextJob()
#14 C:\\Web2Proyecto\\proyectolaravel\\example-app\\vendor\\laravel\\framework\\src\\Illuminate\\Queue\\Console\\WorkCommand.php(148): Illuminate\\Queue\\Worker->runNextJob()
#15 C:\\Web2Proyecto\\proyectolaravel\\example-app\\vendor\\laravel\\framework\\src\\Illuminate\\Queue\\Console\\WorkCommand.php(131): Illuminate\\Queue\\Console\\WorkCommand->runWorker()
#16 C:\\Web2Proyecto\\proyectolaravel\\example-app\\vendor\\laravel\\framework\\src\\Illuminate\\Container\\BoundMethod.php(36): Illuminate\\Queue\\Console\\WorkCommand->handle()
#17 C:\\Web2Proyecto\\proyectolaravel\\example-app\\vendor\\laravel\\framework\\src\\Illuminate\\Container\\Util.php(43): Illuminate\\Container\\BoundMethod::{closure:Illuminate\\Container\\BoundMethod::call():35}()
#18 C:\\Web2Proyecto\\proyectolaravel\\example-app\\vendor\\laravel\\framework\\src\\Illuminate\\Container\\BoundMethod.php(96): Illuminate\\Container\\Util::unwrapIfClosure()
#19 C:\\Web2Proyecto\\proyectolaravel\\example-app\\vendor\\laravel\\framework\\src\\Illuminate\\Container\\BoundMethod.php(35): Illuminate\\Container\\BoundMethod::callBoundMethod()
#20 C:\\Web2Proyecto\\proyectolaravel\\example-app\\vendor\\laravel\\framework\\src\\Illuminate\\Container\\Container.php(836): Illuminate\\Container\\BoundMethod::call()
#21 C:\\Web2Proyecto\\proyectolaravel\\example-app\\vendor\\laravel\\framework\\src\\Illuminate\\Console\\Command.php(211): Illuminate\\Container\\Container->call()
#22 C:\\Web2Proyecto\\proyectolaravel\\example-app\\vendor\\symfony\\console\\Command\\Command.php(318): Illuminate\\Console\\Command->execute()
#23 C:\\Web2Proyecto\\proyectolaravel\\example-app\\vendor\\laravel\\framework\\src\\Illuminate\\Console\\Command.php(180): Symfony\\Component\\Console\\Command\\Command->run()
#24 C:\\Web2Proyecto\\proyectolaravel\\example-app\\vendor\\symfony\\console\\Application.php(1110): Illuminate\\Console\\Command->run()
#25 C:\\Web2Proyecto\\proyectolaravel\\example-app\\vendor\\symfony\\console\\Application.php(359): Symfony\\Component\\Console\\Application->doRunCommand()
#26 C:\\Web2Proyecto\\proyectolaravel\\example-app\\vendor\\symfony\\console\\Application.php(194): Symfony\\Component\\Console\\Application->doRun()
#27 C:\\Web2Proyecto\\proyectolaravel\\example-app\\vendor\\laravel\\framework\\src\\Illuminate\\Foundation\\Console\\Kernel.php(197): Symfony\\Component\\Console\\Application->run()
#28 C:\\Web2Proyecto\\proyectolaravel\\example-app\\vendor\\laravel\\framework\\src\\Illuminate\\Foundation\\Application.php(1235): Illuminate\\Foundation\\Console\\Kernel->handle()
#29 C:\\Web2Proyecto\\proyectolaravel\\example-app\\artisan(16): Illuminate\\Foundation\\Application->handleCommand()
#30 {main}
"} 
[2025-10-08 12:21:22] local.ERROR: SQLSTATE[08006] [7] connection to server at "127.0.0.1", port 5432 failed: fe_sendauth: no password supplied {"exception":"[object] (PDOException(code: 7): SQLSTATE[08006] [7] connection to server at \"127.0.0.1\", port 5432 failed: fe_sendauth: no password supplied at C:\\Web2Proyecto\\proyectolaravel\\example-app\\vendor\\laravel\\framework\\src\\Illuminate\\Database\\Connectors\\Connector.php:67)
[stacktrace]
#0 C:\\Web2Proyecto\\proyectolaravel\\example-app\\vendor\\laravel\\framework\\src\\Illuminate\\Database\\Connectors\\Connector.php(67): PDO::connect()
#1 C:\\Web2Proyecto\\proyectolaravel\\example-app\\vendor\\laravel\\framework\\src\\Illuminate\\Database\\Connectors\\Connector.php(44): Illuminate\\Database\\Connectors\\Connector->createPdoConnection()
#2 C:\\Web2Proyecto\\proyectolaravel\\example-app\\vendor\\laravel\\framework\\src\\Illuminate\\Database\\Connectors\\PostgresConnector.php(35): Illuminate\\Database\\Connectors\\Connector->createConnection()
#3 C:\\Web2Proyecto\\proyectolaravel\\example-app\\vendor\\laravel\\framework\\src\\Illuminate\\Database\\Connectors\\ConnectionFactory.php(184): Illuminate\\Database\\Connectors\\PostgresConnector->connect()
#4 [internal function]: Illuminate\\Database\\Connectors\\ConnectionFactory->{closure:Illuminate\\Database\\Connectors\\ConnectionFactory::createPdoResolverWithHosts():179}()
#5 C:\\Web2Proyecto\\proyectolaravel\\example-app\\vendor\\laravel\\framework\\src\\Illuminate\\Database\\Connection.php(1230): call_user_func()
#6 C:\\Web2Proyecto\\proyectolaravel\\example-app\\vendor\\laravel\\framework\\src\\Illuminate\\Database\\Connection.php(1480): Illuminate\\Database\\Connection->getPdo()
#7 C:\\Web2Proyecto\\proyectolaravel\\example-app\\vendor\\laravel\\framework\\src\\Illuminate\\Database\\Concerns\\ManagesTransactions.php(154): Illuminate\\Database\\Connection->executeBeginTransactionStatement()
#8 C:\\Web2Proyecto\\proyectolaravel\\example-app\\vendor\\laravel\\framework\\src\\Illuminate\\Database\\Concerns\\ManagesTransactions.php(130): Illuminate\\Database\\Connection->createTransaction()
#9 C:\\Web2Proyecto\\proyectolaravel\\example-app\\vendor\\laravel\\framework\\src\\Illuminate\\Database\\Concerns\\ManagesTransactions.php(29): Illuminate\\Database\\Connection->beginTransaction()
#10 C:\\Web2Proyecto\\proyectolaravel\\example-app\\vendor\\laravel\\framework\\src\\Illuminate\\Queue\\DatabaseQueue.php(285): Illuminate\\Database\\Connection->transaction()
#11 C:\\Web2Proyecto\\proyectolaravel\\example-app\\vendor\\laravel\\framework\\src\\Illuminate\\Queue\\Worker.php(360): Illuminate\\Queue\\DatabaseQueue->pop()
#12 C:\\Web2Proyecto\\proyectolaravel\\example-app\\vendor\\laravel\\framework\\src\\Illuminate\\Queue\\Worker.php(375): Illuminate\\Queue\\Worker->{closure:Illuminate\\Queue\\Worker::getNextJob():359}()
#13 C:\\Web2Proyecto\\proyectolaravel\\example-app\\vendor\\laravel\\framework\\src\\Illuminate\\Queue\\Worker.php(336): Illuminate\\Queue\\Worker->getNextJob()
#14 C:\\Web2Proyecto\\proyectolaravel\\example-app\\vendor\\laravel\\framework\\src\\Illuminate\\Queue\\Console\\WorkCommand.php(148): Illuminate\\Queue\\Worker->runNextJob()
#15 C:\\Web2Proyecto\\proyectolaravel\\example-app\\vendor\\laravel\\framework\\src\\Illuminate\\Queue\\Console\\WorkCommand.php(131): Illuminate\\Queue\\Console\\WorkCommand->runWorker()
#16 C:\\Web2Proyecto\\proyectolaravel\\example-app\\vendor\\laravel\\framework\\src\\Illuminate\\Container\\BoundMethod.php(36): Illuminate\\Queue\\Console\\WorkCommand->handle()
#17 C:\\Web2Proyecto\\proyectolaravel\\example-app\\vendor\\laravel\\framework\\src\\Illuminate\\Container\\Util.php(43): Illuminate\\Container\\BoundMethod::{closure:Illuminate\\Container\\BoundMethod::call():35}()
#18 C:\\Web2Proyecto\\proyectolaravel\\example-app\\vendor\\laravel\\framework\\src\\Illuminate\\Container\\BoundMethod.php(96): Illuminate\\Container\\Util::unwrapIfClosure()
#19 C:\\Web2Proyecto\\proyectolaravel\\example-app\\vendor\\laravel\\framework\\src\\Illuminate\\Container\\BoundMethod.php(35): Illuminate\\Container\\BoundMethod::callBoundMethod()
#20 C:\\Web2Proyecto\\proyectolaravel\\example-app\\vendor\\laravel\\framework\\src\\Illuminate\\Container\\Container.php(836): Illuminate\\Container\\BoundMethod::call()
#21 C:\\Web2Proyecto\\proyectolaravel\\example-app\\vendor\\laravel\\framework\\src\\Illuminate\\Console\\Command.php(211): Illuminate\\Container\\Container->call()
#22 C:\\Web2Proyecto\\proyectolaravel\\example-app\\vendor\\symfony\\console\\Command\\Command.php(318): Illuminate\\Console\\Command->execute()
#23 C:\\Web2Proyecto\\proyectolaravel\\example-app\\vendor\\laravel\\framework\\src\\Illuminate\\Console\\Command.php(180): Symfony\\Component\\Console\\Command\\Command->run()
#24 C:\\Web2Proyecto\\proyectolaravel\\example-app\\vendor\\symfony\\console\\Application.php(1110): Illuminate\\Console\\Command->run()
#25 C:\\Web2Proyecto\\proyectolaravel\\example-app\\vendor\\symfony\\console\\Application.php(359): Symfony\\Component\\Console\\Application->doRunCommand()
#26 C:\\Web2Proyecto\\proyectolaravel\\example-app\\vendor\\symfony\\console\\Application.php(194): Symfony\\Component\\Console\\Application->doRun()
#27 C:\\Web2Proyecto\\proyectolaravel\\example-app\\vendor\\laravel\\framework\\src\\Illuminate\\Foundation\\Console\\Kernel.php(197): Symfony\\Component\\Console\\Application->run()
#28 C:\\Web2Proyecto\\proyectolaravel\\example-app\\vendor\\laravel\\framework\\src\\Illuminate\\Foundation\\Application.php(1235): Illuminate\\Foundation\\Console\\Kernel->handle()
#29 C:\\Web2Proyecto\\proyectolaravel\\example-app\\artisan(16): Illuminate\\Foundation\\Application->handleCommand()
#30 {main}
"} 
[2025-10-08 12:21:27] local.ERROR: SQLSTATE[08006] [7] connection to server at "127.0.0.1", port 5432 failed: fe_sendauth: no password supplied {"exception":"[object] (PDOException(code: 7): SQLSTATE[08006] [7] connection to server at \"127.0.0.1\", port 5432 failed: fe_sendauth: no password supplied at C:\\Web2Proyecto\\proyectolaravel\\example-app\\vendor\\laravel\\framework\\src\\Illuminate\\Database\\Connectors\\Connector.php:67)
[stacktrace]
#0 C:\\Web2Proyecto\\proyectolaravel\\example-app\\vendor\\laravel\\framework\\src\\Illuminate\\Database\\Connectors\\Connector.php(67): PDO::connect()
#1 C:\\Web2Proyecto\\proyectolaravel\\example-app\\vendor\\laravel\\framework\\src\\Illuminate\\Database\\Connectors\\Connector.php(44): Illuminate\\Database\\Connectors\\Connector->createPdoConnection()
#2 C:\\Web2Proyecto\\proyectolaravel\\example-app\\vendor\\laravel\\framework\\src\\Illuminate\\Database\\Connectors\\PostgresConnector.php(35): Illuminate\\Database\\Connectors\\Connector->createConnection()
#3 C:\\Web2Proyecto\\proyectolaravel\\example-app\\vendor\\laravel\\framework\\src\\Illuminate\\Database\\Connectors\\ConnectionFactory.php(184): Illuminate\\Database\\Connectors\\PostgresConnector->connect()
#4 [internal function]: Illuminate\\Database\\Connectors\\ConnectionFactory->{closure:Illuminate\\Database\\Connectors\\ConnectionFactory::createPdoResolverWithHosts():179}()
#5 C:\\Web2Proyecto\\proyectolaravel\\example-app\\vendor\\laravel\\framework\\src\\Illuminate\\Database\\Connection.php(1230): call_user_func()
#6 C:\\Web2Proyecto\\proyectolaravel\\example-app\\vendor\\laravel\\framework\\src\\Illuminate\\Database\\Connection.php(1480): Illuminate\\Database\\Connection->getPdo()
#7 C:\\Web2Proyecto\\proyectolaravel\\example-app\\vendor\\laravel\\framework\\src\\Illuminate\\Database\\Concerns\\ManagesTransactions.php(154): Illuminate\\Database\\Connection->executeBeginTransactionStatement()
#8 C:\\Web2Proyecto\\proyectolaravel\\example-app\\vendor\\laravel\\framework\\src\\Illuminate\\Database\\Concerns\\ManagesTransactions.php(130): Illuminate\\Database\\Connection->createTransaction()
#9 C:\\Web2Proyecto\\proyectolaravel\\example-app\\vendor\\laravel\\framework\\src\\Illuminate\\Database\\Concerns\\ManagesTransactions.php(29): Illuminate\\Database\\Connection->beginTransaction()
#10 C:\\Web2Proyecto\\proyectolaravel\\example-app\\vendor\\laravel\\framework\\src\\Illuminate\\Queue\\DatabaseQueue.php(285): Illuminate\\Database\\Connection->transaction()
#11 C:\\Web2Proyecto\\proyectolaravel\\example-app\\vendor\\laravel\\framework\\src\\Illuminate\\Queue\\Worker.php(360): Illuminate\\Queue\\DatabaseQueue->pop()
#12 C:\\Web2Proyecto\\proyectolaravel\\example-app\\vendor\\laravel\\framework\\src\\Illuminate\\Queue\\Worker.php(375): Illuminate\\Queue\\Worker->{closure:Illuminate\\Queue\\Worker::getNextJob():359}()
#13 C:\\Web2Proyecto\\proyectolaravel\\example-app\\vendor\\laravel\\framework\\src\\Illuminate\\Queue\\Worker.php(336): Illuminate\\Queue\\Worker->getNextJob()
#14 C:\\Web2Proyecto\\proyectolaravel\\example-app\\vendor\\laravel\\framework\\src\\Illuminate\\Queue\\Console\\WorkCommand.php(148): Illuminate\\Queue\\Worker->runNextJob()
#15 C:\\Web2Proyecto\\proyectolaravel\\example-app\\vendor\\laravel\\framework\\src\\Illuminate\\Queue\\Console\\WorkCommand.php(131): Illuminate\\Queue\\Console\\WorkCommand->runWorker()
#16 C:\\Web2Proyecto\\proyectolaravel\\example-app\\vendor\\laravel\\framework\\src\\Illuminate\\Container\\BoundMethod.php(36): Illuminate\\Queue\\Console\\WorkCommand->handle()
#17 C:\\Web2Proyecto\\proyectolaravel\\example-app\\vendor\\laravel\\framework\\src\\Illuminate\\Container\\Util.php(43): Illuminate\\Container\\BoundMethod::{closure:Illuminate\\Container\\BoundMethod::call():35}()
#18 C:\\Web2Proyecto\\proyectolaravel\\example-app\\vendor\\laravel\\framework\\src\\Illuminate\\Container\\BoundMethod.php(96): Illuminate\\Container\\Util::unwrapIfClosure()
#19 C:\\Web2Proyecto\\proyectolaravel\\example-app\\vendor\\laravel\\framework\\src\\Illuminate\\Container\\BoundMethod.php(35): Illuminate\\Container\\BoundMethod::callBoundMethod()
#20 C:\\Web2Proyecto\\proyectolaravel\\example-app\\vendor\\laravel\\framework\\src\\Illuminate\\Container\\Container.php(836): Illuminate\\Container\\BoundMethod::call()
#21 C:\\Web2Proyecto\\proyectolaravel\\example-app\\vendor\\laravel\\framework\\src\\Illuminate\\Console\\Command.php(211): Illuminate\\Container\\Container->call()
#22 C:\\Web2Proyecto\\proyectolaravel\\example-app\\vendor\\symfony\\console\\Command\\Command.php(318): Illuminate\\Console\\Command->execute()
#23 C:\\Web2Proyecto\\proyectolaravel\\example-app\\vendor\\laravel\\framework\\src\\Illuminate\\Console\\Command.php(180): Symfony\\Component\\Console\\Command\\Command->run()
#24 C:\\Web2Proyecto\\proyectolaravel\\example-app\\vendor\\symfony\\console\\Application.php(1110): Illuminate\\Console\\Command->run()
#25 C:\\Web2Proyecto\\proyectolaravel\\example-app\\vendor\\symfony\\console\\Application.php(359): Symfony\\Component\\Console\\Application->doRunCommand()
#26 C:\\Web2Proyecto\\proyectolaravel\\example-app\\vendor\\symfony\\console\\Application.php(194): Symfony\\Component\\Console\\Application->doRun()
#27 C:\\Web2Proyecto\\proyectolaravel\\example-app\\vendor\\laravel\\framework\\src\\Illuminate\\Foundation\\Console\\Kernel.php(197): Symfony\\Component\\Console\\Application->run()
#28 C:\\Web2Proyecto\\proyectolaravel\\example-app\\vendor\\laravel\\framework\\src\\Illuminate\\Foundation\\Application.php(1235): Illuminate\\Foundation\\Console\\Kernel->handle()
#29 C:\\Web2Proyecto\\proyectolaravel\\example-app\\artisan(16): Illuminate\\Foundation\\Application->handleCommand()
#30 {main}
"} 
[2025-10-08 12:21:31] local.ERROR: SQLSTATE[08006] [7] connection to server at "127.0.0.1", port 5432 failed: fe_sendauth: no password supplied {"exception":"[object] (PDOException(code: 7): SQLSTATE[08006] [7] connection to server at \"127.0.0.1\", port 5432 failed: fe_sendauth: no password supplied at C:\\Web2Proyecto\\proyectolaravel\\example-app\\vendor\\laravel\\framework\\src\\Illuminate\\Database\\Connectors\\Connector.php:67)
[stacktrace]
#0 C:\\Web2Proyecto\\proyectolaravel\\example-app\\vendor\\laravel\\framework\\src\\Illuminate\\Database\\Connectors\\Connector.php(67): PDO::connect()
#1 C:\\Web2Proyecto\\proyectolaravel\\example-app\\vendor\\laravel\\framework\\src\\Illuminate\\Database\\Connectors\\Connector.php(44): Illuminate\\Database\\Connectors\\Connector->createPdoConnection()
#2 C:\\Web2Proyecto\\proyectolaravel\\example-app\\vendor\\laravel\\framework\\src\\Illuminate\\Database\\Connectors\\PostgresConnector.php(35): Illuminate\\Database\\Connectors\\Connector->createConnection()
#3 C:\\Web2Proyecto\\proyectolaravel\\example-app\\vendor\\laravel\\framework\\src\\Illuminate\\Database\\Connectors\\ConnectionFactory.php(184): Illuminate\\Database\\Connectors\\PostgresConnector->connect()
#4 [internal function]: Illuminate\\Database\\Connectors\\ConnectionFactory->{closure:Illuminate\\Database\\Connectors\\ConnectionFactory::createPdoResolverWithHosts():179}()
#5 C:\\Web2Proyecto\\proyectolaravel\\example-app\\vendor\\laravel\\framework\\src\\Illuminate\\Database\\Connection.php(1230): call_user_func()
#6 C:\\Web2Proyecto\\proyectolaravel\\example-app\\vendor\\laravel\\framework\\src\\Illuminate\\Database\\Connection.php(1480): Illuminate\\Database\\Connection->getPdo()
#7 C:\\Web2Proyecto\\proyectolaravel\\example-app\\vendor\\laravel\\framework\\src\\Illuminate\\Database\\Concerns\\ManagesTransactions.php(154): Illuminate\\Database\\Connection->executeBeginTransactionStatement()
#8 C:\\Web2Proyecto\\proyectolaravel\\example-app\\vendor\\laravel\\framework\\src\\Illuminate\\Database\\Concerns\\ManagesTransactions.php(130): Illuminate\\Database\\Connection->createTransaction()
#9 C:\\Web2Proyecto\\proyectolaravel\\example-app\\vendor\\laravel\\framework\\src\\Illuminate\\Database\\Concerns\\ManagesTransactions.php(29): Illuminate\\Database\\Connection->beginTransaction()
#10 C:\\Web2Proyecto\\proyectolaravel\\example-app\\vendor\\laravel\\framework\\src\\Illuminate\\Queue\\DatabaseQueue.php(285): Illuminate\\Database\\Connection->transaction()
#11 C:\\Web2Proyecto\\proyectolaravel\\example-app\\vendor\\laravel\\framework\\src\\Illuminate\\Queue\\Worker.php(360): Illuminate\\Queue\\DatabaseQueue->pop()
#12 C:\\Web2Proyecto\\proyectolaravel\\example-app\\vendor\\laravel\\framework\\src\\Illuminate\\Queue\\Worker.php(375): Illuminate\\Queue\\Worker->{closure:Illuminate\\Queue\\Worker::getNextJob():359}()
#13 C:\\Web2Proyecto\\proyectolaravel\\example-app\\vendor\\laravel\\framework\\src\\Illuminate\\Queue\\Worker.php(336): Illuminate\\Queue\\Worker->getNextJob()
#14 C:\\Web2Proyecto\\proyectolaravel\\example-app\\vendor\\laravel\\framework\\src\\Illuminate\\Queue\\Console\\WorkCommand.php(148): Illuminate\\Queue\\Worker->runNextJob()
#15 C:\\Web2Proyecto\\proyectolaravel\\example-app\\vendor\\laravel\\framework\\src\\Illuminate\\Queue\\Console\\WorkCommand.php(131): Illuminate\\Queue\\Console\\WorkCommand->runWorker()
#16 C:\\Web2Proyecto\\proyectolaravel\\example-app\\vendor\\laravel\\framework\\src\\Illuminate\\Container\\BoundMethod.php(36): Illuminate\\Queue\\Console\\WorkCommand->handle()
#17 C:\\Web2Proyecto\\proyectolaravel\\example-app\\vendor\\laravel\\framework\\src\\Illuminate\\Container\\Util.php(43): Illuminate\\Container\\BoundMethod::{closure:Illuminate\\Container\\BoundMethod::call():35}()
#18 C:\\Web2Proyecto\\proyectolaravel\\example-app\\vendor\\laravel\\framework\\src\\Illuminate\\Container\\BoundMethod.php(96): Illuminate\\Container\\Util::unwrapIfClosure()
#19 C:\\Web2Proyecto\\proyectolaravel\\example-app\\vendor\\laravel\\framework\\src\\Illuminate\\Container\\BoundMethod.php(35): Illuminate\\Container\\BoundMethod::callBoundMethod()
#20 C:\\Web2Proyecto\\proyectolaravel\\example-app\\vendor\\laravel\\framework\\src\\Illuminate\\Container\\Container.php(836): Illuminate\\Container\\BoundMethod::call()
#21 C:\\Web2Proyecto\\proyectolaravel\\example-app\\vendor\\laravel\\framework\\src\\Illuminate\\Console\\Command.php(211): Illuminate\\Container\\Container->call()
#22 C:\\Web2Proyecto\\proyectolaravel\\example-app\\vendor\\symfony\\console\\Command\\Command.php(318): Illuminate\\Console\\Command->execute()
#23 C:\\Web2Proyecto\\proyectolaravel\\example-app\\vendor\\laravel\\framework\\src\\Illuminate\\Console\\Command.php(180): Symfony\\Component\\Console\\Command\\Command->run()
#24 C:\\Web2Proyecto\\proyectolaravel\\example-app\\vendor\\symfony\\console\\Application.php(1110): Illuminate\\Console\\Command->run()
#25 C:\\Web2Proyecto\\proyectolaravel\\example-app\\vendor\\symfony\\console\\Application.php(359): Symfony\\Component\\Console\\Application->doRunCommand()
#26 C:\\Web2Proyecto\\proyectolaravel\\example-app\\vendor\\symfony\\console\\Application.php(194): Symfony\\Component\\Console\\Application->doRun()
#27 C:\\Web2Proyecto\\proyectolaravel\\example-app\\vendor\\laravel\\framework\\src\\Illuminate\\Foundation\\Console\\Kernel.php(197): Symfony\\Component\\Console\\Application->run()
#28 C:\\Web2Proyecto\\proyectolaravel\\example-app\\vendor\\laravel\\framework\\src\\Illuminate\\Foundation\\Application.php(1235): Illuminate\\Foundation\\Console\\Kernel->handle()
#29 C:\\Web2Proyecto\\proyectolaravel\\example-app\\artisan(16): Illuminate\\Foundation\\Application->handleCommand()
#30 {main}
"} 
[2025-10-08 12:21:36] local.ERROR: SQLSTATE[08006] [7] connection to server at "127.0.0.1", port 5432 failed: fe_sendauth: no password supplied {"exception":"[object] (PDOException(code: 7): SQLSTATE[08006] [7] connection to server at \"127.0.0.1\", port 5432 failed: fe_sendauth: no password supplied at C:\\Web2Proyecto\\proyectolaravel\\example-app\\vendor\\laravel\\framework\\src\\Illuminate\\Database\\Connectors\\Connector.php:67)
[stacktrace]
#0 C:\\Web2Proyecto\\proyectolaravel\\example-app\\vendor\\laravel\\framework\\src\\Illuminate\\Database\\Connectors\\Connector.php(67): PDO::connect()
#1 C:\\Web2Proyecto\\proyectolaravel\\example-app\\vendor\\laravel\\framework\\src\\Illuminate\\Database\\Connectors\\Connector.php(44): Illuminate\\Database\\Connectors\\Connector->createPdoConnection()
#2 C:\\Web2Proyecto\\proyectolaravel\\example-app\\vendor\\laravel\\framework\\src\\Illuminate\\Database\\Connectors\\PostgresConnector.php(35): Illuminate\\Database\\Connectors\\Connector->createConnection()
#3 C:\\Web2Proyecto\\proyectolaravel\\example-app\\vendor\\laravel\\framework\\src\\Illuminate\\Database\\Connectors\\ConnectionFactory.php(184): Illuminate\\Database\\Connectors\\PostgresConnector->connect()
#4 [internal function]: Illuminate\\Database\\Connectors\\ConnectionFactory->{closure:Illuminate\\Database\\Connectors\\ConnectionFactory::createPdoResolverWithHosts():179}()
#5 C:\\Web2Proyecto\\proyectolaravel\\example-app\\vendor\\laravel\\framework\\src\\Illuminate\\Database\\Connection.php(1230): call_user_func()
#6 C:\\Web2Proyecto\\proyectolaravel\\example-app\\vendor\\laravel\\framework\\src\\Illuminate\\Database\\Connection.php(1480): Illuminate\\Database\\Connection->getPdo()
#7 C:\\Web2Proyecto\\proyectolaravel\\example-app\\vendor\\laravel\\framework\\src\\Illuminate\\Database\\Concerns\\ManagesTransactions.php(154): Illuminate\\Database\\Connection->executeBeginTransactionStatement()
#8 C:\\Web2Proyecto\\proyectolaravel\\example-app\\vendor\\laravel\\framework\\src\\Illuminate\\Database\\Concerns\\ManagesTransactions.php(130): Illuminate\\Database\\Connection->createTransaction()
#9 C:\\Web2Proyecto\\proyectolaravel\\example-app\\vendor\\laravel\\framework\\src\\Illuminate\\Database\\Concerns\\ManagesTransactions.php(29): Illuminate\\Database\\Connection->beginTransaction()
#10 C:\\Web2Proyecto\\proyectolaravel\\example-app\\vendor\\laravel\\framework\\src\\Illuminate\\Queue\\DatabaseQueue.php(285): Illuminate\\Database\\Connection->transaction()
#11 C:\\Web2Proyecto\\proyectolaravel\\example-app\\vendor\\laravel\\framework\\src\\Illuminate\\Queue\\Worker.php(360): Illuminate\\Queue\\DatabaseQueue->pop()
#12 C:\\Web2Proyecto\\proyectolaravel\\example-app\\vendor\\laravel\\framework\\src\\Illuminate\\Queue\\Worker.php(375): Illuminate\\Queue\\Worker->{closure:Illuminate\\Queue\\Worker::getNextJob():359}()
#13 C:\\Web2Proyecto\\proyectolaravel\\example-app\\vendor\\laravel\\framework\\src\\Illuminate\\Queue\\Worker.php(336): Illuminate\\Queue\\Worker->getNextJob()
#14 C:\\Web2Proyecto\\proyectolaravel\\example-app\\vendor\\laravel\\framework\\src\\Illuminate\\Queue\\Console\\WorkCommand.php(148): Illuminate\\Queue\\Worker->runNextJob()
#15 C:\\Web2Proyecto\\proyectolaravel\\example-app\\vendor\\laravel\\framework\\src\\Illuminate\\Queue\\Console\\WorkCommand.php(131): Illuminate\\Queue\\Console\\WorkCommand->runWorker()
#16 C:\\Web2Proyecto\\proyectolaravel\\example-app\\vendor\\laravel\\framework\\src\\Illuminate\\Container\\BoundMethod.php(36): Illuminate\\Queue\\Console\\WorkCommand->handle()
#17 C:\\Web2Proyecto\\proyectolaravel\\example-app\\vendor\\laravel\\framework\\src\\Illuminate\\Container\\Util.php(43): Illuminate\\Container\\BoundMethod::{closure:Illuminate\\Container\\BoundMethod::call():35}()
#18 C:\\Web2Proyecto\\proyectolaravel\\example-app\\vendor\\laravel\\framework\\src\\Illuminate\\Container\\BoundMethod.php(96): Illuminate\\Container\\Util::unwrapIfClosure()
#19 C:\\Web2Proyecto\\proyectolaravel\\example-app\\vendor\\laravel\\framework\\src\\Illuminate\\Container\\BoundMethod.php(35): Illuminate\\Container\\BoundMethod::callBoundMethod()
#20 C:\\Web2Proyecto\\proyectolaravel\\example-app\\vendor\\laravel\\framework\\src\\Illuminate\\Container\\Container.php(836): Illuminate\\Container\\BoundMethod::call()
#21 C:\\Web2Proyecto\\proyectolaravel\\example-app\\vendor\\laravel\\framework\\src\\Illuminate\\Console\\Command.php(211): Illuminate\\Container\\Container->call()
#22 C:\\Web2Proyecto\\proyectolaravel\\example-app\\vendor\\symfony\\console\\Command\\Command.php(318): Illuminate\\Console\\Command->execute()
#23 C:\\Web2Proyecto\\proyectolaravel\\example-app\\vendor\\laravel\\framework\\src\\Illuminate\\Console\\Command.php(180): Symfony\\Component\\Console\\Command\\Command->run()
#24 C:\\Web2Proyecto\\proyectolaravel\\example-app\\vendor\\symfony\\console\\Application.php(1110): Illuminate\\Console\\Command->run()
#25 C:\\Web2Proyecto\\proyectolaravel\\example-app\\vendor\\symfony\\console\\Application.php(359): Symfony\\Component\\Console\\Application->doRunCommand()
#26 C:\\Web2Proyecto\\proyectolaravel\\example-app\\vendor\\symfony\\console\\Application.php(194): Symfony\\Component\\Console\\Application->doRun()
#27 C:\\Web2Proyecto\\proyectolaravel\\example-app\\vendor\\laravel\\framework\\src\\Illuminate\\Foundation\\Console\\Kernel.php(197): Symfony\\Component\\Console\\Application->run()
#28 C:\\Web2Proyecto\\proyectolaravel\\example-app\\vendor\\laravel\\framework\\src\\Illuminate\\Foundation\\Application.php(1235): Illuminate\\Foundation\\Console\\Kernel->handle()
#29 C:\\Web2Proyecto\\proyectolaravel\\example-app\\artisan(16): Illuminate\\Foundation\\Application->handleCommand()
#30 {main}
"} 
[2025-10-08 13:28:48] local.ERROR: Undefined variable $tyable {"exception":"[object] (ErrorException(code: 0): Undefined variable $tyable at C:\\Web2Proyecto\\proyectolaravel\\example-app\\database\\migrations\\2025_10_08_131557_create_productos_table.php:16)
[stacktrace]
#0 C:\\Web2Proyecto\\proyectolaravel\\example-app\\vendor\\laravel\\framework\\src\\Illuminate\\Foundation\\Bootstrap\\HandleExceptions.php(258): Illuminate\\Foundation\\Bootstrap\\HandleExceptions->handleError()
#1 C:\\Web2Proyecto\\proyectolaravel\\example-app\\database\\migrations\\2025_10_08_131557_create_productos_table.php(16): Illuminate\\Foundation\\Bootstrap\\HandleExceptions->{closure:Illuminate\\Foundation\\Bootstrap\\HandleExceptions::forwardsTo():257}()
#2 C:\\Web2Proyecto\\proyectolaravel\\example-app\\vendor\\laravel\\framework\\src\\Illuminate\\Database\\Schema\\Builder.php(475): Illuminate\\Database\\Migrations\\Migration@anonymous->{closure:Illuminate\\Database\\Migrations\\Migration@anonymous()
#3 C:\\Web2Proyecto\\proyectolaravel\\example-app\\vendor\\laravel\\framework\\src\\Illuminate\\Support\\helpers.php(390): Illuminate\\Database\\Schema\\Builder->{closure:Illuminate\\Database\\Schema\\Builder::create():472}()
#4 C:\\Web2Proyecto\\proyectolaravel\\example-app\\vendor\\laravel\\framework\\src\\Illuminate\\Database\\Schema\\Builder.php(472): tap()
#5 C:\\Web2Proyecto\\proyectolaravel\\example-app\\vendor\\laravel\\framework\\src\\Illuminate\\Support\\Facades\\Facade.php(363): Illuminate\\Database\\Schema\\Builder->create()
#6 C:\\Web2Proyecto\\proyectolaravel\\example-app\\database\\migrations\\2025_10_08_131557_create_productos_table.php(14): Illuminate\\Support\\Facades\\Facade::__callStatic()
#7 C:\\Web2Proyecto\\proyectolaravel\\example-app\\vendor\\laravel\\framework\\src\\Illuminate\\Database\\Migrations\\Migrator.php(514): Illuminate\\Database\\Migrations\\Migration@anonymous->up()
#8 C:\\Web2Proyecto\\proyectolaravel\\example-app\\vendor\\laravel\\framework\\src\\Illuminate\\Database\\Migrations\\Migrator.php(439): Illuminate\\Database\\Migrations\\Migrator->runMethod()
#9 C:\\Web2Proyecto\\proyectolaravel\\example-app\\vendor\\laravel\\framework\\src\\Illuminate\\Database\\Concerns\\ManagesTransactions.php(35): Illuminate\\Database\\Migrations\\Migrator->{closure:Illuminate\\Database\\Migrations\\Migrator::runMigration():435}()
#10 C:\\Web2Proyecto\\proyectolaravel\\example-app\\vendor\\laravel\\framework\\src\\Illuminate\\Database\\Migrations\\Migrator.php(447): Illuminate\\Database\\Connection->transaction()
#11 C:\\Web2Proyecto\\proyectolaravel\\example-app\\vendor\\laravel\\framework\\src\\Illuminate\\Database\\Migrations\\Migrator.php(250): Illuminate\\Database\\Migrations\\Migrator->runMigration()
#12 C:\\Web2Proyecto\\proyectolaravel\\example-app\\vendor\\laravel\\framework\\src\\Illuminate\\Console\\View\\Components\\Task.php(41): Illuminate\\Database\\Migrations\\Migrator->{closure:Illuminate\\Database\\Migrations\\Migrator::runUp():250}()
#13 C:\\Web2Proyecto\\proyectolaravel\\example-app\\vendor\\laravel\\framework\\src\\Illuminate\\Database\\Migrations\\Migrator.php(809): Illuminate\\Console\\View\\Components\\Task->render()
#14 C:\\Web2Proyecto\\proyectolaravel\\example-app\\vendor\\laravel\\framework\\src\\Illuminate\\Database\\Migrations\\Migrator.php(250): Illuminate\\Database\\Migrations\\Migrator->write()
#15 C:\\Web2Proyecto\\proyectolaravel\\example-app\\vendor\\laravel\\framework\\src\\Illuminate\\Database\\Migrations\\Migrator.php(210): Illuminate\\Database\\Migrations\\Migrator->runUp()
#16 C:\\Web2Proyecto\\proyectolaravel\\example-app\\vendor\\laravel\\framework\\src\\Illuminate\\Database\\Migrations\\Migrator.php(137): Illuminate\\Database\\Migrations\\Migrator->runPending()
#17 C:\\Web2Proyecto\\proyectolaravel\\example-app\\vendor\\laravel\\framework\\src\\Illuminate\\Database\\Console\\Migrations\\MigrateCommand.php(116): Illuminate\\Database\\Migrations\\Migrator->run()
#18 C:\\Web2Proyecto\\proyectolaravel\\example-app\\vendor\\laravel\\framework\\src\\Illuminate\\Database\\Migrations\\Migrator.php(666): Illuminate\\Database\\Console\\Migrations\\MigrateCommand->{closure:Illuminate\\Database\\Console\\Migrations\\MigrateCommand::runMigrations():109}()
#19 C:\\Web2Proyecto\\proyectolaravel\\example-app\\vendor\\laravel\\framework\\src\\Illuminate\\Database\\Console\\Migrations\\MigrateCommand.php(109): Illuminate\\Database\\Migrations\\Migrator->usingConnection()
#20 C:\\Web2Proyecto\\proyectolaravel\\example-app\\vendor\\laravel\\framework\\src\\Illuminate\\Database\\Console\\Migrations\\MigrateCommand.php(88): Illuminate\\Database\\Console\\Migrations\\MigrateCommand->runMigrations()
#21 C:\\Web2Proyecto\\proyectolaravel\\example-app\\vendor\\laravel\\framework\\src\\Illuminate\\Container\\BoundMethod.php(36): Illuminate\\Database\\Console\\Migrations\\MigrateCommand->handle()
#22 C:\\Web2Proyecto\\proyectolaravel\\example-app\\vendor\\laravel\\framework\\src\\Illuminate\\Container\\Util.php(43): Illuminate\\Container\\BoundMethod::{closure:Illuminate\\Container\\BoundMethod::call():35}()
#23 C:\\Web2Proyecto\\proyectolaravel\\example-app\\vendor\\laravel\\framework\\src\\Illuminate\\Container\\BoundMethod.php(96): Illuminate\\Container\\Util::unwrapIfClosure()
#24 C:\\Web2Proyecto\\proyectolaravel\\example-app\\vendor\\laravel\\framework\\src\\Illuminate\\Container\\BoundMethod.php(35): Illuminate\\Container\\BoundMethod::callBoundMethod()
#25 C:\\Web2Proyecto\\proyectolaravel\\example-app\\vendor\\laravel\\framework\\src\\Illuminate\\Container\\Container.php(836): Illuminate\\Container\\BoundMethod::call()
#26 C:\\Web2Proyecto\\proyectolaravel\\example-app\\vendor\\laravel\\framework\\src\\Illuminate\\Console\\Command.php(211): Illuminate\\Container\\Container->call()
#27 C:\\Web2Proyecto\\proyectolaravel\\example-app\\vendor\\symfony\\console\\Command\\Command.php(318): Illuminate\\Console\\Command->execute()
#28 C:\\Web2Proyecto\\proyectolaravel\\example-app\\vendor\\laravel\\framework\\src\\Illuminate\\Console\\Command.php(180): Symfony\\Component\\Console\\Command\\Command->run()
#29 C:\\Web2Proyecto\\proyectolaravel\\example-app\\vendor\\symfony\\console\\Application.php(1110): Illuminate\\Console\\Command->run()
#30 C:\\Web2Proyecto\\proyectolaravel\\example-app\\vendor\\symfony\\console\\Application.php(359): Symfony\\Component\\Console\\Application->doRunCommand()
#31 C:\\Web2Proyecto\\proyectolaravel\\example-app\\vendor\\symfony\\console\\Application.php(194): Symfony\\Component\\Console\\Application->doRun()
#32 C:\\Web2Proyecto\\proyectolaravel\\example-app\\vendor\\laravel\\framework\\src\\Illuminate\\Foundation\\Console\\Kernel.php(197): Symfony\\Component\\Console\\Application->run()
#33 C:\\Web2Proyecto\\proyectolaravel\\example-app\\vendor\\laravel\\framework\\src\\Illuminate\\Foundation\\Application.php(1235): Illuminate\\Foundation\\Console\\Kernel->handle()
#34 C:\\Web2Proyecto\\proyectolaravel\\example-app\\artisan(16): Illuminate\\Foundation\\Application->handleCommand()
#35 {main}
"} 
[2025-10-08 15:09:49] local.ERROR: Call to a member function constrained() on string {"exception":"[object] (Error(code: 0): Call to a member function constrained() on string at C:\\Web2Proyecto\\proyectolaravel\\example-app\\database\\migrations\\2025_10_08_131557_create_productos_table.php:16)
[stacktrace]
#0 C:\\Web2Proyecto\\proyectolaravel\\example-app\\vendor\\laravel\\framework\\src\\Illuminate\\Database\\Schema\\Builder.php(475): Illuminate\\Database\\Migrations\\Migration@anonymous->{closure:Illuminate\\Database\\Migrations\\Migration@anonymous()
#1 C:\\Web2Proyecto\\proyectolaravel\\example-app\\vendor\\laravel\\framework\\src\\Illuminate\\Support\\helpers.php(390): Illuminate\\Database\\Schema\\Builder->{closure:Illuminate\\Database\\Schema\\Builder::create():472}()
#2 C:\\Web2Proyecto\\proyectolaravel\\example-app\\vendor\\laravel\\framework\\src\\Illuminate\\Database\\Schema\\Builder.php(472): tap()
#3 C:\\Web2Proyecto\\proyectolaravel\\example-app\\vendor\\laravel\\framework\\src\\Illuminate\\Support\\Facades\\Facade.php(363): Illuminate\\Database\\Schema\\Builder->create()
#4 C:\\Web2Proyecto\\proyectolaravel\\example-app\\database\\migrations\\2025_10_08_131557_create_productos_table.php(14): Illuminate\\Support\\Facades\\Facade::__callStatic()
#5 C:\\Web2Proyecto\\proyectolaravel\\example-app\\vendor\\laravel\\framework\\src\\Illuminate\\Database\\Migrations\\Migrator.php(514): Illuminate\\Database\\Migrations\\Migration@anonymous->up()
#6 C:\\Web2Proyecto\\proyectolaravel\\example-app\\vendor\\laravel\\framework\\src\\Illuminate\\Database\\Migrations\\Migrator.php(439): Illuminate\\Database\\Migrations\\Migrator->runMethod()
#7 C:\\Web2Proyecto\\proyectolaravel\\example-app\\vendor\\laravel\\framework\\src\\Illuminate\\Database\\Concerns\\ManagesTransactions.php(35): Illuminate\\Database\\Migrations\\Migrator->{closure:Illuminate\\Database\\Migrations\\Migrator::runMigration():435}()
#8 C:\\Web2Proyecto\\proyectolaravel\\example-app\\vendor\\laravel\\framework\\src\\Illuminate\\Database\\Migrations\\Migrator.php(447): Illuminate\\Database\\Connection->transaction()
#9 C:\\Web2Proyecto\\proyectolaravel\\example-app\\vendor\\laravel\\framework\\src\\Illuminate\\Database\\Migrations\\Migrator.php(250): Illuminate\\Database\\Migrations\\Migrator->runMigration()
#10 C:\\Web2Proyecto\\proyectolaravel\\example-app\\vendor\\laravel\\framework\\src\\Illuminate\\Console\\View\\Components\\Task.php(41): Illuminate\\Database\\Migrations\\Migrator->{closure:Illuminate\\Database\\Migrations\\Migrator::runUp():250}()
#11 C:\\Web2Proyecto\\proyectolaravel\\example-app\\vendor\\laravel\\framework\\src\\Illuminate\\Database\\Migrations\\Migrator.php(809): Illuminate\\Console\\View\\Components\\Task->render()
#12 C:\\Web2Proyecto\\proyectolaravel\\example-app\\vendor\\laravel\\framework\\src\\Illuminate\\Database\\Migrations\\Migrator.php(250): Illuminate\\Database\\Migrations\\Migrator->write()
#13 C:\\Web2Proyecto\\proyectolaravel\\example-app\\vendor\\laravel\\framework\\src\\Illuminate\\Database\\Migrations\\Migrator.php(210): Illuminate\\Database\\Migrations\\Migrator->runUp()
#14 C:\\Web2Proyecto\\proyectolaravel\\example-app\\vendor\\laravel\\framework\\src\\Illuminate\\Database\\Migrations\\Migrator.php(137): Illuminate\\Database\\Migrations\\Migrator->runPending()
#15 C:\\Web2Proyecto\\proyectolaravel\\example-app\\vendor\\laravel\\framework\\src\\Illuminate\\Database\\Console\\Migrations\\MigrateCommand.php(116): Illuminate\\Database\\Migrations\\Migrator->run()
#16 C:\\Web2Proyecto\\proyectolaravel\\example-app\\vendor\\laravel\\framework\\src\\Illuminate\\Database\\Migrations\\Migrator.php(666): Illuminate\\Database\\Console\\Migrations\\MigrateCommand->{closure:Illuminate\\Database\\Console\\Migrations\\MigrateCommand::runMigrations():109}()
#17 C:\\Web2Proyecto\\proyectolaravel\\example-app\\vendor\\laravel\\framework\\src\\Illuminate\\Database\\Console\\Migrations\\MigrateCommand.php(109): Illuminate\\Database\\Migrations\\Migrator->usingConnection()
#18 C:\\Web2Proyecto\\proyectolaravel\\example-app\\vendor\\laravel\\framework\\src\\Illuminate\\Database\\Console\\Migrations\\MigrateCommand.php(88): Illuminate\\Database\\Console\\Migrations\\MigrateCommand->runMigrations()
#19 C:\\Web2Proyecto\\proyectolaravel\\example-app\\vendor\\laravel\\framework\\src\\Illuminate\\Container\\BoundMethod.php(36): Illuminate\\Database\\Console\\Migrations\\MigrateCommand->handle()
#20 C:\\Web2Proyecto\\proyectolaravel\\example-app\\vendor\\laravel\\framework\\src\\Illuminate\\Container\\Util.php(43): Illuminate\\Container\\BoundMethod::{closure:Illuminate\\Container\\BoundMethod::call():35}()
#21 C:\\Web2Proyecto\\proyectolaravel\\example-app\\vendor\\laravel\\framework\\src\\Illuminate\\Container\\BoundMethod.php(96): Illuminate\\Container\\Util::unwrapIfClosure()
#22 C:\\Web2Proyecto\\proyectolaravel\\example-app\\vendor\\laravel\\framework\\src\\Illuminate\\Container\\BoundMethod.php(35): Illuminate\\Container\\BoundMethod::callBoundMethod()
#23 C:\\Web2Proyecto\\proyectolaravel\\example-app\\vendor\\laravel\\framework\\src\\Illuminate\\Container\\Container.php(836): Illuminate\\Container\\BoundMethod::call()
#24 C:\\Web2Proyecto\\proyectolaravel\\example-app\\vendor\\laravel\\framework\\src\\Illuminate\\Console\\Command.php(211): Illuminate\\Container\\Container->call()
#25 C:\\Web2Proyecto\\proyectolaravel\\example-app\\vendor\\symfony\\console\\Command\\Command.php(318): Illuminate\\Console\\Command->execute()
#26 C:\\Web2Proyecto\\proyectolaravel\\example-app\\vendor\\laravel\\framework\\src\\Illuminate\\Console\\Command.php(180): Symfony\\Component\\Console\\Command\\Command->run()
#27 C:\\Web2Proyecto\\proyectolaravel\\example-app\\vendor\\symfony\\console\\Application.php(1110): Illuminate\\Console\\Command->run()
#28 C:\\Web2Proyecto\\proyectolaravel\\example-app\\vendor\\symfony\\console\\Application.php(359): Symfony\\Component\\Console\\Application->doRunCommand()
#29 C:\\Web2Proyecto\\proyectolaravel\\example-app\\vendor\\symfony\\console\\Application.php(194): Symfony\\Component\\Console\\Application->doRun()
#30 C:\\Web2Proyecto\\proyectolaravel\\example-app\\vendor\\laravel\\framework\\src\\Illuminate\\Foundation\\Console\\Kernel.php(197): Symfony\\Component\\Console\\Application->run()
#31 C:\\Web2Proyecto\\proyectolaravel\\example-app\\vendor\\laravel\\framework\\src\\Illuminate\\Foundation\\Application.php(1235): Illuminate\\Foundation\\Console\\Kernel->handle()
#32 C:\\Web2Proyecto\\proyectolaravel\\example-app\\artisan(16): Illuminate\\Foundation\\Application->handleCommand()
#33 {main}
"} 
[2025-10-10 22:27:09] local.ERROR: SQLSTATE[08006] [7] connection to server at "127.0.0.1", port 5432 failed: FATAL:  la autentificación password falló para el usuario «postgre» (Connection: pgsql, SQL: select exists (select 1 from pg_class c, pg_namespace n where n.nspname = current_schema() and c.relname = 'migrations' and c.relkind in ('r', 'p') and n.oid = c.relnamespace)) {"exception":"[object] (Illuminate\\Database\\QueryException(code: 7): SQLSTATE[08006] [7] connection to server at \"127.0.0.1\", port 5432 failed: FATAL:  la autentificaciï¿½n password fallï¿½ para el usuario ï¿½postgreï¿½ (Connection: pgsql, SQL: select exists (select 1 from pg_class c, pg_namespace n where n.nspname = current_schema() and c.relname = 'migrations' and c.relkind in ('r', 'p') and n.oid = c.relnamespace)) at C:\\Web2Proyecto\\proyectolaravel\\example-app\\vendor\\laravel\\framework\\src\\Illuminate\\Database\\Connection.php:824)
[stacktrace]
#0 C:\\Web2Proyecto\\proyectolaravel\\example-app\\vendor\\laravel\\framework\\src\\Illuminate\\Database\\Connection.php(778): Illuminate\\Database\\Connection->runQueryCallback()
#1 C:\\Web2Proyecto\\proyectolaravel\\example-app\\vendor\\laravel\\framework\\src\\Illuminate\\Database\\Connection.php(397): Illuminate\\Database\\Connection->run()
#2 C:\\Web2Proyecto\\proyectolaravel\\example-app\\vendor\\laravel\\framework\\src\\Illuminate\\Database\\Connection.php(343): Illuminate\\Database\\Connection->select()
#3 C:\\Web2Proyecto\\proyectolaravel\\example-app\\vendor\\laravel\\framework\\src\\Illuminate\\Database\\Connection.php(360): Illuminate\\Database\\Connection->selectOne()
#4 C:\\Web2Proyecto\\proyectolaravel\\example-app\\vendor\\laravel\\framework\\src\\Illuminate\\Database\\Schema\\Builder.php(174): Illuminate\\Database\\Connection->scalar()
#5 C:\\Web2Proyecto\\proyectolaravel\\example-app\\vendor\\laravel\\framework\\src\\Illuminate\\Database\\Migrations\\DatabaseMigrationRepository.php(185): Illuminate\\Database\\Schema\\Builder->hasTable()
#6 C:\\Web2Proyecto\\proyectolaravel\\example-app\\vendor\\laravel\\framework\\src\\Illuminate\\Database\\Migrations\\Migrator.php(753): Illuminate\\Database\\Migrations\\DatabaseMigrationRepository->repositoryExists()
#7 C:\\Web2Proyecto\\proyectolaravel\\example-app\\vendor\\laravel\\framework\\src\\Illuminate\\Database\\Console\\Migrations\\MigrateCommand.php(164): Illuminate\\Database\\Migrations\\Migrator->repositoryExists()
#8 C:\\Web2Proyecto\\proyectolaravel\\example-app\\vendor\\laravel\\framework\\src\\Illuminate\\Support\\helpers.php(329): Illuminate\\Database\\Console\\Migrations\\MigrateCommand->{closure:Illuminate\\Database\\Console\\Migrations\\MigrateCommand::repositoryExists():164}()
#9 C:\\Web2Proyecto\\proyectolaravel\\example-app\\vendor\\laravel\\framework\\src\\Illuminate\\Database\\Console\\Migrations\\MigrateCommand.php(164): retry()
#10 C:\\Web2Proyecto\\proyectolaravel\\example-app\\vendor\\laravel\\framework\\src\\Illuminate\\Database\\Console\\Migrations\\MigrateCommand.php(140): Illuminate\\Database\\Console\\Migrations\\MigrateCommand->repositoryExists()
#11 C:\\Web2Proyecto\\proyectolaravel\\example-app\\vendor\\laravel\\framework\\src\\Illuminate\\Database\\Console\\Migrations\\MigrateCommand.php(110): Illuminate\\Database\\Console\\Migrations\\MigrateCommand->prepareDatabase()
#12 C:\\Web2Proyecto\\proyectolaravel\\example-app\\vendor\\laravel\\framework\\src\\Illuminate\\Database\\Migrations\\Migrator.php(666): Illuminate\\Database\\Console\\Migrations\\MigrateCommand->{closure:Illuminate\\Database\\Console\\Migrations\\MigrateCommand::runMigrations():109}()
#13 C:\\Web2Proyecto\\proyectolaravel\\example-app\\vendor\\laravel\\framework\\src\\Illuminate\\Database\\Console\\Migrations\\MigrateCommand.php(109): Illuminate\\Database\\Migrations\\Migrator->usingConnection()
#14 C:\\Web2Proyecto\\proyectolaravel\\example-app\\vendor\\laravel\\framework\\src\\Illuminate\\Database\\Console\\Migrations\\MigrateCommand.php(88): Illuminate\\Database\\Console\\Migrations\\MigrateCommand->runMigrations()
#15 C:\\Web2Proyecto\\proyectolaravel\\example-app\\vendor\\laravel\\framework\\src\\Illuminate\\Container\\BoundMethod.php(36): Illuminate\\Database\\Console\\Migrations\\MigrateCommand->handle()
#16 C:\\Web2Proyecto\\proyectolaravel\\example-app\\vendor\\laravel\\framework\\src\\Illuminate\\Container\\Util.php(43): Illuminate\\Container\\BoundMethod::{closure:Illuminate\\Container\\BoundMethod::call():35}()
#17 C:\\Web2Proyecto\\proyectolaravel\\example-app\\vendor\\laravel\\framework\\src\\Illuminate\\Container\\BoundMethod.php(96): Illuminate\\Container\\Util::unwrapIfClosure()
#18 C:\\Web2Proyecto\\proyectolaravel\\example-app\\vendor\\laravel\\framework\\src\\Illuminate\\Container\\BoundMethod.php(35): Illuminate\\Container\\BoundMethod::callBoundMethod()
#19 C:\\Web2Proyecto\\proyectolaravel\\example-app\\vendor\\laravel\\framework\\src\\Illuminate\\Container\\Container.php(836): Illuminate\\Container\\BoundMethod::call()
#20 C:\\Web2Proyecto\\proyectolaravel\\example-app\\vendor\\laravel\\framework\\src\\Illuminate\\Console\\Command.php(211): Illuminate\\Container\\Container->call()
#21 C:\\Web2Proyecto\\proyectolaravel\\example-app\\vendor\\symfony\\console\\Command\\Command.php(318): Illuminate\\Console\\Command->execute()
#22 C:\\Web2Proyecto\\proyectolaravel\\example-app\\vendor\\laravel\\framework\\src\\Illuminate\\Console\\Command.php(180): Symfony\\Component\\Console\\Command\\Command->run()
#23 C:\\Web2Proyecto\\proyectolaravel\\example-app\\vendor\\symfony\\console\\Application.php(1110): Illuminate\\Console\\Command->run()
#24 C:\\Web2Proyecto\\proyectolaravel\\example-app\\vendor\\symfony\\console\\Application.php(359): Symfony\\Component\\Console\\Application->doRunCommand()
#25 C:\\Web2Proyecto\\proyectolaravel\\example-app\\vendor\\symfony\\console\\Application.php(194): Symfony\\Component\\Console\\Application->doRun()
#26 C:\\Web2Proyecto\\proyectolaravel\\example-app\\vendor\\laravel\\framework\\src\\Illuminate\\Foundation\\Console\\Kernel.php(197): Symfony\\Component\\Console\\Application->run()
#27 C:\\Web2Proyecto\\proyectolaravel\\example-app\\vendor\\laravel\\framework\\src\\Illuminate\\Foundation\\Application.php(1235): Illuminate\\Foundation\\Console\\Kernel->handle()
#28 C:\\Web2Proyecto\\proyectolaravel\\example-app\\artisan(16): Illuminate\\Foundation\\Application->handleCommand()
#29 {main}

[previous exception] [object] (PDOException(code: 7): SQLSTATE[08006] [7] connection to server at \"127.0.0.1\", port 5432 failed: FATAL:  la autentificaciï¿½n password fallï¿½ para el usuario ï¿½postgreï¿½ at C:\\Web2Proyecto\\proyectolaravel\\example-app\\vendor\\laravel\\framework\\src\\Illuminate\\Database\\Connectors\\Connector.php:67)
[stacktrace]
#0 C:\\Web2Proyecto\\proyectolaravel\\example-app\\vendor\\laravel\\framework\\src\\Illuminate\\Database\\Connectors\\Connector.php(67): PDO::connect()
#1 C:\\Web2Proyecto\\proyectolaravel\\example-app\\vendor\\laravel\\framework\\src\\Illuminate\\Database\\Connectors\\Connector.php(44): Illuminate\\Database\\Connectors\\Connector->createPdoConnection()
#2 C:\\Web2Proyecto\\proyectolaravel\\example-app\\vendor\\laravel\\framework\\src\\Illuminate\\Database\\Connectors\\PostgresConnector.php(35): Illuminate\\Database\\Connectors\\Connector->createConnection()
#3 C:\\Web2Proyecto\\proyectolaravel\\example-app\\vendor\\laravel\\framework\\src\\Illuminate\\Database\\Connectors\\ConnectionFactory.php(184): Illuminate\\Database\\Connectors\\PostgresConnector->connect()
#4 [internal function]: Illuminate\\Database\\Connectors\\ConnectionFactory->{closure:Illuminate\\Database\\Connectors\\ConnectionFactory::createPdoResolverWithHosts():179}()
#5 C:\\Web2Proyecto\\proyectolaravel\\example-app\\vendor\\laravel\\framework\\src\\Illuminate\\Database\\Connection.php(1230): call_user_func()
#6 C:\\Web2Proyecto\\proyectolaravel\\example-app\\vendor\\laravel\\framework\\src\\Illuminate\\Database\\Connection.php(1266): Illuminate\\Database\\Connection->getPdo()
#7 C:\\Web2Proyecto\\proyectolaravel\\example-app\\vendor\\laravel\\framework\\src\\Illuminate\\Database\\Connection.php(511): Illuminate\\Database\\Connection->getReadPdo()
#8 C:\\Web2Proyecto\\proyectolaravel\\example-app\\vendor\\laravel\\framework\\src\\Illuminate\\Database\\Connection.php(406): Illuminate\\Database\\Connection->getPdoForSelect()
#9 C:\\Web2Proyecto\\proyectolaravel\\example-app\\vendor\\laravel\\framework\\src\\Illuminate\\Database\\Connection.php(811): Illuminate\\Database\\Connection->{closure:Illuminate\\Database\\Connection::select():397}()
#10 C:\\Web2Proyecto\\proyectolaravel\\example-app\\vendor\\laravel\\framework\\src\\Illuminate\\Database\\Connection.php(778): Illuminate\\Database\\Connection->runQueryCallback()
#11 C:\\Web2Proyecto\\proyectolaravel\\example-app\\vendor\\laravel\\framework\\src\\Illuminate\\Database\\Connection.php(397): Illuminate\\Database\\Connection->run()
#12 C:\\Web2Proyecto\\proyectolaravel\\example-app\\vendor\\laravel\\framework\\src\\Illuminate\\Database\\Connection.php(343): Illuminate\\Database\\Connection->select()
#13 C:\\Web2Proyecto\\proyectolaravel\\example-app\\vendor\\laravel\\framework\\src\\Illuminate\\Database\\Connection.php(360): Illuminate\\Database\\Connection->selectOne()
#14 C:\\Web2Proyecto\\proyectolaravel\\example-app\\vendor\\laravel\\framework\\src\\Illuminate\\Database\\Schema\\Builder.php(174): Illuminate\\Database\\Connection->scalar()
#15 C:\\Web2Proyecto\\proyectolaravel\\example-app\\vendor\\laravel\\framework\\src\\Illuminate\\Database\\Migrations\\DatabaseMigrationRepository.php(185): Illuminate\\Database\\Schema\\Builder->hasTable()
#16 C:\\Web2Proyecto\\proyectolaravel\\example-app\\vendor\\laravel\\framework\\src\\Illuminate\\Database\\Migrations\\Migrator.php(753): Illuminate\\Database\\Migrations\\DatabaseMigrationRepository->repositoryExists()
#17 C:\\Web2Proyecto\\proyectolaravel\\example-app\\vendor\\laravel\\framework\\src\\Illuminate\\Database\\Console\\Migrations\\MigrateCommand.php(164): Illuminate\\Database\\Migrations\\Migrator->repositoryExists()
#18 C:\\Web2Proyecto\\proyectolaravel\\example-app\\vendor\\laravel\\framework\\src\\Illuminate\\Support\\helpers.php(329): Illuminate\\Database\\Console\\Migrations\\MigrateCommand->{closure:Illuminate\\Database\\Console\\Migrations\\MigrateCommand::repositoryExists():164}()
#19 C:\\Web2Proyecto\\proyectolaravel\\example-app\\vendor\\laravel\\framework\\src\\Illuminate\\Database\\Console\\Migrations\\MigrateCommand.php(164): retry()
#20 C:\\Web2Proyecto\\proyectolaravel\\example-app\\vendor\\laravel\\framework\\src\\Illuminate\\Database\\Console\\Migrations\\MigrateCommand.php(140): Illuminate\\Database\\Console\\Migrations\\MigrateCommand->repositoryExists()
#21 C:\\Web2Proyecto\\proyectolaravel\\example-app\\vendor\\laravel\\framework\\src\\Illuminate\\Database\\Console\\Migrations\\MigrateCommand.php(110): Illuminate\\Database\\Console\\Migrations\\MigrateCommand->prepareDatabase()
#22 C:\\Web2Proyecto\\proyectolaravel\\example-app\\vendor\\laravel\\framework\\src\\Illuminate\\Database\\Migrations\\Migrator.php(666): Illuminate\\Database\\Console\\Migrations\\MigrateCommand->{closure:Illuminate\\Database\\Console\\Migrations\\MigrateCommand::runMigrations():109}()
#23 C:\\Web2Proyecto\\proyectolaravel\\example-app\\vendor\\laravel\\framework\\src\\Illuminate\\Database\\Console\\Migrations\\MigrateCommand.php(109): Illuminate\\Database\\Migrations\\Migrator->usingConnection()
#24 C:\\Web2Proyecto\\proyectolaravel\\example-app\\vendor\\laravel\\framework\\src\\Illuminate\\Database\\Console\\Migrations\\MigrateCommand.php(88): Illuminate\\Database\\Console\\Migrations\\MigrateCommand->runMigrations()
#25 C:\\Web2Proyecto\\proyectolaravel\\example-app\\vendor\\laravel\\framework\\src\\Illuminate\\Container\\BoundMethod.php(36): Illuminate\\Database\\Console\\Migrations\\MigrateCommand->handle()
#26 C:\\Web2Proyecto\\proyectolaravel\\example-app\\vendor\\laravel\\framework\\src\\Illuminate\\Container\\Util.php(43): Illuminate\\Container\\BoundMethod::{closure:Illuminate\\Container\\BoundMethod::call():35}()
#27 C:\\Web2Proyecto\\proyectolaravel\\example-app\\vendor\\laravel\\framework\\src\\Illuminate\\Container\\BoundMethod.php(96): Illuminate\\Container\\Util::unwrapIfClosure()
#28 C:\\Web2Proyecto\\proyectolaravel\\example-app\\vendor\\laravel\\framework\\src\\Illuminate\\Container\\BoundMethod.php(35): Illuminate\\Container\\BoundMethod::callBoundMethod()
#29 C:\\Web2Proyecto\\proyectolaravel\\example-app\\vendor\\laravel\\framework\\src\\Illuminate\\Container\\Container.php(836): Illuminate\\Container\\BoundMethod::call()
#30 C:\\Web2Proyecto\\proyectolaravel\\example-app\\vendor\\laravel\\framework\\src\\Illuminate\\Console\\Command.php(211): Illuminate\\Container\\Container->call()
#31 C:\\Web2Proyecto\\proyectolaravel\\example-app\\vendor\\symfony\\console\\Command\\Command.php(318): Illuminate\\Console\\Command->execute()
#32 C:\\Web2Proyecto\\proyectolaravel\\example-app\\vendor\\laravel\\framework\\src\\Illuminate\\Console\\Command.php(180): Symfony\\Component\\Console\\Command\\Command->run()
#33 C:\\Web2Proyecto\\proyectolaravel\\example-app\\vendor\\symfony\\console\\Application.php(1110): Illuminate\\Console\\Command->run()
#34 C:\\Web2Proyecto\\proyectolaravel\\example-app\\vendor\\symfony\\console\\Application.php(359): Symfony\\Component\\Console\\Application->doRunCommand()
#35 C:\\Web2Proyecto\\proyectolaravel\\example-app\\vendor\\symfony\\console\\Application.php(194): Symfony\\Component\\Console\\Application->doRun()
#36 C:\\Web2Proyecto\\proyectolaravel\\example-app\\vendor\\laravel\\framework\\src\\Illuminate\\Foundation\\Console\\Kernel.php(197): Symfony\\Component\\Console\\Application->run()
#37 C:\\Web2Proyecto\\proyectolaravel\\example-app\\vendor\\laravel\\framework\\src\\Illuminate\\Foundation\\Application.php(1235): Illuminate\\Foundation\\Console\\Kernel->handle()
#38 C:\\Web2Proyecto\\proyectolaravel\\example-app\\artisan(16): Illuminate\\Foundation\\Application->handleCommand()
#39 {main}
"} 
[2025-10-16 03:45:29] local.ERROR: Target class [App\Http\Controllers\Api\ProductorController] does not exist. {"exception":"[object] (Illuminate\\Contracts\\Container\\BindingResolutionException(code: 0): Target class [App\\Http\\Controllers\\Api\\ProductorController] does not exist. at C:\\Web2Proyecto\\proyectolaravel\\example-app\\vendor\\laravel\\framework\\src\\Illuminate\\Container\\Container.php:1163)
[stacktrace]
#0 C:\\Web2Proyecto\\proyectolaravel\\example-app\\vendor\\laravel\\framework\\src\\Illuminate\\Container\\Container.php(972): Illuminate\\Container\\Container->build()
#1 C:\\Web2Proyecto\\proyectolaravel\\example-app\\vendor\\laravel\\framework\\src\\Illuminate\\Foundation\\Application.php(1078): Illuminate\\Container\\Container->resolve()
#2 C:\\Web2Proyecto\\proyectolaravel\\example-app\\vendor\\laravel\\framework\\src\\Illuminate\\Container\\Container.php(903): Illuminate\\Foundation\\Application->resolve()
#3 C:\\Web2Proyecto\\proyectolaravel\\example-app\\vendor\\laravel\\framework\\src\\Illuminate\\Foundation\\Application.php(1058): Illuminate\\Container\\Container->make()
#4 C:\\Web2Proyecto\\proyectolaravel\\example-app\\vendor\\laravel\\framework\\src\\Illuminate\\Routing\\Route.php(286): Illuminate\\Foundation\\Application->make()
#5 C:\\Web2Proyecto\\proyectolaravel\\example-app\\vendor\\laravel\\framework\\src\\Illuminate\\Routing\\Route.php(266): Illuminate\\Routing\\Route->getController()
#6 C:\\Web2Proyecto\\proyectolaravel\\example-app\\vendor\\laravel\\framework\\src\\Illuminate\\Routing\\Route.php(211): Illuminate\\Routing\\Route->runController()
#7 C:\\Web2Proyecto\\proyectolaravel\\example-app\\vendor\\laravel\\framework\\src\\Illuminate\\Routing\\Router.php(822): Illuminate\\Routing\\Route->run()
#8 C:\\Web2Proyecto\\proyectolaravel\\example-app\\vendor\\laravel\\framework\\src\\Illuminate\\Pipeline\\Pipeline.php(180): Illuminate\\Routing\\Router->{closure:Illuminate\\Routing\\Router::runRouteWithinStack():821}()
#9 C:\\Web2Proyecto\\proyectolaravel\\example-app\\vendor\\laravel\\framework\\src\\Illuminate\\Routing\\Middleware\\SubstituteBindings.php(50): Illuminate\\Pipeline\\Pipeline->{closure:Illuminate\\Pipeline\\Pipeline::prepareDestination():178}()
#10 C:\\Web2Proyecto\\proyectolaravel\\example-app\\vendor\\laravel\\framework\\src\\Illuminate\\Pipeline\\Pipeline.php(219): Illuminate\\Routing\\Middleware\\SubstituteBindings->handle()
#11 C:\\Web2Proyecto\\proyectolaravel\\example-app\\vendor\\laravel\\framework\\src\\Illuminate\\Pipeline\\Pipeline.php(137): Illuminate\\Pipeline\\Pipeline->{closure:{closure:Illuminate\\Pipeline\\Pipeline::carry():194}:195}()
#12 C:\\Web2Proyecto\\proyectolaravel\\example-app\\vendor\\laravel\\framework\\src\\Illuminate\\Routing\\Router.php(821): Illuminate\\Pipeline\\Pipeline->then()
#13 C:\\Web2Proyecto\\proyectolaravel\\example-app\\vendor\\laravel\\framework\\src\\Illuminate\\Routing\\Router.php(800): Illuminate\\Routing\\Router->runRouteWithinStack()
#14 C:\\Web2Proyecto\\proyectolaravel\\example-app\\vendor\\laravel\\framework\\src\\Illuminate\\Routing\\Router.php(764): Illuminate\\Routing\\Router->runRoute()
#15 C:\\Web2Proyecto\\proyectolaravel\\example-app\\vendor\\laravel\\framework\\src\\Illuminate\\Routing\\Router.php(753): Illuminate\\Routing\\Router->dispatchToRoute()
#16 C:\\Web2Proyecto\\proyectolaravel\\example-app\\vendor\\laravel\\framework\\src\\Illuminate\\Foundation\\Http\\Kernel.php(200): Illuminate\\Routing\\Router->dispatch()
#17 C:\\Web2Proyecto\\proyectolaravel\\example-app\\vendor\\laravel\\framework\\src\\Illuminate\\Pipeline\\Pipeline.php(180): Illuminate\\Foundation\\Http\\Kernel->{closure:Illuminate\\Foundation\\Http\\Kernel::dispatchToRouter():197}()
#18 C:\\Web2Proyecto\\proyectolaravel\\example-app\\vendor\\laravel\\framework\\src\\Illuminate\\Foundation\\Http\\Middleware\\TransformsRequest.php(21): Illuminate\\Pipeline\\Pipeline->{closure:Illuminate\\Pipeline\\Pipeline::prepareDestination():178}()
#19 C:\\Web2Proyecto\\proyectolaravel\\example-app\\vendor\\laravel\\framework\\src\\Illuminate\\Foundation\\Http\\Middleware\\ConvertEmptyStringsToNull.php(31): Illuminate\\Foundation\\Http\\Middleware\\TransformsRequest->handle()
#20 C:\\Web2Proyecto\\proyectolaravel\\example-app\\vendor\\laravel\\framework\\src\\Illuminate\\Pipeline\\Pipeline.php(219): Illuminate\\Foundation\\Http\\Middleware\\ConvertEmptyStringsToNull->handle()
#21 C:\\Web2Proyecto\\proyectolaravel\\example-app\\vendor\\laravel\\framework\\src\\Illuminate\\Foundation\\Http\\Middleware\\TransformsRequest.php(21): Illuminate\\Pipeline\\Pipeline->{closure:{closure:Illuminate\\Pipeline\\Pipeline::carry():194}:195}()
#22 C:\\Web2Proyecto\\proyectolaravel\\example-app\\vendor\\laravel\\framework\\src\\Illuminate\\Foundation\\Http\\Middleware\\TrimStrings.php(51): Illuminate\\Foundation\\Http\\Middleware\\TransformsRequest->handle()
#23 C:\\Web2Proyecto\\proyectolaravel\\example-app\\vendor\\laravel\\framework\\src\\Illuminate\\Pipeline\\Pipeline.php(219): Illuminate\\Foundation\\Http\\Middleware\\TrimStrings->handle()
#24 C:\\Web2Proyecto\\proyectolaravel\\example-app\\vendor\\laravel\\framework\\src\\Illuminate\\Http\\Middleware\\ValidatePostSize.php(27): Illuminate\\Pipeline\\Pipeline->{closure:{closure:Illuminate\\Pipeline\\Pipeline::carry():194}:195}()
#25 C:\\Web2Proyecto\\proyectolaravel\\example-app\\vendor\\laravel\\framework\\src\\Illuminate\\Pipeline\\Pipeline.php(219): Illuminate\\Http\\Middleware\\ValidatePostSize->handle()
#26 C:\\Web2Proyecto\\proyectolaravel\\example-app\\vendor\\laravel\\framework\\src\\Illuminate\\Foundation\\Http\\Middleware\\PreventRequestsDuringMaintenance.php(109): Illuminate\\Pipeline\\Pipeline->{closure:{closure:Illuminate\\Pipeline\\Pipeline::carry():194}:195}()
#27 C:\\Web2Proyecto\\proyectolaravel\\example-app\\vendor\\laravel\\framework\\src\\Illuminate\\Pipeline\\Pipeline.php(219): Illuminate\\Foundation\\Http\\Middleware\\PreventRequestsDuringMaintenance->handle()
#28 C:\\Web2Proyecto\\proyectolaravel\\example-app\\vendor\\laravel\\framework\\src\\Illuminate\\Http\\Middleware\\HandleCors.php(61): Illuminate\\Pipeline\\Pipeline->{closure:{closure:Illuminate\\Pipeline\\Pipeline::carry():194}:195}()
#29 C:\\Web2Proyecto\\proyectolaravel\\example-app\\vendor\\laravel\\framework\\src\\Illuminate\\Pipeline\\Pipeline.php(219): Illuminate\\Http\\Middleware\\HandleCors->handle()
#30 C:\\Web2Proyecto\\proyectolaravel\\example-app\\vendor\\laravel\\framework\\src\\Illuminate\\Http\\Middleware\\TrustProxies.php(58): Illuminate\\Pipeline\\Pipeline->{closure:{closure:Illuminate\\Pipeline\\Pipeline::carry():194}:195}()
#31 C:\\Web2Proyecto\\proyectolaravel\\example-app\\vendor\\laravel\\framework\\src\\Illuminate\\Pipeline\\Pipeline.php(219): Illuminate\\Http\\Middleware\\TrustProxies->handle()
#32 C:\\Web2Proyecto\\proyectolaravel\\example-app\\vendor\\laravel\\framework\\src\\Illuminate\\Foundation\\Http\\Middleware\\InvokeDeferredCallbacks.php(22): Illuminate\\Pipeline\\Pipeline->{closure:{closure:Illuminate\\Pipeline\\Pipeline::carry():194}:195}()
#33 C:\\Web2Proyecto\\proyectolaravel\\example-app\\vendor\\laravel\\framework\\src\\Illuminate\\Pipeline\\Pipeline.php(219): Illuminate\\Foundation\\Http\\Middleware\\InvokeDeferredCallbacks->handle()
#34 C:\\Web2Proyecto\\proyectolaravel\\example-app\\vendor\\laravel\\framework\\src\\Illuminate\\Http\\Middleware\\ValidatePathEncoding.php(26): Illuminate\\Pipeline\\Pipeline->{closure:{closure:Illuminate\\Pipeline\\Pipeline::carry():194}:195}()
#35 C:\\Web2Proyecto\\proyectolaravel\\example-app\\vendor\\laravel\\framework\\src\\Illuminate\\Pipeline\\Pipeline.php(219): Illuminate\\Http\\Middleware\\ValidatePathEncoding->handle()
#36 C:\\Web2Proyecto\\proyectolaravel\\example-app\\vendor\\laravel\\framework\\src\\Illuminate\\Pipeline\\Pipeline.php(137): Illuminate\\Pipeline\\Pipeline->{closure:{closure:Illuminate\\Pipeline\\Pipeline::carry():194}:195}()
#37 C:\\Web2Proyecto\\proyectolaravel\\example-app\\vendor\\laravel\\framework\\src\\Illuminate\\Foundation\\Http\\Kernel.php(175): Illuminate\\Pipeline\\Pipeline->then()
#38 C:\\Web2Proyecto\\proyectolaravel\\example-app\\vendor\\laravel\\framework\\src\\Illuminate\\Foundation\\Http\\Kernel.php(144): Illuminate\\Foundation\\Http\\Kernel->sendRequestThroughRouter()
#39 C:\\Web2Proyecto\\proyectolaravel\\example-app\\vendor\\laravel\\framework\\src\\Illuminate\\Foundation\\Application.php(1220): Illuminate\\Foundation\\Http\\Kernel->handle()
#40 C:\\Web2Proyecto\\proyectolaravel\\example-app\\public\\index.php(20): Illuminate\\Foundation\\Application->handleRequest()
#41 C:\\Web2Proyecto\\proyectolaravel\\example-app\\vendor\\laravel\\framework\\src\\Illuminate\\Foundation\\resources\\server.php(23): require_once('...')
#42 {main}

[previous exception] [object] (ReflectionException(code: -1): Class \"App\\Http\\Controllers\\Api\\ProductorController\" does not exist at C:\\Web2Proyecto\\proyectolaravel\\example-app\\vendor\\laravel\\framework\\src\\Illuminate\\Container\\Container.php:1161)
[stacktrace]
#0 C:\\Web2Proyecto\\proyectolaravel\\example-app\\vendor\\laravel\\framework\\src\\Illuminate\\Container\\Container.php(1161): ReflectionClass->__construct()
#1 C:\\Web2Proyecto\\proyectolaravel\\example-app\\vendor\\laravel\\framework\\src\\Illuminate\\Container\\Container.php(972): Illuminate\\Container\\Container->build()
#2 C:\\Web2Proyecto\\proyectolaravel\\example-app\\vendor\\laravel\\framework\\src\\Illuminate\\Foundation\\Application.php(1078): Illuminate\\Container\\Container->resolve()
#3 C:\\Web2Proyecto\\proyectolaravel\\example-app\\vendor\\laravel\\framework\\src\\Illuminate\\Container\\Container.php(903): Illuminate\\Foundation\\Application->resolve()
#4 C:\\Web2Proyecto\\proyectolaravel\\example-app\\vendor\\laravel\\framework\\src\\Illuminate\\Foundation\\Application.php(1058): Illuminate\\Container\\Container->make()
#5 C:\\Web2Proyecto\\proyectolaravel\\example-app\\vendor\\laravel\\framework\\src\\Illuminate\\Routing\\Route.php(286): Illuminate\\Foundation\\Application->make()
#6 C:\\Web2Proyecto\\proyectolaravel\\example-app\\vendor\\laravel\\framework\\src\\Illuminate\\Routing\\Route.php(266): Illuminate\\Routing\\Route->getController()
#7 C:\\Web2Proyecto\\proyectolaravel\\example-app\\vendor\\laravel\\framework\\src\\Illuminate\\Routing\\Route.php(211): Illuminate\\Routing\\Route->runController()
#8 C:\\Web2Proyecto\\proyectolaravel\\example-app\\vendor\\laravel\\framework\\src\\Illuminate\\Routing\\Router.php(822): Illuminate\\Routing\\Route->run()
#9 C:\\Web2Proyecto\\proyectolaravel\\example-app\\vendor\\laravel\\framework\\src\\Illuminate\\Pipeline\\Pipeline.php(180): Illuminate\\Routing\\Router->{closure:Illuminate\\Routing\\Router::runRouteWithinStack():821}()
#10 C:\\Web2Proyecto\\proyectolaravel\\example-app\\vendor\\laravel\\framework\\src\\Illuminate\\Routing\\Middleware\\SubstituteBindings.php(50): Illuminate\\Pipeline\\Pipeline->{closure:Illuminate\\Pipeline\\Pipeline::prepareDestination():178}()
#11 C:\\Web2Proyecto\\proyectolaravel\\example-app\\vendor\\laravel\\framework\\src\\Illuminate\\Pipeline\\Pipeline.php(219): Illuminate\\Routing\\Middleware\\SubstituteBindings->handle()
#12 C:\\Web2Proyecto\\proyectolaravel\\example-app\\vendor\\laravel\\framework\\src\\Illuminate\\Pipeline\\Pipeline.php(137): Illuminate\\Pipeline\\Pipeline->{closure:{closure:Illuminate\\Pipeline\\Pipeline::carry():194}:195}()
#13 C:\\Web2Proyecto\\proyectolaravel\\example-app\\vendor\\laravel\\framework\\src\\Illuminate\\Routing\\Router.php(821): Illuminate\\Pipeline\\Pipeline->then()
#14 C:\\Web2Proyecto\\proyectolaravel\\example-app\\vendor\\laravel\\framework\\src\\Illuminate\\Routing\\Router.php(800): Illuminate\\Routing\\Router->runRouteWithinStack()
#15 C:\\Web2Proyecto\\proyectolaravel\\example-app\\vendor\\laravel\\framework\\src\\Illuminate\\Routing\\Router.php(764): Illuminate\\Routing\\Router->runRoute()
#16 C:\\Web2Proyecto\\proyectolaravel\\example-app\\vendor\\laravel\\framework\\src\\Illuminate\\Routing\\Router.php(753): Illuminate\\Routing\\Router->dispatchToRoute()
#17 C:\\Web2Proyecto\\proyectolaravel\\example-app\\vendor\\laravel\\framework\\src\\Illuminate\\Foundation\\Http\\Kernel.php(200): Illuminate\\Routing\\Router->dispatch()
#18 C:\\Web2Proyecto\\proyectolaravel\\example-app\\vendor\\laravel\\framework\\src\\Illuminate\\Pipeline\\Pipeline.php(180): Illuminate\\Foundation\\Http\\Kernel->{closure:Illuminate\\Foundation\\Http\\Kernel::dispatchToRouter():197}()
#19 C:\\Web2Proyecto\\proyectolaravel\\example-app\\vendor\\laravel\\framework\\src\\Illuminate\\Foundation\\Http\\Middleware\\TransformsRequest.php(21): Illuminate\\Pipeline\\Pipeline->{closure:Illuminate\\Pipeline\\Pipeline::prepareDestination():178}()
#20 C:\\Web2Proyecto\\proyectolaravel\\example-app\\vendor\\laravel\\framework\\src\\Illuminate\\Foundation\\Http\\Middleware\\ConvertEmptyStringsToNull.php(31): Illuminate\\Foundation\\Http\\Middleware\\TransformsRequest->handle()
#21 C:\\Web2Proyecto\\proyectolaravel\\example-app\\vendor\\laravel\\framework\\src\\Illuminate\\Pipeline\\Pipeline.php(219): Illuminate\\Foundation\\Http\\Middleware\\ConvertEmptyStringsToNull->handle()
#22 C:\\Web2Proyecto\\proyectolaravel\\example-app\\vendor\\laravel\\framework\\src\\Illuminate\\Foundation\\Http\\Middleware\\TransformsRequest.php(21): Illuminate\\Pipeline\\Pipeline->{closure:{closure:Illuminate\\Pipeline\\Pipeline::carry():194}:195}()
#23 C:\\Web2Proyecto\\proyectolaravel\\example-app\\vendor\\laravel\\framework\\src\\Illuminate\\Foundation\\Http\\Middleware\\TrimStrings.php(51): Illuminate\\Foundation\\Http\\Middleware\\TransformsRequest->handle()
#24 C:\\Web2Proyecto\\proyectolaravel\\example-app\\vendor\\laravel\\framework\\src\\Illuminate\\Pipeline\\Pipeline.php(219): Illuminate\\Foundation\\Http\\Middleware\\TrimStrings->handle()
#25 C:\\Web2Proyecto\\proyectolaravel\\example-app\\vendor\\laravel\\framework\\src\\Illuminate\\Http\\Middleware\\ValidatePostSize.php(27): Illuminate\\Pipeline\\Pipeline->{closure:{closure:Illuminate\\Pipeline\\Pipeline::carry():194}:195}()
#26 C:\\Web2Proyecto\\proyectolaravel\\example-app\\vendor\\laravel\\framework\\src\\Illuminate\\Pipeline\\Pipeline.php(219): Illuminate\\Http\\Middleware\\ValidatePostSize->handle()
#27 C:\\Web2Proyecto\\proyectolaravel\\example-app\\vendor\\laravel\\framework\\src\\Illuminate\\Foundation\\Http\\Middleware\\PreventRequestsDuringMaintenance.php(109): Illuminate\\Pipeline\\Pipeline->{closure:{closure:Illuminate\\Pipeline\\Pipeline::carry():194}:195}()
#28 C:\\Web2Proyecto\\proyectolaravel\\example-app\\vendor\\laravel\\framework\\src\\Illuminate\\Pipeline\\Pipeline.php(219): Illuminate\\Foundation\\Http\\Middleware\\PreventRequestsDuringMaintenance->handle()
#29 C:\\Web2Proyecto\\proyectolaravel\\example-app\\vendor\\laravel\\framework\\src\\Illuminate\\Http\\Middleware\\HandleCors.php(61): Illuminate\\Pipeline\\Pipeline->{closure:{closure:Illuminate\\Pipeline\\Pipeline::carry():194}:195}()
#30 C:\\Web2Proyecto\\proyectolaravel\\example-app\\vendor\\laravel\\framework\\src\\Illuminate\\Pipeline\\Pipeline.php(219): Illuminate\\Http\\Middleware\\HandleCors->handle()
#31 C:\\Web2Proyecto\\proyectolaravel\\example-app\\vendor\\laravel\\framework\\src\\Illuminate\\Http\\Middleware\\TrustProxies.php(58): Illuminate\\Pipeline\\Pipeline->{closure:{closure:Illuminate\\Pipeline\\Pipeline::carry():194}:195}()
#32 C:\\Web2Proyecto\\proyectolaravel\\example-app\\vendor\\laravel\\framework\\src\\Illuminate\\Pipeline\\Pipeline.php(219): Illuminate\\Http\\Middleware\\TrustProxies->handle()
#33 C:\\Web2Proyecto\\proyectolaravel\\example-app\\vendor\\laravel\\framework\\src\\Illuminate\\Foundation\\Http\\Middleware\\InvokeDeferredCallbacks.php(22): Illuminate\\Pipeline\\Pipeline->{closure:{closure:Illuminate\\Pipeline\\Pipeline::carry():194}:195}()
#34 C:\\Web2Proyecto\\proyectolaravel\\example-app\\vendor\\laravel\\framework\\src\\Illuminate\\Pipeline\\Pipeline.php(219): Illuminate\\Foundation\\Http\\Middleware\\InvokeDeferredCallbacks->handle()
#35 C:\\Web2Proyecto\\proyectolaravel\\example-app\\vendor\\laravel\\framework\\src\\Illuminate\\Http\\Middleware\\ValidatePathEncoding.php(26): Illuminate\\Pipeline\\Pipeline->{closure:{closure:Illuminate\\Pipeline\\Pipeline::carry():194}:195}()
#36 C:\\Web2Proyecto\\proyectolaravel\\example-app\\vendor\\laravel\\framework\\src\\Illuminate\\Pipeline\\Pipeline.php(219): Illuminate\\Http\\Middleware\\ValidatePathEncoding->handle()
#37 C:\\Web2Proyecto\\proyectolaravel\\example-app\\vendor\\laravel\\framework\\src\\Illuminate\\Pipeline\\Pipeline.php(137): Illuminate\\Pipeline\\Pipeline->{closure:{closure:Illuminate\\Pipeline\\Pipeline::carry():194}:195}()
#38 C:\\Web2Proyecto\\proyectolaravel\\example-app\\vendor\\laravel\\framework\\src\\Illuminate\\Foundation\\Http\\Kernel.php(175): Illuminate\\Pipeline\\Pipeline->then()
#39 C:\\Web2Proyecto\\proyectolaravel\\example-app\\vendor\\laravel\\framework\\src\\Illuminate\\Foundation\\Http\\Kernel.php(144): Illuminate\\Foundation\\Http\\Kernel->sendRequestThroughRouter()
#40 C:\\Web2Proyecto\\proyectolaravel\\example-app\\vendor\\laravel\\framework\\src\\Illuminate\\Foundation\\Application.php(1220): Illuminate\\Foundation\\Http\\Kernel->handle()
#41 C:\\Web2Proyecto\\proyectolaravel\\example-app\\public\\index.php(20): Illuminate\\Foundation\\Application->handleRequest()
#42 C:\\Web2Proyecto\\proyectolaravel\\example-app\\vendor\\laravel\\framework\\src\\Illuminate\\Foundation\\resources\\server.php(23): require_once('...')
#43 {main}
"} 
[2025-10-17 15:48:49] local.ERROR: Target class [ProductoController] does not exist. {"exception":"[object] (Illuminate\\Contracts\\Container\\BindingResolutionException(code: 0): Target class [ProductoController] does not exist. at C:\\Web2Proyecto\\proyectolaravel\\example-app\\vendor\\laravel\\framework\\src\\Illuminate\\Container\\Container.php:1163)
[stacktrace]
#0 C:\\Web2Proyecto\\proyectolaravel\\example-app\\vendor\\laravel\\framework\\src\\Illuminate\\Container\\Container.php(972): Illuminate\\Container\\Container->build()
#1 C:\\Web2Proyecto\\proyectolaravel\\example-app\\vendor\\laravel\\framework\\src\\Illuminate\\Foundation\\Application.php(1078): Illuminate\\Container\\Container->resolve()
#2 C:\\Web2Proyecto\\proyectolaravel\\example-app\\vendor\\laravel\\framework\\src\\Illuminate\\Container\\Container.php(903): Illuminate\\Foundation\\Application->resolve()
#3 C:\\Web2Proyecto\\proyectolaravel\\example-app\\vendor\\laravel\\framework\\src\\Illuminate\\Foundation\\Application.php(1058): Illuminate\\Container\\Container->make()
#4 C:\\Web2Proyecto\\proyectolaravel\\example-app\\vendor\\laravel\\framework\\src\\Illuminate\\Routing\\Route.php(286): Illuminate\\Foundation\\Application->make()
#5 C:\\Web2Proyecto\\proyectolaravel\\example-app\\vendor\\laravel\\framework\\src\\Illuminate\\Routing\\Route.php(266): Illuminate\\Routing\\Route->getController()
#6 C:\\Web2Proyecto\\proyectolaravel\\example-app\\vendor\\laravel\\framework\\src\\Illuminate\\Routing\\Route.php(211): Illuminate\\Routing\\Route->runController()
#7 C:\\Web2Proyecto\\proyectolaravel\\example-app\\vendor\\laravel\\framework\\src\\Illuminate\\Routing\\Router.php(822): Illuminate\\Routing\\Route->run()
#8 C:\\Web2Proyecto\\proyectolaravel\\example-app\\vendor\\laravel\\framework\\src\\Illuminate\\Pipeline\\Pipeline.php(180): Illuminate\\Routing\\Router->{closure:Illuminate\\Routing\\Router::runRouteWithinStack():821}()
#9 C:\\Web2Proyecto\\proyectolaravel\\example-app\\vendor\\laravel\\framework\\src\\Illuminate\\Routing\\Middleware\\SubstituteBindings.php(50): Illuminate\\Pipeline\\Pipeline->{closure:Illuminate\\Pipeline\\Pipeline::prepareDestination():178}()
#10 C:\\Web2Proyecto\\proyectolaravel\\example-app\\vendor\\laravel\\framework\\src\\Illuminate\\Pipeline\\Pipeline.php(219): Illuminate\\Routing\\Middleware\\SubstituteBindings->handle()
#11 C:\\Web2Proyecto\\proyectolaravel\\example-app\\vendor\\laravel\\framework\\src\\Illuminate\\Pipeline\\Pipeline.php(137): Illuminate\\Pipeline\\Pipeline->{closure:{closure:Illuminate\\Pipeline\\Pipeline::carry():194}:195}()
#12 C:\\Web2Proyecto\\proyectolaravel\\example-app\\vendor\\laravel\\framework\\src\\Illuminate\\Routing\\Router.php(821): Illuminate\\Pipeline\\Pipeline->then()
#13 C:\\Web2Proyecto\\proyectolaravel\\example-app\\vendor\\laravel\\framework\\src\\Illuminate\\Routing\\Router.php(800): Illuminate\\Routing\\Router->runRouteWithinStack()
#14 C:\\Web2Proyecto\\proyectolaravel\\example-app\\vendor\\laravel\\framework\\src\\Illuminate\\Routing\\Router.php(764): Illuminate\\Routing\\Router->runRoute()
#15 C:\\Web2Proyecto\\proyectolaravel\\example-app\\vendor\\laravel\\framework\\src\\Illuminate\\Routing\\Router.php(753): Illuminate\\Routing\\Router->dispatchToRoute()
#16 C:\\Web2Proyecto\\proyectolaravel\\example-app\\vendor\\laravel\\framework\\src\\Illuminate\\Foundation\\Http\\Kernel.php(200): Illuminate\\Routing\\Router->dispatch()
#17 C:\\Web2Proyecto\\proyectolaravel\\example-app\\vendor\\laravel\\framework\\src\\Illuminate\\Pipeline\\Pipeline.php(180): Illuminate\\Foundation\\Http\\Kernel->{closure:Illuminate\\Foundation\\Http\\Kernel::dispatchToRouter():197}()
#18 C:\\Web2Proyecto\\proyectolaravel\\example-app\\vendor\\laravel\\framework\\src\\Illuminate\\Foundation\\Http\\Middleware\\TransformsRequest.php(21): Illuminate\\Pipeline\\Pipeline->{closure:Illuminate\\Pipeline\\Pipeline::prepareDestination():178}()
#19 C:\\Web2Proyecto\\proyectolaravel\\example-app\\vendor\\laravel\\framework\\src\\Illuminate\\Foundation\\Http\\Middleware\\ConvertEmptyStringsToNull.php(31): Illuminate\\Foundation\\Http\\Middleware\\TransformsRequest->handle()
#20 C:\\Web2Proyecto\\proyectolaravel\\example-app\\vendor\\laravel\\framework\\src\\Illuminate\\Pipeline\\Pipeline.php(219): Illuminate\\Foundation\\Http\\Middleware\\ConvertEmptyStringsToNull->handle()
#21 C:\\Web2Proyecto\\proyectolaravel\\example-app\\vendor\\laravel\\framework\\src\\Illuminate\\Foundation\\Http\\Middleware\\TransformsRequest.php(21): Illuminate\\Pipeline\\Pipeline->{closure:{closure:Illuminate\\Pipeline\\Pipeline::carry():194}:195}()
#22 C:\\Web2Proyecto\\proyectolaravel\\example-app\\vendor\\laravel\\framework\\src\\Illuminate\\Foundation\\Http\\Middleware\\TrimStrings.php(51): Illuminate\\Foundation\\Http\\Middleware\\TransformsRequest->handle()
#23 C:\\Web2Proyecto\\proyectolaravel\\example-app\\vendor\\laravel\\framework\\src\\Illuminate\\Pipeline\\Pipeline.php(219): Illuminate\\Foundation\\Http\\Middleware\\TrimStrings->handle()
#24 C:\\Web2Proyecto\\proyectolaravel\\example-app\\vendor\\laravel\\framework\\src\\Illuminate\\Http\\Middleware\\ValidatePostSize.php(27): Illuminate\\Pipeline\\Pipeline->{closure:{closure:Illuminate\\Pipeline\\Pipeline::carry():194}:195}()
#25 C:\\Web2Proyecto\\proyectolaravel\\example-app\\vendor\\laravel\\framework\\src\\Illuminate\\Pipeline\\Pipeline.php(219): Illuminate\\Http\\Middleware\\ValidatePostSize->handle()
#26 C:\\Web2Proyecto\\proyectolaravel\\example-app\\vendor\\laravel\\framework\\src\\Illuminate\\Foundation\\Http\\Middleware\\PreventRequestsDuringMaintenance.php(109): Illuminate\\Pipeline\\Pipeline->{closure:{closure:Illuminate\\Pipeline\\Pipeline::carry():194}:195}()
#27 C:\\Web2Proyecto\\proyectolaravel\\example-app\\vendor\\laravel\\framework\\src\\Illuminate\\Pipeline\\Pipeline.php(219): Illuminate\\Foundation\\Http\\Middleware\\PreventRequestsDuringMaintenance->handle()
#28 C:\\Web2Proyecto\\proyectolaravel\\example-app\\vendor\\laravel\\framework\\src\\Illuminate\\Http\\Middleware\\HandleCors.php(61): Illuminate\\Pipeline\\Pipeline->{closure:{closure:Illuminate\\Pipeline\\Pipeline::carry():194}:195}()
#29 C:\\Web2Proyecto\\proyectolaravel\\example-app\\vendor\\laravel\\framework\\src\\Illuminate\\Pipeline\\Pipeline.php(219): Illuminate\\Http\\Middleware\\HandleCors->handle()
#30 C:\\Web2Proyecto\\proyectolaravel\\example-app\\vendor\\laravel\\framework\\src\\Illuminate\\Http\\Middleware\\TrustProxies.php(58): Illuminate\\Pipeline\\Pipeline->{closure:{closure:Illuminate\\Pipeline\\Pipeline::carry():194}:195}()
#31 C:\\Web2Proyecto\\proyectolaravel\\example-app\\vendor\\laravel\\framework\\src\\Illuminate\\Pipeline\\Pipeline.php(219): Illuminate\\Http\\Middleware\\TrustProxies->handle()
#32 C:\\Web2Proyecto\\proyectolaravel\\example-app\\vendor\\laravel\\framework\\src\\Illuminate\\Foundation\\Http\\Middleware\\InvokeDeferredCallbacks.php(22): Illuminate\\Pipeline\\Pipeline->{closure:{closure:Illuminate\\Pipeline\\Pipeline::carry():194}:195}()
#33 C:\\Web2Proyecto\\proyectolaravel\\example-app\\vendor\\laravel\\framework\\src\\Illuminate\\Pipeline\\Pipeline.php(219): Illuminate\\Foundation\\Http\\Middleware\\InvokeDeferredCallbacks->handle()
#34 C:\\Web2Proyecto\\proyectolaravel\\example-app\\vendor\\laravel\\framework\\src\\Illuminate\\Http\\Middleware\\ValidatePathEncoding.php(26): Illuminate\\Pipeline\\Pipeline->{closure:{closure:Illuminate\\Pipeline\\Pipeline::carry():194}:195}()
#35 C:\\Web2Proyecto\\proyectolaravel\\example-app\\vendor\\laravel\\framework\\src\\Illuminate\\Pipeline\\Pipeline.php(219): Illuminate\\Http\\Middleware\\ValidatePathEncoding->handle()
#36 C:\\Web2Proyecto\\proyectolaravel\\example-app\\vendor\\laravel\\framework\\src\\Illuminate\\Pipeline\\Pipeline.php(137): Illuminate\\Pipeline\\Pipeline->{closure:{closure:Illuminate\\Pipeline\\Pipeline::carry():194}:195}()
#37 C:\\Web2Proyecto\\proyectolaravel\\example-app\\vendor\\laravel\\framework\\src\\Illuminate\\Foundation\\Http\\Kernel.php(175): Illuminate\\Pipeline\\Pipeline->then()
#38 C:\\Web2Proyecto\\proyectolaravel\\example-app\\vendor\\laravel\\framework\\src\\Illuminate\\Foundation\\Http\\Kernel.php(144): Illuminate\\Foundation\\Http\\Kernel->sendRequestThroughRouter()
#39 C:\\Web2Proyecto\\proyectolaravel\\example-app\\vendor\\laravel\\framework\\src\\Illuminate\\Foundation\\Application.php(1220): Illuminate\\Foundation\\Http\\Kernel->handle()
#40 C:\\Web2Proyecto\\proyectolaravel\\example-app\\public\\index.php(20): Illuminate\\Foundation\\Application->handleRequest()
#41 C:\\Web2Proyecto\\proyectolaravel\\example-app\\vendor\\laravel\\framework\\src\\Illuminate\\Foundation\\resources\\server.php(23): require_once('...')
#42 {main}

[previous exception] [object] (ReflectionException(code: -1): Class \"ProductoController\" does not exist at C:\\Web2Proyecto\\proyectolaravel\\example-app\\vendor\\laravel\\framework\\src\\Illuminate\\Container\\Container.php:1161)
[stacktrace]
#0 C:\\Web2Proyecto\\proyectolaravel\\example-app\\vendor\\laravel\\framework\\src\\Illuminate\\Container\\Container.php(1161): ReflectionClass->__construct()
#1 C:\\Web2Proyecto\\proyectolaravel\\example-app\\vendor\\laravel\\framework\\src\\Illuminate\\Container\\Container.php(972): Illuminate\\Container\\Container->build()
#2 C:\\Web2Proyecto\\proyectolaravel\\example-app\\vendor\\laravel\\framework\\src\\Illuminate\\Foundation\\Application.php(1078): Illuminate\\Container\\Container->resolve()
#3 C:\\Web2Proyecto\\proyectolaravel\\example-app\\vendor\\laravel\\framework\\src\\Illuminate\\Container\\Container.php(903): Illuminate\\Foundation\\Application->resolve()
#4 C:\\Web2Proyecto\\proyectolaravel\\example-app\\vendor\\laravel\\framework\\src\\Illuminate\\Foundation\\Application.php(1058): Illuminate\\Container\\Container->make()
#5 C:\\Web2Proyecto\\proyectolaravel\\example-app\\vendor\\laravel\\framework\\src\\Illuminate\\Routing\\Route.php(286): Illuminate\\Foundation\\Application->make()
#6 C:\\Web2Proyecto\\proyectolaravel\\example-app\\vendor\\laravel\\framework\\src\\Illuminate\\Routing\\Route.php(266): Illuminate\\Routing\\Route->getController()
#7 C:\\Web2Proyecto\\proyectolaravel\\example-app\\vendor\\laravel\\framework\\src\\Illuminate\\Routing\\Route.php(211): Illuminate\\Routing\\Route->runController()
#8 C:\\Web2Proyecto\\proyectolaravel\\example-app\\vendor\\laravel\\framework\\src\\Illuminate\\Routing\\Router.php(822): Illuminate\\Routing\\Route->run()
#9 C:\\Web2Proyecto\\proyectolaravel\\example-app\\vendor\\laravel\\framework\\src\\Illuminate\\Pipeline\\Pipeline.php(180): Illuminate\\Routing\\Router->{closure:Illuminate\\Routing\\Router::runRouteWithinStack():821}()
#10 C:\\Web2Proyecto\\proyectolaravel\\example-app\\vendor\\laravel\\framework\\src\\Illuminate\\Routing\\Middleware\\SubstituteBindings.php(50): Illuminate\\Pipeline\\Pipeline->{closure:Illuminate\\Pipeline\\Pipeline::prepareDestination():178}()
#11 C:\\Web2Proyecto\\proyectolaravel\\example-app\\vendor\\laravel\\framework\\src\\Illuminate\\Pipeline\\Pipeline.php(219): Illuminate\\Routing\\Middleware\\SubstituteBindings->handle()
#12 C:\\Web2Proyecto\\proyectolaravel\\example-app\\vendor\\laravel\\framework\\src\\Illuminate\\Pipeline\\Pipeline.php(137): Illuminate\\Pipeline\\Pipeline->{closure:{closure:Illuminate\\Pipeline\\Pipeline::carry():194}:195}()
#13 C:\\Web2Proyecto\\proyectolaravel\\example-app\\vendor\\laravel\\framework\\src\\Illuminate\\Routing\\Router.php(821): Illuminate\\Pipeline\\Pipeline->then()
#14 C:\\Web2Proyecto\\proyectolaravel\\example-app\\vendor\\laravel\\framework\\src\\Illuminate\\Routing\\Router.php(800): Illuminate\\Routing\\Router->runRouteWithinStack()
#15 C:\\Web2Proyecto\\proyectolaravel\\example-app\\vendor\\laravel\\framework\\src\\Illuminate\\Routing\\Router.php(764): Illuminate\\Routing\\Router->runRoute()
#16 C:\\Web2Proyecto\\proyectolaravel\\example-app\\vendor\\laravel\\framework\\src\\Illuminate\\Routing\\Router.php(753): Illuminate\\Routing\\Router->dispatchToRoute()
#17 C:\\Web2Proyecto\\proyectolaravel\\example-app\\vendor\\laravel\\framework\\src\\Illuminate\\Foundation\\Http\\Kernel.php(200): Illuminate\\Routing\\Router->dispatch()
#18 C:\\Web2Proyecto\\proyectolaravel\\example-app\\vendor\\laravel\\framework\\src\\Illuminate\\Pipeline\\Pipeline.php(180): Illuminate\\Foundation\\Http\\Kernel->{closure:Illuminate\\Foundation\\Http\\Kernel::dispatchToRouter():197}()
#19 C:\\Web2Proyecto\\proyectolaravel\\example-app\\vendor\\laravel\\framework\\src\\Illuminate\\Foundation\\Http\\Middleware\\TransformsRequest.php(21): Illuminate\\Pipeline\\Pipeline->{closure:Illuminate\\Pipeline\\Pipeline::prepareDestination():178}()
#20 C:\\Web2Proyecto\\proyectolaravel\\example-app\\vendor\\laravel\\framework\\src\\Illuminate\\Foundation\\Http\\Middleware\\ConvertEmptyStringsToNull.php(31): Illuminate\\Foundation\\Http\\Middleware\\TransformsRequest->handle()
#21 C:\\Web2Proyecto\\proyectolaravel\\example-app\\vendor\\laravel\\framework\\src\\Illuminate\\Pipeline\\Pipeline.php(219): Illuminate\\Foundation\\Http\\Middleware\\ConvertEmptyStringsToNull->handle()
#22 C:\\Web2Proyecto\\proyectolaravel\\example-app\\vendor\\laravel\\framework\\src\\Illuminate\\Foundation\\Http\\Middleware\\TransformsRequest.php(21): Illuminate\\Pipeline\\Pipeline->{closure:{closure:Illuminate\\Pipeline\\Pipeline::carry():194}:195}()
#23 C:\\Web2Proyecto\\proyectolaravel\\example-app\\vendor\\laravel\\framework\\src\\Illuminate\\Foundation\\Http\\Middleware\\TrimStrings.php(51): Illuminate\\Foundation\\Http\\Middleware\\TransformsRequest->handle()
#24 C:\\Web2Proyecto\\proyectolaravel\\example-app\\vendor\\laravel\\framework\\src\\Illuminate\\Pipeline\\Pipeline.php(219): Illuminate\\Foundation\\Http\\Middleware\\TrimStrings->handle()
#25 C:\\Web2Proyecto\\proyectolaravel\\example-app\\vendor\\laravel\\framework\\src\\Illuminate\\Http\\Middleware\\ValidatePostSize.php(27): Illuminate\\Pipeline\\Pipeline->{closure:{closure:Illuminate\\Pipeline\\Pipeline::carry():194}:195}()
#26 C:\\Web2Proyecto\\proyectolaravel\\example-app\\vendor\\laravel\\framework\\src\\Illuminate\\Pipeline\\Pipeline.php(219): Illuminate\\Http\\Middleware\\ValidatePostSize->handle()
#27 C:\\Web2Proyecto\\proyectolaravel\\example-app\\vendor\\laravel\\framework\\src\\Illuminate\\Foundation\\Http\\Middleware\\PreventRequestsDuringMaintenance.php(109): Illuminate\\Pipeline\\Pipeline->{closure:{closure:Illuminate\\Pipeline\\Pipeline::carry():194}:195}()
#28 C:\\Web2Proyecto\\proyectolaravel\\example-app\\vendor\\laravel\\framework\\src\\Illuminate\\Pipeline\\Pipeline.php(219): Illuminate\\Foundation\\Http\\Middleware\\PreventRequestsDuringMaintenance->handle()
#29 C:\\Web2Proyecto\\proyectolaravel\\example-app\\vendor\\laravel\\framework\\src\\Illuminate\\Http\\Middleware\\HandleCors.php(61): Illuminate\\Pipeline\\Pipeline->{closure:{closure:Illuminate\\Pipeline\\Pipeline::carry():194}:195}()
#30 C:\\Web2Proyecto\\proyectolaravel\\example-app\\vendor\\laravel\\framework\\src\\Illuminate\\Pipeline\\Pipeline.php(219): Illuminate\\Http\\Middleware\\HandleCors->handle()
#31 C:\\Web2Proyecto\\proyectolaravel\\example-app\\vendor\\laravel\\framework\\src\\Illuminate\\Http\\Middleware\\TrustProxies.php(58): Illuminate\\Pipeline\\Pipeline->{closure:{closure:Illuminate\\Pipeline\\Pipeline::carry():194}:195}()
#32 C:\\Web2Proyecto\\proyectolaravel\\example-app\\vendor\\laravel\\framework\\src\\Illuminate\\Pipeline\\Pipeline.php(219): Illuminate\\Http\\Middleware\\TrustProxies->handle()
#33 C:\\Web2Proyecto\\proyectolaravel\\example-app\\vendor\\laravel\\framework\\src\\Illuminate\\Foundation\\Http\\Middleware\\InvokeDeferredCallbacks.php(22): Illuminate\\Pipeline\\Pipeline->{closure:{closure:Illuminate\\Pipeline\\Pipeline::carry():194}:195}()
#34 C:\\Web2Proyecto\\proyectolaravel\\example-app\\vendor\\laravel\\framework\\src\\Illuminate\\Pipeline\\Pipeline.php(219): Illuminate\\Foundation\\Http\\Middleware\\InvokeDeferredCallbacks->handle()
#35 C:\\Web2Proyecto\\proyectolaravel\\example-app\\vendor\\laravel\\framework\\src\\Illuminate\\Http\\Middleware\\ValidatePathEncoding.php(26): Illuminate\\Pipeline\\Pipeline->{closure:{closure:Illuminate\\Pipeline\\Pipeline::carry():194}:195}()
#36 C:\\Web2Proyecto\\proyectolaravel\\example-app\\vendor\\laravel\\framework\\src\\Illuminate\\Pipeline\\Pipeline.php(219): Illuminate\\Http\\Middleware\\ValidatePathEncoding->handle()
#37 C:\\Web2Proyecto\\proyectolaravel\\example-app\\vendor\\laravel\\framework\\src\\Illuminate\\Pipeline\\Pipeline.php(137): Illuminate\\Pipeline\\Pipeline->{closure:{closure:Illuminate\\Pipeline\\Pipeline::carry():194}:195}()
#38 C:\\Web2Proyecto\\proyectolaravel\\example-app\\vendor\\laravel\\framework\\src\\Illuminate\\Foundation\\Http\\Kernel.php(175): Illuminate\\Pipeline\\Pipeline->then()
#39 C:\\Web2Proyecto\\proyectolaravel\\example-app\\vendor\\laravel\\framework\\src\\Illuminate\\Foundation\\Http\\Kernel.php(144): Illuminate\\Foundation\\Http\\Kernel->sendRequestThroughRouter()
#40 C:\\Web2Proyecto\\proyectolaravel\\example-app\\vendor\\laravel\\framework\\src\\Illuminate\\Foundation\\Application.php(1220): Illuminate\\Foundation\\Http\\Kernel->handle()
#41 C:\\Web2Proyecto\\proyectolaravel\\example-app\\public\\index.php(20): Illuminate\\Foundation\\Application->handleRequest()
#42 C:\\Web2Proyecto\\proyectolaravel\\example-app\\vendor\\laravel\\framework\\src\\Illuminate\\Foundation\\resources\\server.php(23): require_once('...')
#43 {main}
"} 
[2025-10-17 15:49:42] local.ERROR: Cannot redeclare class App\Http\Controller\Api\CategoriaController (previously declared in C:\Web2Proyecto\proyectolaravel\example-app\app\Http\Controllers\Api\CategoriaController.php:10) {"exception":"[object] (Symfony\\Component\\ErrorHandler\\Error\\FatalError(code: 0): Cannot redeclare class App\\Http\\Controller\\Api\\CategoriaController (previously declared in C:\\Web2Proyecto\\proyectolaravel\\example-app\\app\\Http\\Controllers\\Api\\CategoriaController.php:10) at C:\\Web2Proyecto\\proyectolaravel\\example-app\\app\\Http\\Controllers\\Api\\CategoriaController.php:10)
[stacktrace]
#0 {main}
"} 
[2025-10-17 15:53:13] local.ERROR: Cannot redeclare class App\Http\Controller\Api\CategoriaController (previously declared in C:\Web2Proyecto\proyectolaravel\example-app\app\Http\Controllers\Api\CategoriaController.php:10) {"exception":"[object] (Symfony\\Component\\ErrorHandler\\Error\\FatalError(code: 0): Cannot redeclare class App\\Http\\Controller\\Api\\CategoriaController (previously declared in C:\\Web2Proyecto\\proyectolaravel\\example-app\\app\\Http\\Controllers\\Api\\CategoriaController.php:10) at C:\\Web2Proyecto\\proyectolaravel\\example-app\\app\\Http\\Controllers\\Api\\CategoriaController.php:10)
[stacktrace]
#0 {main}
"} 
[2025-10-17 16:10:49] local.ERROR: Target class [ProductoController] does not exist. {"exception":"[object] (Illuminate\\Contracts\\Container\\BindingResolutionException(code: 0): Target class [ProductoController] does not exist. at C:\\Web2Proyecto\\proyectolaravel\\example-app\\vendor\\laravel\\framework\\src\\Illuminate\\Container\\Container.php:1163)
[stacktrace]
#0 C:\\Web2Proyecto\\proyectolaravel\\example-app\\vendor\\laravel\\framework\\src\\Illuminate\\Container\\Container.php(972): Illuminate\\Container\\Container->build()
#1 C:\\Web2Proyecto\\proyectolaravel\\example-app\\vendor\\laravel\\framework\\src\\Illuminate\\Foundation\\Application.php(1078): Illuminate\\Container\\Container->resolve()
#2 C:\\Web2Proyecto\\proyectolaravel\\example-app\\vendor\\laravel\\framework\\src\\Illuminate\\Container\\Container.php(903): Illuminate\\Foundation\\Application->resolve()
#3 C:\\Web2Proyecto\\proyectolaravel\\example-app\\vendor\\laravel\\framework\\src\\Illuminate\\Foundation\\Application.php(1058): Illuminate\\Container\\Container->make()
#4 C:\\Web2Proyecto\\proyectolaravel\\example-app\\vendor\\laravel\\framework\\src\\Illuminate\\Routing\\Route.php(286): Illuminate\\Foundation\\Application->make()
#5 C:\\Web2Proyecto\\proyectolaravel\\example-app\\vendor\\laravel\\framework\\src\\Illuminate\\Routing\\Route.php(266): Illuminate\\Routing\\Route->getController()
#6 C:\\Web2Proyecto\\proyectolaravel\\example-app\\vendor\\laravel\\framework\\src\\Illuminate\\Routing\\Route.php(211): Illuminate\\Routing\\Route->runController()
#7 C:\\Web2Proyecto\\proyectolaravel\\example-app\\vendor\\laravel\\framework\\src\\Illuminate\\Routing\\Router.php(822): Illuminate\\Routing\\Route->run()
#8 C:\\Web2Proyecto\\proyectolaravel\\example-app\\vendor\\laravel\\framework\\src\\Illuminate\\Pipeline\\Pipeline.php(180): Illuminate\\Routing\\Router->{closure:Illuminate\\Routing\\Router::runRouteWithinStack():821}()
#9 C:\\Web2Proyecto\\proyectolaravel\\example-app\\vendor\\laravel\\framework\\src\\Illuminate\\Routing\\Middleware\\SubstituteBindings.php(50): Illuminate\\Pipeline\\Pipeline->{closure:Illuminate\\Pipeline\\Pipeline::prepareDestination():178}()
#10 C:\\Web2Proyecto\\proyectolaravel\\example-app\\vendor\\laravel\\framework\\src\\Illuminate\\Pipeline\\Pipeline.php(219): Illuminate\\Routing\\Middleware\\SubstituteBindings->handle()
#11 C:\\Web2Proyecto\\proyectolaravel\\example-app\\vendor\\laravel\\framework\\src\\Illuminate\\Pipeline\\Pipeline.php(137): Illuminate\\Pipeline\\Pipeline->{closure:{closure:Illuminate\\Pipeline\\Pipeline::carry():194}:195}()
#12 C:\\Web2Proyecto\\proyectolaravel\\example-app\\vendor\\laravel\\framework\\src\\Illuminate\\Routing\\Router.php(821): Illuminate\\Pipeline\\Pipeline->then()
#13 C:\\Web2Proyecto\\proyectolaravel\\example-app\\vendor\\laravel\\framework\\src\\Illuminate\\Routing\\Router.php(800): Illuminate\\Routing\\Router->runRouteWithinStack()
#14 C:\\Web2Proyecto\\proyectolaravel\\example-app\\vendor\\laravel\\framework\\src\\Illuminate\\Routing\\Router.php(764): Illuminate\\Routing\\Router->runRoute()
#15 C:\\Web2Proyecto\\proyectolaravel\\example-app\\vendor\\laravel\\framework\\src\\Illuminate\\Routing\\Router.php(753): Illuminate\\Routing\\Router->dispatchToRoute()
#16 C:\\Web2Proyecto\\proyectolaravel\\example-app\\vendor\\laravel\\framework\\src\\Illuminate\\Foundation\\Http\\Kernel.php(200): Illuminate\\Routing\\Router->dispatch()
#17 C:\\Web2Proyecto\\proyectolaravel\\example-app\\vendor\\laravel\\framework\\src\\Illuminate\\Pipeline\\Pipeline.php(180): Illuminate\\Foundation\\Http\\Kernel->{closure:Illuminate\\Foundation\\Http\\Kernel::dispatchToRouter():197}()
#18 C:\\Web2Proyecto\\proyectolaravel\\example-app\\vendor\\laravel\\framework\\src\\Illuminate\\Foundation\\Http\\Middleware\\TransformsRequest.php(21): Illuminate\\Pipeline\\Pipeline->{closure:Illuminate\\Pipeline\\Pipeline::prepareDestination():178}()
#19 C:\\Web2Proyecto\\proyectolaravel\\example-app\\vendor\\laravel\\framework\\src\\Illuminate\\Foundation\\Http\\Middleware\\ConvertEmptyStringsToNull.php(31): Illuminate\\Foundation\\Http\\Middleware\\TransformsRequest->handle()
#20 C:\\Web2Proyecto\\proyectolaravel\\example-app\\vendor\\laravel\\framework\\src\\Illuminate\\Pipeline\\Pipeline.php(219): Illuminate\\Foundation\\Http\\Middleware\\ConvertEmptyStringsToNull->handle()
#21 C:\\Web2Proyecto\\proyectolaravel\\example-app\\vendor\\laravel\\framework\\src\\Illuminate\\Foundation\\Http\\Middleware\\TransformsRequest.php(21): Illuminate\\Pipeline\\Pipeline->{closure:{closure:Illuminate\\Pipeline\\Pipeline::carry():194}:195}()
#22 C:\\Web2Proyecto\\proyectolaravel\\example-app\\vendor\\laravel\\framework\\src\\Illuminate\\Foundation\\Http\\Middleware\\TrimStrings.php(51): Illuminate\\Foundation\\Http\\Middleware\\TransformsRequest->handle()
#23 C:\\Web2Proyecto\\proyectolaravel\\example-app\\vendor\\laravel\\framework\\src\\Illuminate\\Pipeline\\Pipeline.php(219): Illuminate\\Foundation\\Http\\Middleware\\TrimStrings->handle()
#24 C:\\Web2Proyecto\\proyectolaravel\\example-app\\vendor\\laravel\\framework\\src\\Illuminate\\Http\\Middleware\\ValidatePostSize.php(27): Illuminate\\Pipeline\\Pipeline->{closure:{closure:Illuminate\\Pipeline\\Pipeline::carry():194}:195}()
#25 C:\\Web2Proyecto\\proyectolaravel\\example-app\\vendor\\laravel\\framework\\src\\Illuminate\\Pipeline\\Pipeline.php(219): Illuminate\\Http\\Middleware\\ValidatePostSize->handle()
#26 C:\\Web2Proyecto\\proyectolaravel\\example-app\\vendor\\laravel\\framework\\src\\Illuminate\\Foundation\\Http\\Middleware\\PreventRequestsDuringMaintenance.php(109): Illuminate\\Pipeline\\Pipeline->{closure:{closure:Illuminate\\Pipeline\\Pipeline::carry():194}:195}()
#27 C:\\Web2Proyecto\\proyectolaravel\\example-app\\vendor\\laravel\\framework\\src\\Illuminate\\Pipeline\\Pipeline.php(219): Illuminate\\Foundation\\Http\\Middleware\\PreventRequestsDuringMaintenance->handle()
#28 C:\\Web2Proyecto\\proyectolaravel\\example-app\\vendor\\laravel\\framework\\src\\Illuminate\\Http\\Middleware\\HandleCors.php(61): Illuminate\\Pipeline\\Pipeline->{closure:{closure:Illuminate\\Pipeline\\Pipeline::carry():194}:195}()
#29 C:\\Web2Proyecto\\proyectolaravel\\example-app\\vendor\\laravel\\framework\\src\\Illuminate\\Pipeline\\Pipeline.php(219): Illuminate\\Http\\Middleware\\HandleCors->handle()
#30 C:\\Web2Proyecto\\proyectolaravel\\example-app\\vendor\\laravel\\framework\\src\\Illuminate\\Http\\Middleware\\TrustProxies.php(58): Illuminate\\Pipeline\\Pipeline->{closure:{closure:Illuminate\\Pipeline\\Pipeline::carry():194}:195}()
#31 C:\\Web2Proyecto\\proyectolaravel\\example-app\\vendor\\laravel\\framework\\src\\Illuminate\\Pipeline\\Pipeline.php(219): Illuminate\\Http\\Middleware\\TrustProxies->handle()
#32 C:\\Web2Proyecto\\proyectolaravel\\example-app\\vendor\\laravel\\framework\\src\\Illuminate\\Foundation\\Http\\Middleware\\InvokeDeferredCallbacks.php(22): Illuminate\\Pipeline\\Pipeline->{closure:{closure:Illuminate\\Pipeline\\Pipeline::carry():194}:195}()
#33 C:\\Web2Proyecto\\proyectolaravel\\example-app\\vendor\\laravel\\framework\\src\\Illuminate\\Pipeline\\Pipeline.php(219): Illuminate\\Foundation\\Http\\Middleware\\InvokeDeferredCallbacks->handle()
#34 C:\\Web2Proyecto\\proyectolaravel\\example-app\\vendor\\laravel\\framework\\src\\Illuminate\\Http\\Middleware\\ValidatePathEncoding.php(26): Illuminate\\Pipeline\\Pipeline->{closure:{closure:Illuminate\\Pipeline\\Pipeline::carry():194}:195}()
#35 C:\\Web2Proyecto\\proyectolaravel\\example-app\\vendor\\laravel\\framework\\src\\Illuminate\\Pipeline\\Pipeline.php(219): Illuminate\\Http\\Middleware\\ValidatePathEncoding->handle()
#36 C:\\Web2Proyecto\\proyectolaravel\\example-app\\vendor\\laravel\\framework\\src\\Illuminate\\Pipeline\\Pipeline.php(137): Illuminate\\Pipeline\\Pipeline->{closure:{closure:Illuminate\\Pipeline\\Pipeline::carry():194}:195}()
#37 C:\\Web2Proyecto\\proyectolaravel\\example-app\\vendor\\laravel\\framework\\src\\Illuminate\\Foundation\\Http\\Kernel.php(175): Illuminate\\Pipeline\\Pipeline->then()
#38 C:\\Web2Proyecto\\proyectolaravel\\example-app\\vendor\\laravel\\framework\\src\\Illuminate\\Foundation\\Http\\Kernel.php(144): Illuminate\\Foundation\\Http\\Kernel->sendRequestThroughRouter()
#39 C:\\Web2Proyecto\\proyectolaravel\\example-app\\vendor\\laravel\\framework\\src\\Illuminate\\Foundation\\Application.php(1220): Illuminate\\Foundation\\Http\\Kernel->handle()
#40 C:\\Web2Proyecto\\proyectolaravel\\example-app\\public\\index.php(20): Illuminate\\Foundation\\Application->handleRequest()
#41 C:\\Web2Proyecto\\proyectolaravel\\example-app\\vendor\\laravel\\framework\\src\\Illuminate\\Foundation\\resources\\server.php(23): require_once('...')
#42 {main}

[previous exception] [object] (ReflectionException(code: -1): Class \"ProductoController\" does not exist at C:\\Web2Proyecto\\proyectolaravel\\example-app\\vendor\\laravel\\framework\\src\\Illuminate\\Container\\Container.php:1161)
[stacktrace]
#0 C:\\Web2Proyecto\\proyectolaravel\\example-app\\vendor\\laravel\\framework\\src\\Illuminate\\Container\\Container.php(1161): ReflectionClass->__construct()
#1 C:\\Web2Proyecto\\proyectolaravel\\example-app\\vendor\\laravel\\framework\\src\\Illuminate\\Container\\Container.php(972): Illuminate\\Container\\Container->build()
#2 C:\\Web2Proyecto\\proyectolaravel\\example-app\\vendor\\laravel\\framework\\src\\Illuminate\\Foundation\\Application.php(1078): Illuminate\\Container\\Container->resolve()
#3 C:\\Web2Proyecto\\proyectolaravel\\example-app\\vendor\\laravel\\framework\\src\\Illuminate\\Container\\Container.php(903): Illuminate\\Foundation\\Application->resolve()
#4 C:\\Web2Proyecto\\proyectolaravel\\example-app\\vendor\\laravel\\framework\\src\\Illuminate\\Foundation\\Application.php(1058): Illuminate\\Container\\Container->make()
#5 C:\\Web2Proyecto\\proyectolaravel\\example-app\\vendor\\laravel\\framework\\src\\Illuminate\\Routing\\Route.php(286): Illuminate\\Foundation\\Application->make()
#6 C:\\Web2Proyecto\\proyectolaravel\\example-app\\vendor\\laravel\\framework\\src\\Illuminate\\Routing\\Route.php(266): Illuminate\\Routing\\Route->getController()
#7 C:\\Web2Proyecto\\proyectolaravel\\example-app\\vendor\\laravel\\framework\\src\\Illuminate\\Routing\\Route.php(211): Illuminate\\Routing\\Route->runController()
#8 C:\\Web2Proyecto\\proyectolaravel\\example-app\\vendor\\laravel\\framework\\src\\Illuminate\\Routing\\Router.php(822): Illuminate\\Routing\\Route->run()
#9 C:\\Web2Proyecto\\proyectolaravel\\example-app\\vendor\\laravel\\framework\\src\\Illuminate\\Pipeline\\Pipeline.php(180): Illuminate\\Routing\\Router->{closure:Illuminate\\Routing\\Router::runRouteWithinStack():821}()
#10 C:\\Web2Proyecto\\proyectolaravel\\example-app\\vendor\\laravel\\framework\\src\\Illuminate\\Routing\\Middleware\\SubstituteBindings.php(50): Illuminate\\Pipeline\\Pipeline->{closure:Illuminate\\Pipeline\\Pipeline::prepareDestination():178}()
#11 C:\\Web2Proyecto\\proyectolaravel\\example-app\\vendor\\laravel\\framework\\src\\Illuminate\\Pipeline\\Pipeline.php(219): Illuminate\\Routing\\Middleware\\SubstituteBindings->handle()
#12 C:\\Web2Proyecto\\proyectolaravel\\example-app\\vendor\\laravel\\framework\\src\\Illuminate\\Pipeline\\Pipeline.php(137): Illuminate\\Pipeline\\Pipeline->{closure:{closure:Illuminate\\Pipeline\\Pipeline::carry():194}:195}()
#13 C:\\Web2Proyecto\\proyectolaravel\\example-app\\vendor\\laravel\\framework\\src\\Illuminate\\Routing\\Router.php(821): Illuminate\\Pipeline\\Pipeline->then()
#14 C:\\Web2Proyecto\\proyectolaravel\\example-app\\vendor\\laravel\\framework\\src\\Illuminate\\Routing\\Router.php(800): Illuminate\\Routing\\Router->runRouteWithinStack()
#15 C:\\Web2Proyecto\\proyectolaravel\\example-app\\vendor\\laravel\\framework\\src\\Illuminate\\Routing\\Router.php(764): Illuminate\\Routing\\Router->runRoute()
#16 C:\\Web2Proyecto\\proyectolaravel\\example-app\\vendor\\laravel\\framework\\src\\Illuminate\\Routing\\Router.php(753): Illuminate\\Routing\\Router->dispatchToRoute()
#17 C:\\Web2Proyecto\\proyectolaravel\\example-app\\vendor\\laravel\\framework\\src\\Illuminate\\Foundation\\Http\\Kernel.php(200): Illuminate\\Routing\\Router->dispatch()
#18 C:\\Web2Proyecto\\proyectolaravel\\example-app\\vendor\\laravel\\framework\\src\\Illuminate\\Pipeline\\Pipeline.php(180): Illuminate\\Foundation\\Http\\Kernel->{closure:Illuminate\\Foundation\\Http\\Kernel::dispatchToRouter():197}()
#19 C:\\Web2Proyecto\\proyectolaravel\\example-app\\vendor\\laravel\\framework\\src\\Illuminate\\Foundation\\Http\\Middleware\\TransformsRequest.php(21): Illuminate\\Pipeline\\Pipeline->{closure:Illuminate\\Pipeline\\Pipeline::prepareDestination():178}()
#20 C:\\Web2Proyecto\\proyectolaravel\\example-app\\vendor\\laravel\\framework\\src\\Illuminate\\Foundation\\Http\\Middleware\\ConvertEmptyStringsToNull.php(31): Illuminate\\Foundation\\Http\\Middleware\\TransformsRequest->handle()
#21 C:\\Web2Proyecto\\proyectolaravel\\example-app\\vendor\\laravel\\framework\\src\\Illuminate\\Pipeline\\Pipeline.php(219): Illuminate\\Foundation\\Http\\Middleware\\ConvertEmptyStringsToNull->handle()
#22 C:\\Web2Proyecto\\proyectolaravel\\example-app\\vendor\\laravel\\framework\\src\\Illuminate\\Foundation\\Http\\Middleware\\TransformsRequest.php(21): Illuminate\\Pipeline\\Pipeline->{closure:{closure:Illuminate\\Pipeline\\Pipeline::carry():194}:195}()
#23 C:\\Web2Proyecto\\proyectolaravel\\example-app\\vendor\\laravel\\framework\\src\\Illuminate\\Foundation\\Http\\Middleware\\TrimStrings.php(51): Illuminate\\Foundation\\Http\\Middleware\\TransformsRequest->handle()
#24 C:\\Web2Proyecto\\proyectolaravel\\example-app\\vendor\\laravel\\framework\\src\\Illuminate\\Pipeline\\Pipeline.php(219): Illuminate\\Foundation\\Http\\Middleware\\TrimStrings->handle()
#25 C:\\Web2Proyecto\\proyectolaravel\\example-app\\vendor\\laravel\\framework\\src\\Illuminate\\Http\\Middleware\\ValidatePostSize.php(27): Illuminate\\Pipeline\\Pipeline->{closure:{closure:Illuminate\\Pipeline\\Pipeline::carry():194}:195}()
#26 C:\\Web2Proyecto\\proyectolaravel\\example-app\\vendor\\laravel\\framework\\src\\Illuminate\\Pipeline\\Pipeline.php(219): Illuminate\\Http\\Middleware\\ValidatePostSize->handle()
#27 C:\\Web2Proyecto\\proyectolaravel\\example-app\\vendor\\laravel\\framework\\src\\Illuminate\\Foundation\\Http\\Middleware\\PreventRequestsDuringMaintenance.php(109): Illuminate\\Pipeline\\Pipeline->{closure:{closure:Illuminate\\Pipeline\\Pipeline::carry():194}:195}()
#28 C:\\Web2Proyecto\\proyectolaravel\\example-app\\vendor\\laravel\\framework\\src\\Illuminate\\Pipeline\\Pipeline.php(219): Illuminate\\Foundation\\Http\\Middleware\\PreventRequestsDuringMaintenance->handle()
#29 C:\\Web2Proyecto\\proyectolaravel\\example-app\\vendor\\laravel\\framework\\src\\Illuminate\\Http\\Middleware\\HandleCors.php(61): Illuminate\\Pipeline\\Pipeline->{closure:{closure:Illuminate\\Pipeline\\Pipeline::carry():194}:195}()
#30 C:\\Web2Proyecto\\proyectolaravel\\example-app\\vendor\\laravel\\framework\\src\\Illuminate\\Pipeline\\Pipeline.php(219): Illuminate\\Http\\Middleware\\HandleCors->handle()
#31 C:\\Web2Proyecto\\proyectolaravel\\example-app\\vendor\\laravel\\framework\\src\\Illuminate\\Http\\Middleware\\TrustProxies.php(58): Illuminate\\Pipeline\\Pipeline->{closure:{closure:Illuminate\\Pipeline\\Pipeline::carry():194}:195}()
#32 C:\\Web2Proyecto\\proyectolaravel\\example-app\\vendor\\laravel\\framework\\src\\Illuminate\\Pipeline\\Pipeline.php(219): Illuminate\\Http\\Middleware\\TrustProxies->handle()
#33 C:\\Web2Proyecto\\proyectolaravel\\example-app\\vendor\\laravel\\framework\\src\\Illuminate\\Foundation\\Http\\Middleware\\InvokeDeferredCallbacks.php(22): Illuminate\\Pipeline\\Pipeline->{closure:{closure:Illuminate\\Pipeline\\Pipeline::carry():194}:195}()
#34 C:\\Web2Proyecto\\proyectolaravel\\example-app\\vendor\\laravel\\framework\\src\\Illuminate\\Pipeline\\Pipeline.php(219): Illuminate\\Foundation\\Http\\Middleware\\InvokeDeferredCallbacks->handle()
#35 C:\\Web2Proyecto\\proyectolaravel\\example-app\\vendor\\laravel\\framework\\src\\Illuminate\\Http\\Middleware\\ValidatePathEncoding.php(26): Illuminate\\Pipeline\\Pipeline->{closure:{closure:Illuminate\\Pipeline\\Pipeline::carry():194}:195}()
#36 C:\\Web2Proyecto\\proyectolaravel\\example-app\\vendor\\laravel\\framework\\src\\Illuminate\\Pipeline\\Pipeline.php(219): Illuminate\\Http\\Middleware\\ValidatePathEncoding->handle()
#37 C:\\Web2Proyecto\\proyectolaravel\\example-app\\vendor\\laravel\\framework\\src\\Illuminate\\Pipeline\\Pipeline.php(137): Illuminate\\Pipeline\\Pipeline->{closure:{closure:Illuminate\\Pipeline\\Pipeline::carry():194}:195}()
#38 C:\\Web2Proyecto\\proyectolaravel\\example-app\\vendor\\laravel\\framework\\src\\Illuminate\\Foundation\\Http\\Kernel.php(175): Illuminate\\Pipeline\\Pipeline->then()
#39 C:\\Web2Proyecto\\proyectolaravel\\example-app\\vendor\\laravel\\framework\\src\\Illuminate\\Foundation\\Http\\Kernel.php(144): Illuminate\\Foundation\\Http\\Kernel->sendRequestThroughRouter()
#40 C:\\Web2Proyecto\\proyectolaravel\\example-app\\vendor\\laravel\\framework\\src\\Illuminate\\Foundation\\Application.php(1220): Illuminate\\Foundation\\Http\\Kernel->handle()
#41 C:\\Web2Proyecto\\proyectolaravel\\example-app\\public\\index.php(20): Illuminate\\Foundation\\Application->handleRequest()
#42 C:\\Web2Proyecto\\proyectolaravel\\example-app\\vendor\\laravel\\framework\\src\\Illuminate\\Foundation\\resources\\server.php(23): require_once('...')
#43 {main}
"} 
[2025-10-17 16:13:51] local.ERROR: Cannot redeclare class App\Http\Controller\Api\ProductorController (previously declared in C:\Web2Proyecto\proyectolaravel\example-app\app\Http\Controllers\Api\productoController.php:10) {"exception":"[object] (Symfony\\Component\\ErrorHandler\\Error\\FatalError(code: 0): Cannot redeclare class App\\Http\\Controller\\Api\\ProductorController (previously declared in C:\\Web2Proyecto\\proyectolaravel\\example-app\\app\\Http\\Controllers\\Api\\productoController.php:10) at C:\\Web2Proyecto\\proyectolaravel\\example-app\\app\\Http\\Controllers\\Api\\productoController.php:10)
[stacktrace]
#0 {main}
"} 
[2025-10-17 16:15:18] local.ERROR: Cannot redeclare class App\Http\Controller\Api\ProductoController (previously declared in C:\Web2Proyecto\proyectolaravel\example-app\app\Http\Controllers\Api\productoController.php:10) {"exception":"[object] (Symfony\\Component\\ErrorHandler\\Error\\FatalError(code: 0): Cannot redeclare class App\\Http\\Controller\\Api\\ProductoController (previously declared in C:\\Web2Proyecto\\proyectolaravel\\example-app\\app\\Http\\Controllers\\Api\\productoController.php:10) at C:\\Web2Proyecto\\proyectolaravel\\example-app\\app\\Http\\Controllers\\Api\\productoController.php:10)
[stacktrace]
#0 {main}
"} 
[2025-10-17 16:17:15] local.ERROR: Cannot redeclare class App\Http\Controller\Api\ProductoController (previously declared in C:\Web2Proyecto\proyectolaravel\example-app\app\Http\Controllers\Api\productoController.php:10) {"exception":"[object] (Symfony\\Component\\ErrorHandler\\Error\\FatalError(code: 0): Cannot redeclare class App\\Http\\Controller\\Api\\ProductoController (previously declared in C:\\Web2Proyecto\\proyectolaravel\\example-app\\app\\Http\\Controllers\\Api\\productoController.php:10) at C:\\Web2Proyecto\\proyectolaravel\\example-app\\app\\Http\\Controllers\\Api\\productoController.php:10)
[stacktrace]
#0 {main}
"} 
[2025-10-17 16:19:11] local.ERROR: Cannot redeclare class App\Http\Controller\Api\ProductoController (previously declared in C:\Web2Proyecto\proyectolaravel\example-app\app\Http\Controllers\Api\productoController.php:10) {"exception":"[object] (Symfony\\Component\\ErrorHandler\\Error\\FatalError(code: 0): Cannot redeclare class App\\Http\\Controller\\Api\\ProductoController (previously declared in C:\\Web2Proyecto\\proyectolaravel\\example-app\\app\\Http\\Controllers\\Api\\productoController.php:10) at C:\\Web2Proyecto\\proyectolaravel\\example-app\\app\\Http\\Controllers\\Api\\productoController.php:10)
[stacktrace]
#0 {main}
"} 
[2025-10-17 16:20:18] local.ERROR: Cannot redeclare class App\Http\Controller\Api\ProductoController (previously declared in C:\Web2Proyecto\proyectolaravel\example-app\app\Http\Controllers\Api\productoController.php:10) {"exception":"[object] (Symfony\\Component\\ErrorHandler\\Error\\FatalError(code: 0): Cannot redeclare class App\\Http\\Controller\\Api\\ProductoController (previously declared in C:\\Web2Proyecto\\proyectolaravel\\example-app\\app\\Http\\Controllers\\Api\\productoController.php:10) at C:\\Web2Proyecto\\proyectolaravel\\example-app\\app\\Http\\Controllers\\Api\\productoController.php:10)
[stacktrace]
#0 {main}
"} 
[2025-10-17 16:21:31] local.ERROR: Cannot redeclare class App\Http\Controllers\Api\ProductoControllers (previously declared in C:\Web2Proyecto\proyectolaravel\example-app\app\Http\Controllers\Api\productoController.php:10) {"exception":"[object] (Symfony\\Component\\ErrorHandler\\Error\\FatalError(code: 0): Cannot redeclare class App\\Http\\Controllers\\Api\\ProductoControllers (previously declared in C:\\Web2Proyecto\\proyectolaravel\\example-app\\app\\Http\\Controllers\\Api\\productoController.php:10) at C:\\Web2Proyecto\\proyectolaravel\\example-app\\app\\Http\\Controllers\\Api\\productoController.php:10)
[stacktrace]
#0 {main}
"} 
